Unique ID,Cu,Zn,U,baseline_score,baseline_class,baseline_rank
013L781002,43.46,44.0,0.3,0.12350420313407134,1,617.0
013L781003,49.32,45.1,0.3,0.11781409152082889,1,570.0
013L781004,33.34,51.4,0.3,0.16997662138484648,1,1231.0
013L781005,26.07,51.1,0.6,0.1941201753221245,1,2113.0
013L781007,21.4,45.4,0.3,0.1842907607524274,1,1646.0
013L781008,18.91,37.3,0.3,0.18170191693160948,1,1522.0
013L781009,16.14,36.2,0.3,0.18598835449122597,1,1706.0
013L781010,21.2,49.2,0.9,0.20307644647184359,1,2689.0
013L781011,13.11,27.5,3.0,0.1494723877031549,1,874.0
013L781012,18.6,63.2,0.5,0.21281932221334943,1,3299.0
013L781014,13.43,101.4,0.5,0.19319470258796134,1,2054.0
013L781015,11.8,35.3,0.4,0.18532273457935655,1,1680.0
013L781016,20.33,93.6,1.0,0.21364007429062726,1,3326.0
013L781017,19.25,66.9,0.6,0.20450380047081546,1,2809.0
013L781018,18.11,114.3,0.8,0.206359910804496,1,2935.0
013L781019,9.1,58.6,0.3,0.19648491813921576,1,2243.0
013L781020,20.44,76.6,0.6,0.20561224624720925,1,2885.0
013L781022,14.86,90.9,0.6,0.19853893397673428,1,2396.0
013L781023,29.89,108.3,1.5,0.2073821298261161,1,3012.0
013L781024,18.21,75.5,1.5,0.21772235605864132,1,3419.0
013L781025,18.25,51.3,1.0,0.2147663862317749,1,3358.0
013L781026,13.67,53.1,0.3,0.1993004101659701,1,2443.0
013L781027,21.14,52.2,0.3,0.19497234039997208,1,2165.0
013L781028,16.55,75.2,0.5,0.20698536428710534,1,2980.0
013L781030,17.88,89.3,0.4,0.20968056179690686,1,3160.0
013L781032,14.06,44.7,0.4,0.1981070861832086,1,2366.0
013L781033,19.38,48.2,0.5,0.2021556949895455,1,2647.0
013L781034,15.9,53.9,0.3,0.20665847246085833,1,2952.0
013L781035,14.41,62.4,0.4,0.20361263451469447,1,2736.0
013L781036,15.74,55.5,0.5,0.21190802154568988,1,3264.0
013L781037,16.25,63.2,0.4,0.20998212886863316,1,3178.0
013L781038,19.6,152.6,0.4,0.1687960566194624,1,1204.0
013L781039,14.65,148.2,0.3,0.1578951845672576,1,1004.0
013L781040,12.15,131.7,1.1,0.1776106797630353,1,1406.0
013L781042,17.1,21.3,0.3,0.14874476031013334,1,863.0
013L781043,15.78,43.1,0.9,0.20612783981553723,1,2922.0
013L781044,21.39,29.2,0.3,0.15033117256275386,1,887.0
013L781045,16.28,50.2,2.6,0.20737008123453587,1,3010.0
013L781046,13.01,32.6,5.0,0.14970456913233315,1,879.0
013L781047,9.63,47.8,2.5,0.19162874958909987,1,1959.0
013L781048,12.93,43.3,5.8,0.15161502524397275,1,902.0
013L781049,12.6,56.4,1.7,0.2146150522477484,1,3355.0
013L781050,41.18,54.1,5.3,0.14792238118230672,1,851.0
013L781051,24.28,80.0,8.7,0.13490759099458272,1,723.0
013L781052,30.41,121.0,1.2,0.20416942565148594,1,2776.0
013L781054,63.19,149.0,3.3,0.13876406504203204,1,757.0
013L781056,44.23,97.4,2.8,0.19087425668275804,1,1920.0
013L781057,54.55,130.9,27.2,-0.045017016979967406,-1,107.0
013L781058,21.96,123.6,2.0,0.20271734988665385,1,2679.0
013L781059,22.5,12.8,0.6,0.13227341285060168,1,690.0
013L781060,8.15,32.5,1.8,0.17700382444499624,1,1389.0
013L781062,24.31,134.0,0.4,0.1761575501563079,1,1366.0
013L781063,12.74,49.9,0.9,0.2046210370920134,1,2819.0
013L781064,22.7,38.7,3.7,0.17109528554524134,1,1259.0
013L781065,10.88,58.8,0.3,0.19508771214306658,1,2170.0
013L781066,19.69,36.0,0.3,0.1783820500563652,1,1432.0
013L781067,12.28,61.8,0.2,0.18916434040052538,1,1831.0
013L781069,13.79,82.6,0.4,0.20445318406469598,1,2800.0
013L781070,11.83,43.4,0.3,0.19212765264301768,1,1982.0
013L781071,51.05,31.2,0.8,0.10693748560766025,1,500.0
013L781073,13.33,21.6,0.2,0.13527933148452742,1,724.0
013L781074,21.28,22.2,0.9,0.14769926702261704,1,848.0
013L781075,6.14,32.8,2.3,0.14659872629656445,1,836.0
013L781076,46.09,96.0,2.2,0.19222575040124107,1,1986.0
013L781077,26.67,25.3,1.0,0.15460169650154115,1,944.0
013L781078,11.96,68.3,3.9,0.1854189431265001,1,1684.0
013L781079,25.18,31.1,1.1,0.17388385185454897,1,1316.0
013L781080,10.47,62.1,0.7,0.2033803583504465,1,2718.0
013L781082,13.57,68.6,0.9,0.2036658932532766,1,2742.0
013L781083,16.02,86.5,1.4,0.21603167868714557,1,3393.0
013L781084,16.95,52.1,5.5,0.17377989600606275,1,1315.0
013L781086,21.33,61.8,0.9,0.20681106327268983,1,2967.0
013L781087,12.28,62.1,0.8,0.20738381784833054,1,3013.0
013L781088,13.35,49.2,2.0,0.20378161759744118,1,2751.0
013L781089,16.07,58.0,2.9,0.2094734218391499,1,3146.0
013L781090,14.85,33.7,0.8,0.18405775828546178,1,1628.0
013L781091,7.81,98.9,2.8,0.17828027326810947,1,1426.0
013L781092,45.28,166.1,6.2,0.1382605244761997,1,751.0
013L781093,50.3,122.5,12.3,0.07366460733794178,1,368.0
013L781094,12.44,43.8,2.0,0.19656746776092732,1,2252.0
013L781096,7.64,110.5,3.2,0.17184382744802956,1,1277.0
013L781097,28.51,90.6,1.4,0.2075530583783392,1,3026.0
013L781098,12.05,27.7,0.4,0.1614194477469582,1,1057.0
013L781099,18.26,57.2,0.5,0.2136325756558065,1,3324.0
013L781100,10.98,82.8,0.4,0.19850995475076028,1,2395.0
013L781102,6.99,34.4,0.3,0.15759447788277509,1,995.0
013L781103,10.36,44.5,0.5,0.1987449156121756,1,2411.0
013L781104,9.25,20.8,0.3,0.1381951897887117,1,749.0
013L781105,30.97,33.5,0.7,0.1629425048268025,1,1087.0
013L781107,25.87,26.1,0.5,0.15069646340299125,1,891.0
013L781108,22.59,41.9,0.4,0.17928792428215806,1,1459.0
013L781109,20.64,62.2,0.6,0.2048548879879057,1,2834.0
013L781110,16.41,67.8,0.4,0.20339258147194655,1,2719.0
013L781111,22.07,61.2,0.5,0.2023605420436853,1,2662.0
013L781112,16.45,68.8,0.3,0.20002542899975168,1,2485.0
013L781114,14.49,55.7,0.5,0.20675413341705434,1,2959.0
013L781115,11.5,72.7,0.3,0.19283516305880666,1,2028.0
013L781116,20.18,87.0,0.4,0.20429682384079229,1,2786.0
013L781117,20.04,98.7,0.4,0.20101819337629961,1,2565.0
013L781118,15.48,199.0,0.3,0.13111202699377655,1,675.0
013L781119,18.8,196.7,0.5,0.14374210128056408,1,802.0
013L781120,15.39,115.6,0.5,0.1908473251045386,1,1919.0
013L781122,8.85,154.6,0.3,0.1471590971584789,1,845.0
013L781123,11.4,198.8,0.6,0.1135908671169431,1,547.0
013L781125,13.76,140.6,0.7,0.16651975091085797,1,1157.0
013L781126,17.51,194.0,0.4,0.14573969239987622,1,822.0
013L781127,16.86,211.7,0.6,0.134042236714014,1,709.0
013L781128,11.91,177.1,0.4,0.12952657946697943,1,663.0
013L781129,13.01,240.2,0.6,0.09345604912493072,1,432.0
013L781130,12.92,187.5,0.4,0.13208228424567842,1,689.0
013L781131,9.59,147.9,2.6,0.16206973987149959,1,1070.0
013L781133,8.72,105.1,0.6,0.1792625251211935,1,1457.0
013L781134,14.57,308.8,0.6,0.04276948793167634,1,260.0
013L781135,17.65,297.3,0.8,0.07362269891774298,1,367.0
013L781136,14.8,167.0,0.9,0.15492541223692297,1,951.0
013L781137,16.37,95.4,0.7,0.2079387866713332,1,3056.0
013L781138,16.74,195.0,0.5,0.14234632835975264,1,789.0
013L781139,19.25,222.5,0.5,0.12430826884961843,1,621.0
013L781140,7.6,117.3,0.4,0.16667754551690472,1,1162.0
013L781142,19.54,241.4,0.4,0.11023017410613029,1,520.0
013L781143,10.78,97.9,0.8,0.1946652318214077,1,2147.0
013L781144,11.6,120.0,0.5,0.18231564405493816,1,1549.0
013L781145,9.9,104.0,0.4,0.18244254535563842,1,1560.0
013L781147,6.66,80.6,0.9,0.172120178508048,1,1284.0
013L781148,19.14,230.8,0.6,0.12204052295803125,1,603.0
013L781149,12.44,139.7,5.5,0.1439873573615838,1,804.0
013L781150,17.37,135.1,2.0,0.19646412694770876,1,2240.0
013L781151,25.91,298.5,0.8,0.06671427081879067,1,334.0
013L781152,11.81,244.8,9.1,0.022709555767412293,1,214.0
013L781153,5.76,104.5,3.9,0.14095179867510443,1,781.0
013L781154,9.73,187.7,1.2,0.1333141341012768,1,706.0
013L781156,11.81,92.1,0.7,0.20326181328509663,1,2708.0
013L781157,19.18,167.7,0.4,0.15541731972325407,1,963.0
013L781158,8.34,134.4,0.4,0.15653971309672715,1,975.0
013L781159,8.12,151.1,0.4,0.14955821469220565,1,876.0
013L781160,8.19,141.4,0.7,0.1524617310200277,1,910.0
013L781162,11.36,338.6,0.9,0.01707445604831148,1,202.0
013L781163,9.44,244.3,0.8,0.07994367709641215,1,387.0
013L781164,10.9,270.6,1.0,0.06918260459666303,1,343.0
013L781165,10.15,274.7,1.4,0.06057256540970102,1,307.0
013L781166,14.42,292.7,1.6,0.0694361628859681,1,345.0
013L781167,14.46,350.8,1.3,0.023237121856095055,1,215.0
013L781168,15.55,170.0,1.1,0.1705813976817222,1,1249.0
013L781169,9.0,178.3,1.5,0.14039512508363472,1,776.0
013L781171,10.98,261.6,1.4,0.07348196001436225,1,366.0
013L781172,10.98,243.2,1.0,0.08465331533983245,1,404.0
013L781173,11.99,194.1,0.5,0.11723861714352146,1,565.0
013L781174,8.62,179.2,0.6,0.12412275520133387,1,620.0
013L781175,7.43,236.9,0.6,0.07339679324000181,1,365.0
013L781176,8.01,243.6,0.7,0.0679155007700546,1,339.0
013L781177,11.86,235.5,0.9,0.09638114054627867,1,449.0
013L781179,8.44,219.8,0.8,0.09405414834286518,1,437.0
013L781180,7.27,352.5,0.7,-0.00978515434834637,-1,153.0
013L783002,12.59,194.5,1.4,0.1332547563121,1,704.0
013L783003,7.34,90.4,0.7,0.18229338364553127,1,1548.0
013L783004,12.26,120.8,0.8,0.18777042129103788,1,1775.0
013L783006,9.35,194.6,0.5,0.1100504299398426,1,519.0
013L783007,8.37,113.0,0.9,0.17834469286032073,1,1429.0
013L783009,5.13,83.6,0.3,0.15540708630391042,1,961.0
013L783010,6.13,52.8,0.4,0.17240186226741,1,1290.0
013L783012,7.99,71.4,1.6,0.1977568467237853,1,2340.0
013L783013,8.21,98.5,2.8,0.18065761750704967,1,1497.0
013L783014,6.72,76.9,3.7,0.16277335887762034,1,1080.0
013L783015,8.59,134.6,0.7,0.15896539646631191,1,1024.0
013L783016,6.42,95.3,1.5,0.16882177436244866,1,1207.0
013L783017,7.6,93.0,0.7,0.1854778569654193,1,1687.0
013L783018,9.41,88.4,0.7,0.19601470119060965,1,2221.0
013L783019,8.29,130.8,0.2,0.14874803999854447,1,864.0
013L783020,9.53,51.9,1.1,0.20442560275652116,1,2798.0
013L783022,16.24,130.8,0.5,0.18208401983495076,1,1535.0
013L783023,18.13,207.7,0.8,0.1452851305884425,1,816.0
013L783024,11.98,190.3,0.6,0.12431969254715713,1,622.0
013L783025,13.14,232.8,0.9,0.10025669056531461,1,465.0
013L783026,15.16,169.8,0.9,0.15950725058420268,1,1035.0
013L783028,13.81,198.1,0.8,0.12972185715173984,1,666.0
013L783029,12.07,92.3,1.1,0.20479705098120643,1,2831.0
013L783030,9.36,70.2,0.3,0.19040937507933597,1,1896.0
013L783031,9.75,112.6,0.5,0.17687127879677877,1,1383.0
013L783032,8.85,77.1,1.0,0.20174436250424166,1,2621.0
013L783033,26.48,103.5,1.6,0.20943812652373361,1,3141.0
013L783034,11.49,106.6,0.7,0.1931404228878894,1,2052.0
013L783036,39.88,149.1,2.1,0.19397544872996042,1,2104.0
013L783037,17.02,129.6,1.1,0.20112583346552992,1,2574.0
013L783038,17.4,140.5,2.1,0.19255894689427844,1,2010.0
013L783039,20.39,107.9,1.5,0.21024398802192207,1,3185.0
013L783040,24.39,139.2,2.0,0.19136244539939562,1,1942.0
013L783042,25.84,170.8,3.7,0.1684058532236355,1,1197.0
013L783043,20.7,123.6,3.9,0.19331393663317115,1,2064.0
013L783044,15.99,115.5,2.0,0.2051825481546068,1,2857.0
013L783046,25.1,167.8,1.9,0.18082427597927875,1,1501.0
013L783047,23.66,114.0,1.6,0.2090734607845744,1,3126.0
013L783049,43.26,224.1,3.6,0.10888878634344257,1,508.0
013L783050,15.65,73.6,0.6,0.20662703067637223,1,2948.0
013L783051,18.55,71.9,1.0,0.21705829813854638,1,3410.0
013L783052,18.11,81.6,0.7,0.2144258881749036,1,3349.0
013L783053,20.19,100.4,0.6,0.20028659002749188,1,2502.0
013L783054,29.13,76.3,1.2,0.2043032394566464,1,2787.0
013L783055,34.15,81.4,1.4,0.19869531666492135,1,2406.0
013L783056,31.97,99.3,1.7,0.20953773939443204,1,3152.0
013L783057,19.22,81.6,3.4,0.20634061844091467,1,2933.0
013L783058,28.39,143.2,3.3,0.18778317869048794,1,1776.0
013L783059,25.9,68.2,1.9,0.2108527116372545,1,3211.0
013L783060,19.17,72.1,0.9,0.20839240552623578,1,3082.0
013L783062,13.82,73.1,1.1,0.20830532030587495,1,3075.0
013L783063,20.01,130.8,2.0,0.19914778203650668,1,2436.0
013L783065,20.7,101.0,0.8,0.20767590514940631,1,3040.0
013L783066,14.22,115.3,0.6,0.18488540389501623,1,1665.0
013L783067,17.24,91.0,0.9,0.21280317900095608,1,3297.0
013L783069,14.83,112.2,0.5,0.18518183223173879,1,1675.0
013L783070,43.83,81.2,0.9,0.17152454608133594,1,1270.0
013L783071,10.23,105.7,0.4,0.182603601792723,1,1568.0
013L783072,11.9,70.8,0.4,0.19899047305206952,1,2428.0
013L783073,7.85,123.0,0.4,0.1645193648529697,1,1122.0
013L783074,9.93,82.1,0.3,0.19399350013805733,1,2105.0
013L783075,11.58,53.1,0.4,0.20442948430650193,1,2799.0
013L783076,9.15,76.0,0.3,0.1928048524303273,1,2025.0
013L783077,15.71,127.1,0.4,0.18482899342420206,1,1663.0
013L783078,16.03,122.3,0.6,0.19244464574284703,1,2003.0
013L783079,7.5,70.4,0.4,0.18499596003651358,1,1667.0
013L783080,7.43,53.7,0.4,0.18987484404298594,1,1867.0
013L783082,8.36,57.6,0.2,0.18908086411258052,1,1826.0
013L783083,8.58,34.6,0.2,0.17193868304784243,1,1280.0
013L783085,18.52,132.1,4.2,0.18298089620009628,1,1584.0
013L783086,18.01,81.3,2.0,0.21502439203094337,1,3363.0
013L783087,18.29,84.5,1.4,0.22010947125160668,1,3433.0
013L783088,26.79,75.8,0.8,0.20658644893675981,1,2946.0
013L783089,17.1,72.9,1.6,0.216655620254122,1,3406.0
013L783090,15.9,88.9,0.6,0.20666873739878994,1,2953.0
013L783091,23.09,116.4,6.6,0.17595241848446808,1,1359.0
013L783092,23.65,113.0,10.6,0.12796761051464883,1,648.0
013L783093,17.25,88.7,19.9,0.01952430444483977,1,206.0
013L783094,17.28,78.1,10.4,0.12163317252626477,1,600.0
013L783095,14.85,101.2,7.2,0.1390430361916078,1,765.0
013L783096,13.84,88.1,71.3,-0.10880837467917581,-1,29.0
013L783097,21.32,116.7,6.7,0.17151619714481076,1,1269.0
013L783099,16.89,77.0,4.1,0.1994989370459465,1,2453.0
013L783100,19.14,116.3,2.7,0.20036669301197496,1,2514.0
013L783102,17.6,97.4,1.2,0.21574137409306093,1,3385.0
013L783103,11.46,79.3,0.5,0.19849640834464782,1,2394.0
013L783105,13.23,66.6,7.1,0.13931429842121745,1,767.0
013L783106,21.07,144.7,0.6,0.17225478774391478,1,1287.0
013L783107,23.81,120.8,0.6,0.1930412221903785,1,2046.0
013L783109,14.13,68.6,0.2,0.18681109367691306,1,1740.0
013L783110,30.98,164.9,1.2,0.17616524580533732,1,1367.0
013L783111,25.68,71.5,1.0,0.20919877526301162,1,3131.0
013L783112,22.32,147.9,1.1,0.18312833942162804,1,1590.0
013L783113,15.14,123.8,0.8,0.188392413152548,1,1803.0
013L783114,12.08,119.6,0.5,0.18437027031405945,1,1649.0
013L783115,19.33,116.0,0.6,0.19461555547150244,1,2142.0
013L783116,10.7,62.9,0.3,0.19361246542740623,1,2078.0
013L783117,31.56,131.7,0.6,0.19274096938525015,1,2020.0
013L783118,20.99,100.1,0.7,0.20580818036654164,1,2893.0
013L783119,17.09,80.6,0.4,0.20823119619566471,1,3071.0
013L783120,13.32,92.2,2.3,0.20131334911390975,1,2584.0
013L783122,19.12,113.9,0.6,0.19862828682312755,1,2403.0
013L783123,17.7,112.3,0.7,0.2036515923114035,1,2740.0
013L783126,11.8,98.3,0.4,0.1940258037242077,1,2108.0
013L783127,8.52,88.3,0.2,0.18144231876836026,1,1515.0
013L783128,27.8,157.0,1.1,0.18585841617555166,1,1702.0
013L783129,17.66,114.0,0.7,0.20334748530315838,1,2713.0
013L783130,13.17,144.7,0.7,0.1653085518209385,1,1135.0
013L783131,13.04,63.3,1.2,0.2109976952962751,1,3219.0
013L783132,16.44,66.4,2.4,0.20831725478868696,1,3077.0
013L783133,16.94,96.3,0.9,0.21132160523351806,1,3235.0
013L783134,15.16,70.1,1.7,0.20894328719048616,1,3116.0
013L783135,13.63,116.6,0.9,0.19113764629137053,1,1936.0
013L783136,16.93,95.4,2.1,0.21121593744047595,1,3232.0
013L783137,14.87,107.3,1.4,0.19684870796884651,1,2271.0
013L783138,19.56,91.4,0.7,0.208988265382494,1,3120.0
013L783139,19.05,96.0,0.4,0.20406720644469983,1,2768.0
013L783140,28.3,63.5,0.5,0.19254679457773122,1,2009.0
013L783142,18.26,65.1,0.4,0.21164749526830468,1,3255.0
013L783143,17.9,65.4,0.2,0.2013791586094652,1,2589.0
013L783145,25.68,90.7,0.5,0.20077188434030085,1,2551.0
013L783146,27.29,151.7,0.7,0.18216517705654123,1,1540.0
013L783147,31.85,164.0,1.0,0.17224588540773245,1,1286.0
013L783148,17.16,72.8,0.6,0.20741042341440968,1,3017.0
013L783149,19.02,128.1,1.3,0.2015925649594026,1,2615.0
013L783150,36.02,76.6,0.6,0.18581236330511963,1,1701.0
013L783151,14.53,203.3,1.5,0.13810489290299965,1,747.0
013L783153,22.99,199.5,1.6,0.15488656231826153,1,949.0
013L783154,32.25,135.0,1.3,0.19428723590090097,1,2122.0
013L783155,22.59,64.0,0.7,0.20597154859763372,1,2908.0
013L783156,9.09,48.7,3.9,0.17857387323505663,1,1435.0
013L783157,59.94,51.4,15.3,-0.009664321025696143,-1,154.0
013L783158,47.99,176.8,2.5,0.1568647915562073,1,984.0
013L783159,26.73,84.1,0.9,0.20727627843773427,1,3004.0
013L783160,23.65,95.1,1.1,0.2149142886447849,1,3362.0
013L783162,46.89,168.1,1.1,0.16109286091251235,1,1052.0
013L783163,60.15,223.3,1.7,0.09154830439148443,1,421.0
013L783165,47.76,58.4,0.8,0.148684463605829,1,861.0
013L783166,27.35,131.2,1.1,0.20021359032079605,1,2495.0
013L783167,71.69,152.6,1.6,0.11722561280301852,1,564.0
013L783168,43.73,124.8,1.1,0.1849571976731504,1,1666.0
013L783169,31.23,76.5,0.8,0.1987337676140179,1,2410.0
013L783170,33.14,164.5,0.9,0.16874996701517836,1,1203.0
013L783171,26.33,127.0,1.1,0.20564681808118057,1,2889.0
013L783172,55.6,106.7,1.6,0.15946605603292308,1,1032.0
013L783173,63.06,106.4,1.3,0.1386520974678092,1,755.0
013L783174,19.66,49.2,1.7,0.2119668623837579,1,3267.0
013L783175,27.26,63.5,4.0,0.19757436767185182,1,2326.0
013L783176,21.08,64.9,1.4,0.21355168033398775,1,3320.0
013L783177,28.69,87.8,4.1,0.19844984685690958,1,2389.0
013L783178,29.63,96.2,2.5,0.21047932602967384,1,3193.0
013L783180,10.98,49.1,0.6,0.19861137752699232,1,2400.0
013L783182,28.85,46.1,1.1,0.18630586462817406,1,1718.0
013L783183,15.16,46.4,0.4,0.19787725040750548,1,2351.0
013L783184,10.23,61.2,0.4,0.20172287816439943,1,2620.0
013L783185,39.81,118.6,1.7,0.19826456590737312,1,2374.0
013L783186,21.37,73.7,1.1,0.2123018018331257,1,3278.0
013L783188,14.32,66.1,2.6,0.20340955497575253,1,2721.0
013L783189,14.52,133.1,2.5,0.18070539076594933,1,1498.0
013L783190,11.36,102.5,1.2,0.20023975376922892,1,2498.0
013L783191,17.79,83.2,0.3,0.207426448191123,1,3018.0
013L783192,25.75,103.9,0.4,0.19421404668679088,1,2117.0
013L783194,10.92,95.6,0.2,0.1795447181186668,1,1465.0
013L783195,13.74,88.6,0.9,0.20366667132327293,1,2743.0
013L783196,16.67,87.0,1.9,0.2139330704837204,1,3333.0
013L783197,37.05,78.0,2.1,0.195050364409256,1,2168.0
013L783198,51.63,114.1,2.1,0.181479611251183,1,1516.0
013L783199,34.93,159.6,2.3,0.18616014373560236,1,1711.0
013L783200,60.74,133.7,7.4,0.11328459409427277,1,544.0
013L783202,29.74,108.9,4.5,0.19888921437068485,1,2418.0
013L783203,14.54,71.3,2.6,0.20473781139220426,1,2826.0
013L783204,28.31,47.5,0.6,0.1824442075780881,1,1561.0
013L783205,26.74,202.5,0.5,0.13674939609536296,1,735.0
013L783206,43.72,84.0,0.5,0.1673505138616248,1,1178.0
013L783208,17.25,110.1,0.5,0.19966200195276418,1,2459.0
013L783209,19.28,71.8,0.6,0.2064419970921213,1,2941.0
013L783210,14.54,63.2,0.3,0.19996746534368487,1,2480.0
013L783211,26.23,56.9,0.4,0.19327978029073384,1,2060.0
013L783212,35.88,78.5,1.0,0.19239813469821065,1,1999.0
013L783213,13.52,73.8,0.6,0.20180343908591003,1,2625.0
013L783215,19.27,75.1,0.9,0.21118699841946614,1,3229.0
013L783216,8.24,39.3,0.3,0.18176339543280562,1,1525.0
013L783217,7.71,53.8,0.3,0.1878348778885498,1,1780.0
013L783218,18.55,56.6,0.6,0.21135345349672718,1,3241.0
013L783219,20.28,90.0,0.6,0.2067794470927159,1,2963.0
013L783220,15.04,60.5,0.6,0.20494759069348406,1,2843.0
013L783222,8.86,53.7,2.2,0.19748191986651586,1,2317.0
013L783223,19.15,57.8,0.3,0.2049606300233886,1,2845.0
013L783224,7.29,107.1,2.1,0.17124107493114177,1,1260.0
013L783226,19.24,43.1,0.4,0.19461747484827807,1,2143.0
013L783228,15.18,49.6,0.4,0.2019096259046148,1,2633.0
013L783229,32.68,64.2,0.8,0.19295881622061106,1,2040.0
013L783230,35.94,65.7,0.8,0.1813731320183108,1,1513.0
013L783231,15.12,75.5,11.4,0.10178471356220248,1,474.0
013L783232,13.6,103.1,0.7,0.19758428976425446,1,2328.0
013L783233,15.39,58.6,1.0,0.21526515494928078,1,3372.0
013L783234,4.33,35.0,0.2,0.13100980440426763,1,674.0
013L783235,9.03,57.0,0.2,0.19004266222714206,1,1874.0
013L783236,12.13,79.3,1.5,0.2085545096029775,1,3096.0
013L783237,12.99,78.0,1.3,0.21433460931791493,1,3343.0
013L783238,16.58,52.5,1.2,0.21386196908377048,1,3331.0
013L783239,27.5,91.6,2.0,0.20993104664987344,1,3176.0
013L783240,14.87,40.7,0.8,0.19452373694360264,1,2135.0
013L783242,13.71,37.9,0.5,0.19159899012766413,1,1956.0
013L783243,14.47,48.1,0.6,0.2004147846879205,1,2521.0
013L783244,16.45,43.3,3.3,0.1901031500668131,1,1878.0
013L783245,8.8,70.9,0.2,0.18402859495407486,1,1624.0
013L783246,8.69,55.0,0.3,0.1945428917400131,1,2137.0
013L783247,13.53,48.9,0.4,0.20361483101978084,1,2737.0
013L783249,15.11,105.0,0.8,0.19643302868409684,1,2239.0
013L783250,4.17,26.4,0.4,0.11106181695647255,1,526.0
013L783251,10.24,44.5,0.3,0.19308448756348645,1,2049.0
013L783252,4.35,41.7,0.4,0.14480076359151833,1,810.0
013L783253,11.9,118.9,2.5,0.18830149896822335,1,1799.0
013L783254,14.31,65.9,0.2,0.19075026559625619,1,1910.0
013L783255,6.71,53.5,0.2,0.16755206188799576,1,1183.0
013L783256,7.66,44.1,1.5,0.1929674402110435,1,2041.0
013L783258,12.07,50.9,8.7,0.106877710254701,1,499.0
013L783259,16.45,78.4,4.6,0.1948114677858569,1,2156.0
013L783260,21.37,51.9,0.5,0.20199035979782587,1,2636.0
013L783262,8.32,90.1,3.8,0.18056717043236453,1,1494.0
013L783263,10.81,72.6,1.2,0.20075726515420805,1,2550.0
013L783264,10.01,55.5,1.0,0.20682449142304943,1,2968.0
013L783266,9.01,48.9,0.6,0.19656670287047417,1,2251.0
013L783267,15.98,117.0,3.1,0.1966831737012567,1,2262.0
013L783268,15.93,91.1,0.9,0.2113361704335447,1,3238.0
013L783269,17.93,88.1,0.7,0.21313982050435143,1,3309.0
013L783271,10.83,53.9,0.5,0.20190402726238466,1,2632.0
013L783272,13.91,52.3,0.6,0.20355048999616793,1,2730.0
013L783273,15.94,135.2,0.5,0.17940748386547928,1,1462.0
013L783274,12.31,50.7,0.2,0.1914273588951762,1,1944.0
013L783275,15.04,76.1,0.6,0.20214760629717937,1,2645.0
013L783276,10.87,40.5,0.6,0.18919870250785298,1,1832.0
013L783277,23.46,47.5,0.6,0.19293399925530796,1,2037.0
013L783278,32.25,44.4,0.8,0.17733632709768155,1,1400.0
013L783279,12.97,42.0,0.9,0.20102440130166233,1,2566.0
013L783280,15.03,62.2,0.5,0.20408777903727626,1,2770.0
013L783282,31.36,16.3,0.7,0.12839196022677618,1,652.0
013L783284,13.59,92.8,0.2,0.18851091215973714,1,1807.0
013L783285,8.29,68.5,0.2,0.17985391812088292,1,1473.0
013L783287,8.86,41.6,0.3,0.18719536097633238,1,1755.0
013L783288,8.05,97.4,0.2,0.17145362333295355,1,1267.0
013L783289,14.16,70.1,4.9,0.18279115840285254,1,1577.0
013L783290,13.27,54.4,0.5,0.20699362667987115,1,2981.0
013L783291,20.14,27.9,0.4,0.1577840373658591,1,1000.0
013L783292,9.73,40.3,5.4,0.14329318603685104,1,801.0
013L783293,9.42,47.1,1.1,0.20151369111806294,1,2604.0
013L783294,10.12,45.2,1.1,0.20451160868216622,1,2812.0
013L783295,17.36,82.2,0.9,0.2159242964229005,1,3391.0
013L783296,16.37,64.5,0.6,0.21029459130814232,1,3188.0
013L783297,12.19,67.7,1.7,0.20790262969770235,1,3054.0
013L783298,12.62,108.0,0.7,0.1983528280957375,1,2380.0
013L783299,20.65,92.3,0.6,0.20451094190841085,1,2811.0
013L783300,13.61,94.3,0.5,0.19946801190224073,1,2451.0
013L783302,19.57,60.1,0.6,0.20740272357534656,1,3016.0
013L783303,12.84,82.6,0.5,0.20530008480044432,1,2865.0
013L783305,14.42,56.8,0.4,0.20562387401056492,1,2886.0
013L783306,9.65,26.6,0.2,0.14592094021046131,1,824.0
013L783308,9.4,30.8,0.3,0.1693571442552428,1,1221.0
013L783309,11.26,20.5,0.2,0.13466527405812245,1,719.0
013L783310,13.17,330.1,0.6,0.029870775681329897,1,227.0
013L783311,6.76,240.6,0.3,0.06272334865696427,1,316.0
013L783312,12.33,225.5,0.5,0.10313181277824823,1,481.0
013L783313,13.63,344.8,0.8,0.02258651923465671,1,213.0
013L783314,18.5,214.2,0.6,0.13280785652363886,1,698.0
013L783315,16.65,48.1,0.7,0.20854386435213568,1,3094.0
013L783316,37.55,131.8,1.2,0.1910348629887158,1,1929.0
013L783317,21.42,88.2,0.7,0.20667781709213373,1,2956.0
013L783318,10.85,53.4,0.8,0.2060323827856128,1,2914.0
013L783319,18.91,55.4,0.9,0.2113827212458368,1,3243.0
013L783320,22.2,53.7,0.9,0.20228848668142946,1,2658.0
013L783322,7.88,32.9,0.6,0.17456519001255377,1,1330.0
013L783323,13.91,45.6,0.5,0.20002387972173513,1,2484.0
013L783324,9.98,42.8,0.3,0.1919679382040883,1,1975.0
013L783325,13.5,57.6,1.9,0.21132498086175644,1,3236.0
013L783326,6.21,36.6,0.4,0.15806950873783637,1,1008.0
013L783327,7.15,32.7,0.2,0.15167919543503472,1,903.0
013L783328,16.07,52.7,0.5,0.21133587289751032,1,3237.0
013L783329,13.02,53.9,0.5,0.20699362667987115,1,2981.0
013L783330,13.1,27.7,0.4,0.16173804886718562,1,1060.0
013L783331,8.6,33.0,0.4,0.1792750879923249,1,1458.0
013L783332,33.16,76.0,2.8,0.1969022223123702,1,2276.0
013L783333,13.69,53.5,0.3,0.1993004101659701,1,2443.0
013L783335,5.96,26.8,1.0,0.12513998209473426,1,627.0
013L783337,7.22,28.7,1.4,0.15293806376786473,1,924.0
013L783338,11.9,47.2,0.3,0.194173688277758,1,2116.0
013L783339,14.01,95.9,0.4,0.19712815753531882,1,2288.0
013L783340,8.79,45.0,0.5,0.19635515651408958,1,2235.0
013L783342,16.09,117.5,0.5,0.19531671996711936,1,2188.0
013L783343,8.69,53.6,0.7,0.20335081494183288,1,2714.0
013L783344,10.66,69.6,0.5,0.1947519742325558,1,2152.0
013L783345,14.27,80.4,0.7,0.20662144967931328,1,2947.0
013L783346,14.52,63.5,0.7,0.2079090772686758,1,3055.0
013L783347,17.69,79.6,0.7,0.212948643635474,1,3302.0
013L783348,15.6,84.3,1.1,0.21560254790747269,1,3382.0
013L783349,15.22,61.3,1.1,0.20758943343890318,1,3031.0
013L783350,26.25,90.0,2.1,0.21202457451066214,1,3268.0
013L783351,15.05,68.5,1.1,0.20628350800351947,1,2931.0
013L783352,9.03,31.0,1.3,0.1822628270836089,1,1545.0
013L783353,13.63,25.8,1.1,0.1612460040838446,1,1053.0
013L783354,10.3,56.3,1.0,0.20856661825865203,1,3097.0
013L783355,9.86,43.1,0.7,0.198976151542422,1,2427.0
013L783356,13.42,65.3,0.9,0.20756559777421713,1,3028.0
013L783357,19.74,75.5,0.5,0.20604391709364084,1,2915.0
013L783359,18.81,62.6,0.6,0.20892618130159918,1,3114.0
013L783362,22.03,78.1,0.6,0.2042300646152187,1,2781.0
013L783363,13.46,81.6,1.0,0.20977865692411535,1,3167.0
013L783364,10.84,50.0,0.7,0.20368259562225727,1,2745.0
013L783366,17.4,93.0,0.8,0.21456904163820817,1,3354.0
013L783367,11.32,60.9,0.9,0.2051164416070973,1,2856.0
013L783368,15.49,112.4,1.6,0.21070248410191067,1,3204.0
013L783370,15.86,79.1,0.9,0.21110286463892414,1,3224.0
013L783371,13.12,91.9,0.9,0.20352584932459689,1,2729.0
013L783372,19.51,44.4,0.7,0.19817886380475525,1,2372.0
013L783373,16.61,80.6,1.7,0.22024191902785206,1,3434.0
013L783374,60.34,144.0,3.5,0.14793402185261784,1,852.0
013L783375,31.99,47.5,1.1,0.18739895386540195,1,1765.0
013L783376,27.88,81.6,2.3,0.21062777730131138,1,3199.0
013L783377,30.59,75.0,2.5,0.20201060219495576,1,2638.0
013L783378,24.52,60.3,2.1,0.2085416735360654,1,3093.0
013L783379,21.88,74.4,2.8,0.20070312548970676,1,2546.0
013L783380,21.71,55.0,1.0,0.20974640137088335,1,3166.0
013L783382,31.03,123.7,1.8,0.20828875897147797,1,3074.0
013L783383,19.69,71.8,1.0,0.21453096863104693,1,3353.0
013L783384,15.24,42.2,1.3,0.19972524139878156,1,2463.0
013L783385,11.14,31.4,0.7,0.17850158189848087,1,1433.0
013L783386,15.43,60.5,0.6,0.2084455595066187,1,3086.0
013L783387,9.09,106.5,1.1,0.1906502933000877,1,1907.0
013L783389,13.26,66.1,0.5,0.2034674011031823,1,2726.0
013L783390,13.92,72.5,0.6,0.20143701656215168,1,2594.0
013L783391,14.78,146.1,1.0,0.17367427782929418,1,1310.0
013L783392,24.57,79.9,2.2,0.21314499479040638,1,3310.0
013L783393,43.86,64.5,3.2,0.16692099352711431,1,1168.0
013L783394,32.76,68.1,1.3,0.1954376056236794,1,2192.0
013L783395,22.8,44.9,1.8,0.19442563140439906,1,2131.0
013L783396,27.12,60.2,4.2,0.1959675715721892,1,2218.0
013L783398,21.13,68.1,1.2,0.20755098746054979,1,3025.0
013M781002,21.53,115.5,10.2,0.12797612432861716,1,649.0
013M781003,25.39,168.2,9.7,0.11287243198019165,1,541.0
013M781004,32.87,82.5,7.4,0.1589470601323255,1,1022.0
013M781006,30.44,133.1,8.8,0.14463885284290878,1,807.0
013M781008,36.17,154.4,15.6,0.050044867541831906,1,280.0
013M781009,44.97,179.9,44.1,-0.10054068405302574,-1,39.0
013M781010,22.89,156.8,4.2,0.17699485771076567,1,1387.0
013M781011,7.74,80.7,0.7,0.19018197276867332,1,1883.0
013M781012,20.05,64.1,2.1,0.21293517263739042,1,3301.0
013M781013,5.65,52.9,2.3,0.16156306847230623,1,1058.0
013M781014,12.85,124.1,3.8,0.17657368948838792,1,1373.0
013M781015,5.48,35.7,1.8,0.15046158989300612,1,888.0
013M781016,20.2,160.1,6.5,0.14522721364709956,1,815.0
013M781017,14.16,68.9,3.3,0.1931142881368168,1,2050.0
013M781018,10.81,58.9,41.5,-0.07456355789785074,-1,63.0
013M781019,20.39,242.5,9.1,0.04589503286023766,1,267.0
013M781020,32.67,173.8,6.4,0.14798558402776535,1,853.0
013M781022,11.95,71.2,1.8,0.20440136885829935,1,2796.0
013M781023,8.06,48.6,2.1,0.19112133964690736,1,1935.0
013M781024,7.41,110.1,1.9,0.1788111682644004,1,1444.0
013M781025,21.98,88.4,3.3,0.20221618382272066,1,2654.0
013M781026,22.35,115.6,3.0,0.19638300977291423,1,2236.0
013M781027,39.29,115.6,4.4,0.1880355220002845,1,1789.0
013M781028,23.56,93.9,9.1,0.1442398472356089,1,805.0
013M781030,34.66,83.0,19.1,0.030904378475529848,1,230.0
013M781031,21.48,81.9,7.5,0.15323720416633607,1,929.0
013M781032,15.32,43.2,1.1,0.2019555594071945,1,2634.0
013M781033,40.47,161.8,4.1,0.16773239877870344,1,1185.0
013M781034,19.77,122.9,2.4,0.20107798741917893,1,2571.0
013M781035,16.13,87.9,1.0,0.21336364158914495,1,3315.0
013M781037,10.9,57.1,8.2,0.11370096370225663,1,549.0
013M781038,8.3,58.6,6.6,0.1377820458349152,1,744.0
013M781039,12.41,112.1,5.4,0.16391357833081938,1,1108.0
013M781040,16.64,61.6,4.5,0.19400196011122273,1,2106.0
013M781042,24.71,87.8,12.4,0.10761618635599446,1,503.0
013M781043,34.0,347.3,14.0,-0.07033782789374843,-1,73.0
013M781044,26.26,144.5,4.4,0.18867926034106047,1,1810.0
013M781045,29.7,197.3,6.6,0.127337676560341,1,645.0
013M781046,26.94,101.2,3.0,0.20499521105380747,1,2850.0
013M781047,42.7,130.5,3.8,0.19387662460450772,1,2097.0
013M781049,25.67,90.4,2.7,0.20794094085784398,1,3057.0
013M781050,37.96,112.7,4.2,0.18889169424065594,1,1817.0
013M781051,60.79,167.6,5.7,0.1197771963099089,1,584.0
013M781052,26.44,209.5,6.8,0.1031037918761577,1,480.0
013M781054,26.0,95.2,7.1,0.17158041664298784,1,1271.0
013M781055,15.74,95.8,3.6,0.200978708169945,1,2562.0
013M781056,19.28,110.6,23.3,-0.009943253411010322,-1,152.0
013M781057,21.53,132.5,19.8,0.0169774863056239,1,201.0
013M781058,24.48,202.2,27.4,-0.07397737911046309,-1,65.0
013M781059,28.55,167.5,72.6,-0.09980340621941153,-1,40.0
013M781060,11.93,94.8,6.8,0.136023932152594,1,727.0
013M781062,27.37,147.2,95.8,-0.10747653616045094,-1,30.0
013M781063,16.01,121.5,65.8,-0.0983963340341878,-1,45.0
013M781065,15.18,111.2,46.5,-0.09047377780449861,-1,53.0
013M781066,17.1,100.2,15.9,0.059802715913739424,1,305.0
013M781068,11.57,94.3,35.6,-0.07107061851422247,-1,71.0
013M781069,11.33,133.4,12.9,0.06459286625856697,1,323.0
013M781070,31.73,311.7,5.3,0.021019956301614684,1,209.0
013M781071,36.2,306.5,6.0,0.02606293499852197,1,218.0
013M781072,20.04,155.7,9.0,0.12042436244617816,1,589.0
013M781073,16.45,175.3,4.0,0.14809181946180572,1,856.0
013M781074,17.87,103.1,6.3,0.17210907832441769,1,1283.0
013M781075,30.62,165.0,3.6,0.17243845248329592,1,1291.0
013M781076,37.18,167.8,4.8,0.16501651690111346,1,1128.0
013M781077,28.35,233.1,3.3,0.10896518497499608,1,510.0
013M781078,22.2,256.6,2.9,0.09107236233494947,1,419.0
013M781079,22.07,146.7,2.5,0.18717003160843582,1,1753.0
013M781080,16.75,118.7,2.5,0.20154287502093737,1,2607.0
013M781082,25.85,78.7,5.8,0.18942128239490974,1,1845.0
013M781083,29.04,141.8,4.3,0.1890217767210216,1,1822.0
013M781084,20.63,290.2,4.8,0.05652549386455108,1,298.0
013M781085,38.16,389.8,12.4,-0.07692757625841884,-1,61.0
013M781087,9.58,110.3,12.0,0.06945169339333868,1,346.0
013M781088,24.98,279.7,8.8,0.013421767265993867,1,192.0
013M781089,19.09,222.9,9.2,0.06405491840979838,1,320.0
013M781090,26.79,201.6,6.1,0.12129920493855034,1,597.0
013M781091,20.76,306.9,12.2,-0.0318024925071686,-1,124.0
013M781092,24.11,152.0,5.4,0.16176851911506346,1,1061.0
013M781093,25.53,175.1,2.8,0.165848833518769,1,1144.0
013M781094,13.36,65.8,1.6,0.21266715643277767,1,3291.0
013M781095,40.26,161.9,8.1,0.12272398004381341,1,607.0
013M781096,11.09,87.3,2.3,0.19833823790518712,1,2379.0
013M781097,19.61,302.7,6.5,0.026400543979788638,1,219.0
013M781099,21.79,293.1,8.0,0.017587225597619605,1,203.0
013M781100,31.28,167.0,5.3,0.16378387443477543,1,1106.0
013M781102,20.94,133.1,4.8,0.18536116342317094,1,1682.0
013M781103,16.24,87.0,4.5,0.19344410723176592,1,2074.0
013M781104,9.94,38.5,1.9,0.19208424057862372,1,1981.0
013M781105,22.16,89.3,6.0,0.18001447045757563,1,1477.0
013M781106,37.53,269.7,8.9,0.02962126947481647,1,226.0
013M781107,25.28,52.1,3.3,0.19875388744763084,1,2413.0
013M781108,68.33,148.4,17.3,-0.005262145120021877,-1,165.0
013M781109,8.6,67.8,2.9,0.18438613018859684,1,1650.0
013M781110,22.05,156.8,7.6,0.1362755490253908,1,730.0
013M781111,35.3,87.7,9.6,0.12967498785039983,1,664.0
013M781112,11.48,85.7,7.7,0.11917653648361431,1,580.0
013M781113,12.63,69.6,4.9,0.17982855170079914,1,1471.0
013M781116,15.76,66.4,4.4,0.19307465799026186,1,2048.0
013M781117,16.05,83.6,4.8,0.19336150593919127,1,2067.0
013M781118,29.75,139.3,4.9,0.1822302418878044,1,1544.0
013M781119,29.83,70.1,3.2,0.18921011890680145,1,1836.0
013M781120,13.72,65.3,2.2,0.20749402503692466,1,3020.0
013M781122,5.17,48.9,1.5,0.16442411520249434,1,1119.0
013M781123,13.92,49.3,2.6,0.20061578348012032,1,2537.0
013M781124,30.57,67.8,1.9,0.19786548726249092,1,2349.0
013M781126,8.71,32.7,0.6,0.17718234817438622,1,1393.0
013M781127,32.74,69.2,2.4,0.1974543123350475,1,2315.0
013M781128,17.75,56.6,1.5,0.21806215093657466,1,3421.0
013M781129,27.03,87.7,1.9,0.2145055556922873,1,3352.0
013M781130,20.77,99.5,1.9,0.21617615184389666,1,3397.0
013M781131,33.28,120.3,2.0,0.20361195416345945,1,2735.0
013M781132,19.76,80.9,2.3,0.2151965426708689,1,3366.0
013M781133,35.5,63.7,5.8,0.1644841353747536,1,1121.0
013M781134,13.78,75.8,8.8,0.11707351482846301,1,562.0
013M781135,8.25,31.7,2.7,0.1633774690045176,1,1096.0
013M781136,11.43,80.9,3.5,0.1943723604471942,1,2127.0
013M781137,9.32,66.7,2.1,0.1945405951941434,1,2136.0
013M781138,2.93,28.4,1.8,0.11106732408692399,1,527.0
013M781140,27.98,69.1,2.5,0.20309740748875377,1,2692.0
013M781142,11.08,64.6,4.3,0.17721184389557143,1,1395.0
013M781143,14.43,86.5,20.8,-0.0003443225779731218,-1,172.0
013M781146,13.42,114.2,4.5,0.17728375497333188,1,1397.0
013M781147,18.28,37.6,2.8,0.18409072901783285,1,1634.0
013M781148,12.95,69.8,2.3,0.20151352370949943,1,2603.0
013M781149,18.03,105.4,1.9,0.20881417596034868,1,3111.0
013M781150,12.58,69.4,1.4,0.20445651431981748,1,2801.0
013M781151,23.25,86.7,2.6,0.21235608757856073,1,3280.0
013M781152,22.04,122.4,1.7,0.20445885420794357,1,2802.0
013M781153,14.28,50.8,2.5,0.20415839888528298,1,2773.0
013M781154,24.75,125.8,7.2,0.15819114936698048,1,1010.0
013M781155,11.05,55.7,3.1,0.19241056155470188,1,2001.0
013M781156,11.57,61.3,4.4,0.17772470383229838,1,1412.0
013M781157,15.08,47.7,1.9,0.19969015309506072,1,2461.0
013M781158,9.38,59.7,1.8,0.20404517458223542,1,2766.0
013M781159,32.53,74.3,7.5,0.15498676640120684,1,953.0
013M781160,17.84,95.4,4.5,0.1975943909058152,1,2329.0
013M781162,24.69,182.1,6.3,0.13590254664738605,1,726.0
013M781163,15.64,86.7,2.8,0.206154118968485,1,2923.0
013M781164,43.42,108.3,4.9,0.17763234841116576,1,1408.0
013M781165,16.23,97.2,1.8,0.21468412338004755,1,3356.0
013M781166,24.81,116.4,5.3,0.1897573172160431,1,1863.0
013M781168,32.64,204.3,13.1,0.04663080951797327,1,269.0
013M781169,33.46,189.3,9.1,0.11166414521207485,1,531.0
013M781170,17.54,118.8,2.1,0.20455097934108807,1,2813.0
013M781171,18.82,57.7,2.5,0.2127276356276136,1,3294.0
013M781173,36.48,194.2,4.8,0.14702489975273558,1,842.0
013M781174,23.82,91.4,6.3,0.1800913223860438,1,1483.0
013M781175,19.64,113.4,2.1,0.20559289628240374,1,2883.0
013M781176,20.1,142.1,1.7,0.1920429690284866,1,1980.0
013M781177,25.63,140.4,3.4,0.1840654918793429,1,1631.0
013M781178,16.87,108.0,1.6,0.2143939986410111,1,3347.0
013M781179,17.6,59.4,1.9,0.2159585469362023,1,3392.0
013M781180,41.04,218.1,5.1,0.11362415383060537,1,548.0
013M781182,49.58,57.5,3.2,0.14664520471255477,1,837.0
013M781183,18.5,71.2,1.9,0.21398321676754567,1,3335.0
013M781184,28.61,160.1,3.8,0.17571652751968503,1,1353.0
013M781185,32.64,141.4,4.8,0.18481911201253282,1,1662.0
013M781186,46.43,355.5,4.9,-0.001280430520317899,-1,170.0
013M781188,17.6,78.2,2.6,0.21355915666223352,1,3322.0
013M781189,23.74,125.9,3.9,0.194760940532283,1,2154.0
013M781190,16.47,71.4,4.6,0.19494461408748237,1,2163.0
013M781191,29.84,133.8,3.6,0.19192762961818438,1,1971.0
013M781192,50.57,99.5,6.3,0.15675944160231658,1,981.0
013M781193,23.23,70.0,3.7,0.19742444617533306,1,2312.0
013M781194,23.97,169.3,7.0,0.13180178492663902,1,685.0
013M781195,21.11,84.3,5.0,0.20006240119418822,1,2489.0
013M781196,31.97,118.6,27.0,-0.026946258786390898,-1,130.0
013M781197,22.84,156.3,10.0,0.10811929588484825,1,504.0
013M781198,16.77,71.5,2.4,0.21194686852750366,1,3266.0
013M781199,63.35,355.5,9.6,-0.05930003735503453,-1,84.0
013M781202,40.96,118.1,8.6,0.13750705147887782,1,740.0
013M781203,22.14,128.4,9.3,0.13635425396736517,1,731.0
013M781204,19.62,42.8,3.1,0.1857838030263162,1,1699.0
013M781205,25.39,85.0,3.9,0.20760262107081717,1,3032.0
013M781206,48.39,92.6,5.1,0.1680401289903874,1,1192.0
013M781207,27.92,28.7,16.8,0.013977339600494965,1,193.0
013M781208,29.81,57.7,7.3,0.1447869783304237,1,809.0
013M781209,55.71,120.1,25.1,-0.026466535702596827,-1,132.0
013M781210,28.61,86.0,17.3,0.051118994053130806,1,285.0
013M781211,19.05,40.0,51.9,-0.09178934492741486,-1,49.0
013M781212,8.64,39.9,5.5,0.13781431380447523,1,745.0
013M781214,27.46,42.8,11.1,0.0902709113480516,1,417.0
013M781215,18.35,68.2,16.8,0.05171942456635337,1,287.0
013M781217,8.56,46.6,13.5,0.04072525066462529,1,251.0
013M781218,5.74,37.7,2.3,0.14603944808514108,1,828.0
013M781219,8.97,69.8,2.5,0.1906415752325702,1,1906.0
013M781220,10.77,63.0,2.8,0.19384402820662694,1,2095.0
013M781222,40.29,74.9,3.3,0.17966461148455154,1,1466.0
013M781223,19.5,60.5,8.7,0.13158247648857047,1,682.0
013M781225,9.35,30.8,6.0,0.11442274275321829,1,550.0
013M781226,25.76,82.8,4.3,0.20831583400810255,1,3076.0
013M781227,18.2,107.0,6.1,0.1728729081107197,1,1295.0
013M781228,6.86,82.9,1.7,0.18248729229572125,1,1563.0
013M781229,29.13,233.6,6.9,0.08353403097901846,1,400.0
013M781230,13.57,75.9,3.6,0.19505805553135724,1,2169.0
013M781231,21.61,267.4,3.7,0.07836405678230296,1,383.0
013M781232,32.86,195.2,3.7,0.15128971026470733,1,899.0
013M781233,18.3,212.4,2.8,0.1403004276270543,1,773.0
013M781234,30.31,181.5,3.2,0.16456389521259635,1,1123.0
013M781236,43.13,314.3,6.2,0.018989772798026605,1,204.0
013M781237,11.94,104.5,1.8,0.20008413801264413,1,2490.0
013M781238,18.49,223.1,2.7,0.12858356258003756,1,655.0
013M781239,22.89,78.9,4.4,0.20037506583992798,1,2516.0
013M781240,19.83,115.2,2.9,0.20034776265876164,1,2511.0
013M781242,11.25,130.5,1.7,0.1834116713188671,1,1600.0
013M781243,13.31,55.7,1.6,0.21440192871733882,1,3348.0
013M781244,18.6,170.4,2.5,0.1688982453622993,1,1211.0
013M781245,26.03,171.1,2.5,0.17890151709933216,1,1445.0
013M781246,16.14,145.9,4.3,0.17145459129565022,1,1268.0
013M781247,20.22,147.8,3.5,0.18335725643210604,1,1596.0
013M781248,14.82,123.9,3.0,0.18376372942799474,1,1609.0
013M781249,12.21,98.1,1.0,0.20311839247191232,1,2694.0
013M781250,9.53,64.7,0.7,0.20422223438201315,1,2779.0
013M781253,9.66,65.2,2.8,0.19328061882983055,1,2061.0
013M781254,10.68,49.0,1.9,0.2021787391527295,1,2648.0
013M781255,17.8,119.4,5.2,0.18163783783832682,1,1519.0
013M781256,25.21,183.1,11.3,0.0870926616996725,1,409.0
013M781257,16.63,97.3,28.2,-0.04579143418587406,-1,104.0
013M781258,7.72,34.1,0.6,0.17556037131637592,1,1349.0
013M781259,9.99,30.7,0.5,0.17861211370357127,1,1436.0
013M781260,10.18,30.1,0.4,0.17517343928703977,1,1341.0
013M781262,8.1,26.8,0.2,0.14210572696936113,1,788.0
013M781263,22.48,66.0,0.3,0.19250841425595766,1,2006.0
013M781264,24.03,32.6,0.3,0.16389704542179356,1,1107.0
013M781265,25.59,149.0,2.6,0.19181668745695718,1,1967.0
013M781266,12.38,46.1,1.4,0.20348954619272264,1,2728.0
013M781268,10.79,26.7,2.2,0.15398285220452057,1,935.0
013M781270,13.59,45.4,1.5,0.20422232938522883,1,2780.0
013M781271,11.12,36.9,0.4,0.18467151226767287,1,1658.0
013M781272,9.78,37.5,0.4,0.18765841100745156,1,1772.0
013M781273,20.76,45.7,0.5,0.1949448191971438,1,2164.0
013M781274,10.33,50.2,0.3,0.196785357445163,1,2266.0
013M781275,27.63,51.5,0.4,0.18504757145042633,1,1669.0
013M781276,23.25,49.1,0.3,0.19230769898195527,1,1991.0
013M781277,13.15,35.8,0.8,0.19289408080259368,1,2033.0
013M781278,66.12,143.6,1.3,0.13666905788977657,1,734.0
013M781279,16.71,64.4,1.1,0.21769776898102822,1,3418.0
013M781280,33.02,185.6,10.4,0.09357599459458582,1,434.0
013M781282,15.65,66.1,2.5,0.20899573711132713,1,3121.0
013M781283,25.81,80.6,7.8,0.14975457334226455,1,880.0
013M781284,11.35,99.5,6.4,0.14518901468848272,1,814.0
013M781286,19.96,137.9,7.8,0.13998422829535878,1,771.0
013M781287,10.63,118.3,16.8,0.018998859613237218,1,205.0
013M781288,9.86,101.0,3.8,0.1767598629107004,1,1380.0
013M781289,9.44,91.9,3.2,0.18336188347744042,1,1598.0
013M781290,18.3,94.8,7.3,0.15600030352287475,1,967.0
013M781291,22.87,124.8,6.1,0.17302396938855152,1,1297.0
013M781293,9.05,79.4,3.8,0.18121921897801574,1,1508.0
013M781294,23.28,146.0,1.0,0.1851941898771382,1,1676.0
013M781295,39.05,155.3,1.0,0.1759650663742779,1,1361.0
013M781296,11.41,111.3,2.0,0.19494013089953283,1,2162.0
013M781297,10.15,118.7,2.1,0.18366729144064142,1,1606.0
013M781298,10.52,80.6,3.5,0.19095375518986296,1,1924.0
013M781299,20.75,162.9,4.2,0.16433592936903324,1,1116.0
013M781300,16.8,88.7,1.8,0.21846365010731267,1,3423.0
013M781302,22.43,178.9,7.7,0.1189464652114452,1,578.0
013M781303,11.86,185.9,3.9,0.12586142170181142,1,632.0
013M781304,15.15,215.4,4.3,0.10671803877375274,1,497.0
013M781305,31.12,187.2,4.6,0.16046326890568097,1,1045.0
013M781307,19.74,189.0,3.3,0.1524175997809777,1,908.0
013M781308,10.51,117.7,2.3,0.184498944398583,1,1653.0
013M781309,19.34,130.5,1.4,0.19519484518054175,1,2174.0
013M781311,16.0,201.8,3.2,0.1388244692315186,1,759.0
013M781312,26.62,250.6,2.8,0.09158151522626107,1,425.0
013M781313,23.12,123.5,4.6,0.1922579083388138,1,1989.0
013M781314,26.06,201.2,10.1,0.08271590776441229,1,398.0
013M781315,17.05,126.2,12.1,0.10449612209555709,1,487.0
013M781316,27.33,256.6,7.8,0.044476895543838824,1,266.0
013M781317,13.4,89.1,5.6,0.16660269093499203,1,1160.0
013M781318,23.26,150.8,5.5,0.16306917728201753,1,1089.0
013M781319,28.87,154.0,6.5,0.16417599162023033,1,1114.0
013M781320,19.18,133.5,10.6,0.11279872205031982,1,540.0
013M781322,25.23,145.8,5.2,0.17083755816192842,1,1253.0
013M781323,26.49,125.6,4.7,0.19568000515402917,1,2201.0
013M781324,41.21,189.6,14.8,0.03939775262911582,1,246.0
013M781325,10.7,106.0,2.5,0.18400294949309015,1,1621.0
013M781326,18.51,151.3,2.3,0.1908747394072703,1,1921.0
013M781327,27.33,106.2,4.2,0.19725899078990994,1,2301.0
013M781329,19.87,89.9,4.2,0.20187035773965156,1,2631.0
013M781330,16.81,240.0,2.3,0.11476936527681197,1,552.0
013M781331,11.71,98.2,0.9,0.2004025537117764,1,2520.0
013M781332,20.24,158.7,2.7,0.1780623826289427,1,1422.0
013M781333,13.32,92.4,2.2,0.2020199342132898,1,2639.0
013M781334,39.26,150.7,6.3,0.16307610749965123,1,1090.0
013M781335,32.61,187.3,5.6,0.14613390854344466,1,830.0
013M781337,19.39,113.0,4.7,0.19156467156717505,1,1954.0
013M781338,11.6,48.7,2.2,0.19955304484866532,1,2455.0
013M781339,28.35,147.0,7.3,0.14781259385072754,1,850.0
013M781340,14.58,52.4,2.9,0.20026422859912046,1,2499.0
013M781342,31.85,114.7,5.3,0.18957679006741268,1,1851.0
013M781343,48.36,96.8,7.9,0.13422675940539774,1,714.0
013M781344,27.06,80.6,5.5,0.18609003424965753,1,1708.0
013M781345,24.59,194.3,10.4,0.0836547623586334,1,401.0
013M781346,18.82,156.2,7.6,0.13289224234703156,1,700.0
013M781347,22.39,110.3,7.6,0.15782848257927634,1,1001.0
013M781349,25.44,72.8,4.3,0.20000894373400596,1,2481.0
013M781350,29.57,119.4,5.3,0.18894600351548568,1,1818.0
013M781351,14.43,43.0,4.4,0.17311323363082404,1,1299.0
013M781352,12.89,85.7,4.8,0.18248536240359986,1,1562.0
013M781353,6.62,61.8,3.2,0.15769848743534104,1,998.0
013M781354,12.57,46.8,0.9,0.2040932125036915,1,2771.0
013M781355,16.1,46.2,0.7,0.2089096901197499,1,3113.0
013M781356,8.62,79.8,0.7,0.19831304288262103,1,2376.0
013M781358,11.42,138.7,0.4,0.16279782126583092,1,1082.0
013M781359,9.44,65.1,0.4,0.20110563222014177,1,2573.0
013M781360,9.7,115.5,0.2,0.16715436992485527,1,1174.0
013M781362,15.36,147.5,0.5,0.16870039413652338,1,1199.0
013M781364,16.15,134.3,0.3,0.17108552418940332,1,1258.0
013M781365,16.16,165.2,0.5,0.1578728763123768,1,1003.0
013M781366,11.9,158.8,0.5,0.15101476819915266,1,896.0
013M781367,14.73,96.7,0.4,0.1923425323381896,1,1992.0
013M781368,10.86,41.8,1.0,0.19639741909905217,1,2237.0
013M781369,8.8,52.2,0.9,0.2021790533130285,1,2649.0
013M781370,17.53,101.7,0.8,0.20990766403578237,1,3173.0
013M781371,17.05,40.4,0.4,0.1927458463401477,1,2021.0
013M781372,15.4,57.5,0.4,0.20876606654785068,1,3108.0
013M781373,13.48,54.6,0.5,0.206377145655672,1,2938.0
013M781374,17.23,51.1,0.7,0.21090245824569032,1,3214.0
013M781375,8.61,35.0,0.3,0.17806094699195307,1,1421.0
013M781377,17.77,71.8,0.6,0.20980720407215808,1,3168.0
013M781378,17.37,41.0,0.4,0.19273781284333552,1,2018.0
013M781379,12.76,34.9,0.5,0.18735970822613646,1,1761.0
013M781380,7.68,24.6,0.3,0.14264980501418228,1,792.0
013M781382,10.41,47.5,0.3,0.19323219398184666,1,2057.0
013M781383,15.31,62.9,0.5,0.20492781893816592,1,2840.0
013M781384,14.74,49.4,0.9,0.20302570776115658,1,2687.0
013M781385,19.93,46.0,0.6,0.19597479074234658,1,2219.0
013M781386,14.49,50.8,0.4,0.20489859191557414,1,2836.0
013M781387,16.29,49.1,0.6,0.20831989661600747,1,3078.0
013M781388,15.08,69.3,0.2,0.18756997807706982,1,1769.0
013M781389,11.15,62.7,0.4,0.20004569220731183,1,2487.0
013M781390,13.24,42.8,0.3,0.1935540138825193,1,2076.0
013M781392,14.54,51.3,0.5,0.2047098835906424,1,2823.0
013M781394,13.48,97.8,0.5,0.19798757010616597,1,2356.0
013M781395,15.84,55.5,0.8,0.21802077550322996,1,3420.0
013M781396,6.19,48.2,0.2,0.1599464683269427,1,1038.0
013M781397,13.15,69.5,0.4,0.20157707805810288,1,2611.0
013M781398,9.46,43.7,0.2,0.1828281979826919,1,1580.0
013M781399,11.22,63.8,0.4,0.2015369472102621,1,2606.0
013M781400,14.44,85.6,0.7,0.20449196736068953,1,2806.0
013M781402,11.85,67.5,0.9,0.2014816170604507,1,2599.0
013M781403,13.73,83.8,0.5,0.2047020622163891,1,2822.0
013M781405,18.14,69.2,2.0,0.21069828509416721,1,3203.0
013M781406,23.44,84.5,1.4,0.21428783712364746,1,3340.0
013M781407,22.1,120.7,1.8,0.20449216751843746,1,2807.0
013M781408,9.54,57.7,0.8,0.20772817937297433,1,3046.0
013M781409,9.67,68.3,0.8,0.20034162228801994,1,2510.0
013M781410,10.56,66.1,0.7,0.1999570094014323,1,2479.0
013M781411,16.02,54.1,1.1,0.2173684436610901,1,3415.0
013M781412,10.74,28.2,0.7,0.1683093555375363,1,1195.0
013M781413,21.53,32.4,9.2,0.10035192790913622,1,470.0
013M781414,21.6,59.6,3.3,0.1998184679033012,1,2471.0
013M781415,11.58,61.4,0.6,0.19991341859922468,1,2476.0
013M781416,10.11,40.7,0.9,0.1972749640764902,1,2304.0
013M781418,30.36,71.7,1.9,0.20137138489211615,1,2588.0
013M781419,36.94,85.1,2.3,0.2009776039120691,1,2561.0
013M781420,20.76,46.1,0.7,0.19759499118005008,1,2330.0
013M781422,18.14,59.9,0.9,0.21515286165672115,1,3365.0
013M781423,12.68,34.6,0.8,0.19122260911628458,1,1938.0
013M781424,34.3,57.2,2.0,0.1844663384258695,1,1652.0
013M781425,28.17,56.9,1.5,0.19862298097049985,1,2401.0
013M781426,17.79,52.0,0.9,0.20857902435527276,1,3098.0
013M781427,25.98,62.2,1.7,0.21170465285962325,1,3258.0
013M781428,14.46,33.0,1.0,0.1840080903326553,1,1622.0
013M781429,20.05,56.6,3.5,0.20721390639272858,1,2993.0
013M781430,13.2,87.4,3.2,0.19361916066802853,1,2079.0
013M781431,28.55,115.9,1.5,0.20594849076401361,1,2906.0
013M781432,24.12,65.7,0.8,0.20705289195865756,1,2986.0
013M781433,24.48,80.1,2.4,0.21264564179687478,1,3289.0
013M781436,18.46,78.7,1.3,0.22125334450545137,1,3439.0
013M781437,16.32,42.8,0.8,0.20601994044435334,1,2912.0
013M781438,22.84,59.6,1.6,0.21277796533577736,1,3296.0
013M781439,24.86,80.6,2.6,0.21165387172085565,1,3256.0
013M781440,23.17,87.4,1.0,0.21383076067841017,1,3330.0
013M781443,32.68,62.5,0.9,0.18994260439580074,1,1873.0
013M781444,17.41,58.1,0.7,0.21355713948389593,1,3321.0
013M781445,21.2,58.5,0.8,0.20972360343777613,1,3163.0
013M781446,22.77,64.8,1.0,0.20981504820297958,1,3169.0
013M781447,22.43,47.8,0.7,0.1970522128449667,1,2282.0
013M781448,22.16,77.5,1.0,0.21262345777041025,1,3288.0
013M781450,15.2,51.5,0.4,0.20157132066228328,1,2610.0
013M781451,12.73,44.2,0.6,0.19719688434916016,1,2295.0
013M781452,14.02,46.0,0.6,0.19785345527169518,1,2347.0
013M781453,19.37,67.1,0.9,0.20651727068644682,1,2943.0
013M781454,20.21,118.7,1.5,0.20478385483926442,1,2830.0
013M781455,22.12,33.2,0.9,0.1764635756330229,1,1370.0
013M781456,33.09,75.1,3.0,0.1945582392240815,1,2140.0
013M781457,9.91,35.3,1.1,0.1910864865795478,1,1932.0
013M781458,23.23,106.8,3.8,0.19485407193486026,1,2158.0
013M781459,11.83,68.8,2.0,0.20052792176131734,1,2531.0
013M781462,24.88,53.6,3.6,0.1976737509625504,1,2333.0
013M781464,15.01,49.1,1.9,0.20436801958573292,1,2792.0
013M781465,15.18,57.2,3.3,0.19753504790973675,1,2319.0
013M781466,37.18,83.6,3.5,0.19683875107891496,1,2270.0
013M781467,17.32,66.0,1.6,0.21590779223527146,1,3390.0
013M781468,13.03,142.6,1.2,0.17474614630904056,1,1334.0
013M781469,9.86,31.4,0.5,0.1776590161837326,1,1411.0
013M781470,11.23,25.7,0.5,0.15926988348557186,1,1028.0
013M781471,8.57,26.2,1.0,0.15707773256462765,1,987.0
013M781473,19.92,88.3,1.0,0.21587833976823118,1,3387.0
013M781474,27.49,85.5,2.1,0.2112848053183667,1,3233.0
013M781475,22.88,144.5,1.7,0.1895116108341674,1,1848.0
013M781476,9.43,37.5,1.0,0.18781805797018641,1,1779.0
013M781477,12.67,41.9,0.7,0.20067254267875584,1,2544.0
013M781478,13.48,43.3,0.6,0.19613204568661063,1,2225.0
013M781479,9.49,36.7,1.5,0.1893454774749384,1,1841.0
013M781480,13.57,48.5,1.2,0.21078692395759674,1,3207.0
013M781482,8.36,41.0,1.0,0.19090614765853403,1,1923.0
013M781483,12.02,86.4,0.5,0.1984345145379569,1,2388.0
013M781484,6.44,43.9,0.7,0.16686257917295078,1,1166.0
013M781485,18.22,167.1,1.2,0.172272457000193,1,1289.0
013M781486,22.34,87.5,3.3,0.2013705281856582,1,2587.0
013M781487,14.78,77.9,2.2,0.208427391953883,1,3085.0
013M781489,9.63,52.3,1.7,0.20767618734012316,1,3041.0
013M781491,10.1,34.2,2.3,0.17835877221247887,1,1430.0
013M781492,8.56,60.6,4.1,0.17880722868837917,1,1443.0
013M781493,21.21,140.6,2.9,0.18411688477219212,1,1636.0
013M781494,15.81,69.0,1.7,0.2171468660784514,1,3411.0
013M781495,16.6,41.7,1.6,0.20308790737830357,1,2691.0
013M781496,14.53,66.2,0.9,0.2043744826294972,1,2793.0
013M781497,8.89,94.7,0.5,0.1904696530260408,1,1902.0
013M781498,7.84,32.3,0.4,0.17208709464623934,1,1282.0
013M781499,7.24,37.1,0.4,0.16949554775830022,1,1224.0
013M781500,7.89,57.1,0.6,0.1949392483780547,1,2161.0
013M781502,7.85,53.3,0.8,0.20028657964148372,1,2501.0
013M781503,7.71,29.5,0.7,0.15870500621315176,1,1016.0
013M781505,10.31,24.0,0.4,0.15447787980727684,1,942.0
013M781506,11.87,79.3,0.9,0.2027785734034847,1,2682.0
013M781507,25.56,62.2,1.3,0.2076411891341503,1,3034.0
013M781508,11.72,36.0,0.6,0.183607163644342,1,1604.0
013M781509,16.21,48.3,0.5,0.20852656360562433,1,3089.0
013M781511,14.99,62.5,0.5,0.20279215346226626,1,2683.0
013M781512,14.03,51.0,0.5,0.20531614820367966,1,2868.0
013M781513,14.95,46.5,0.9,0.20050053721951205,1,2529.0
013M781514,7.5,37.3,0.3,0.17018522519117252,1,1239.0
013M781515,8.78,25.0,0.4,0.154451178838087,1,941.0
013M781516,11.61,39.6,0.2,0.18213171481806506,1,1536.0
013M781517,7.38,25.5,0.3,0.13897777673565392,1,763.0
013M781518,12.59,34.9,0.5,0.1878855888440648,1,1782.0
013M781519,14.1,64.9,0.4,0.20464078397434032,1,2820.0
013M781520,10.81,44.6,0.5,0.195821812191172,1,2210.0
013M781522,8.21,39.0,0.6,0.18397543794948862,1,1620.0
013M781523,16.58,53.9,1.7,0.2192258899799499,1,3430.0
013M781525,20.33,75.2,1.6,0.21829659556231784,1,3422.0
013M781526,16.96,64.8,1.3,0.21922053123648716,1,3429.0
013M781527,17.99,58.9,2.1,0.21309404937921494,1,3308.0
013M781529,27.84,49.1,5.3,0.1700954819162377,1,1235.0
013M781530,39.6,112.1,23.9,-0.004346590554880625,-1,166.0
013M781531,21.62,64.0,3.9,0.19981848934383073,1,2472.0
013M781532,14.68,49.8,4.3,0.1798383059658742,1,1472.0
013M781533,13.97,78.3,2.0,0.20962570096058197,1,3158.0
013M781534,14.53,64.3,2.7,0.20383955349649197,1,2756.0
013M781535,15.11,69.0,1.8,0.20542588435377984,1,2875.0
013M781536,11.65,46.7,1.6,0.2063194720621795,1,2932.0
013M781537,14.52,83.2,3.9,0.19625932451188272,1,2231.0
013M781538,10.73,80.7,2.6,0.1968720687130745,1,2275.0
013M781539,11.2,41.9,4.5,0.16515170014864267,1,1131.0
013M781540,13.83,114.4,2.1,0.19772073393572565,1,2338.0
013M781542,22.99,134.4,2.2,0.19473427181636405,1,2150.0
013M781543,17.8,74.4,1.5,0.2155453250006309,1,3380.0
013M781544,17.03,126.3,1.9,0.20714998056478756,1,2989.0
013M781545,11.71,75.4,2.0,0.20322161571945907,1,2706.0
013M781547,12.47,62.5,1.9,0.20679850276428513,1,2964.0
013M781548,27.22,151.7,2.7,0.19306835419839546,1,2047.0
013M781549,6.47,33.5,0.6,0.15346894521858634,1,930.0
013M781550,13.37,95.1,2.5,0.199768868083263,1,2466.0
013M781551,10.35,85.7,1.7,0.20797570113189806,1,3058.0
013M781552,19.03,125.9,2.9,0.1978627766913043,1,2348.0
013M781553,18.34,157.5,4.8,0.17096778935222529,1,1254.0
013M781555,23.05,107.0,5.5,0.18196245626273977,1,1532.0
013M781556,37.03,53.2,9.2,0.11700232049330617,1,561.0
013M781557,13.18,75.5,5.9,0.15934263925408126,1,1030.0
013M781558,19.49,88.8,7.0,0.16035081679729501,1,1043.0
013M781559,7.48,119.2,2.4,0.17160220712731183,1,1272.0
013M781560,12.03,66.7,3.4,0.19031886160591316,1,1889.0
013M781562,8.92,78.2,1.6,0.20608689611704983,1,2918.0
013M781563,20.92,106.1,3.0,0.19810692393453466,1,2365.0
013M781564,15.67,78.1,2.8,0.20826251755270464,1,3072.0
013M781565,15.88,94.0,2.9,0.2060567490579645,1,2916.0
013M781566,20.84,119.0,3.0,0.1979050183961074,1,2353.0
013M781567,9.12,77.3,1.3,0.2054121730489521,1,2873.0
013M781568,8.72,64.2,1.9,0.2003166321103202,1,2505.0
013M781569,9.76,76.0,2.0,0.20001350347385916,1,2482.0
013M781571,10.63,100.4,1.3,0.19726636943062176,1,2302.0
013M781573,15.16,97.6,3.5,0.19686679504386573,1,2272.0
013M781574,6.8,69.1,1.4,0.17361330832589733,1,1309.0
013M781575,25.64,146.9,3.5,0.1863626067405535,1,1720.0
013M781576,11.81,121.8,5.8,0.15028054220100467,1,886.0
013M781577,40.35,142.8,42.7,-0.07053401258865366,-1,72.0
013M781578,19.06,113.4,10.3,0.1231337410671064,1,614.0
013M781579,9.67,41.0,1.4,0.19436536420466932,1,2126.0
013M781580,20.03,34.5,1.9,0.18688171254980046,1,1743.0
013M781582,85.62,169.1,30.2,-0.104022960092645,-1,33.0
013M781583,51.39,185.3,8.7,0.08701061429258444,1,408.0
013M781584,28.23,136.3,8.1,0.1406519381059506,1,779.0
013M781585,56.5,85.1,5.7,0.13457144684947525,1,717.0
013M781586,31.34,110.9,5.0,0.19288109995613095,1,2032.0
013M781587,33.73,251.6,10.6,0.02206905443867302,1,211.0
013M781588,19.53,89.4,9.9,0.124772168809067,1,625.0
013M781589,19.81,92.6,7.7,0.15270285187549115,1,917.0
013M781590,20.51,61.3,4.8,0.19329883609264564,1,2062.0
013M781593,29.89,188.1,16.2,0.039974200955969486,1,248.0
013M781594,24.14,49.4,9.9,0.11255317227841283,1,537.0
013M781595,19.73,91.1,4.9,0.19656908699183706,1,2253.0
013M781596,22.18,70.2,3.8,0.19491294438054613,1,2160.0
013M781597,36.51,64.3,8.8,0.13202713132539695,1,688.0
013M781598,15.39,81.5,7.3,0.13765685258152538,1,742.0
013M781599,18.34,79.4,12.1,0.09903877344830786,1,460.0
013M781600,29.14,176.6,11.2,0.09257875764031126,1,428.0
013M781602,20.04,95.4,22.4,0.004729924805251473,1,177.0
013M781603,32.55,133.1,5.2,0.18351262406819918,1,1603.0
013M781605,8.26,47.9,2.5,0.18920795678697172,1,1834.0
013M781606,14.56,80.9,5.5,0.16942378006653125,1,1222.0
013M781607,8.7,41.1,4.4,0.16280383442466678,1,1083.0
013M781609,10.76,50.6,7.1,0.12341388619533106,1,615.0
013M781610,8.43,50.9,1.1,0.20335172124668394,1,2716.0
013M781611,7.6,38.9,5.8,0.1301598694506848,1,668.0
013M781612,19.69,62.0,6.8,0.16006074353838567,1,1040.0
013M781613,11.3,124.2,3.6,0.1704132788788985,1,1243.0
013M781614,13.31,216.3,2.0,0.11992557609107435,1,586.0
013M781615,16.87,153.4,2.3,0.19006160913944486,1,1876.0
013M781616,20.48,75.6,5.6,0.18546489148925366,1,1686.0
013M781617,26.62,83.7,16.9,0.06175509791304379,1,310.0
013M783002,18.68,84.4,0.6,0.21192355066391377,1,3265.0
013M783003,13.7,86.1,0.6,0.2011725185952688,1,2577.0
013M783005,14.33,68.5,0.5,0.20234631638775125,1,2661.0
013M783006,18.47,107.1,0.8,0.206117188182468,1,2920.0
013M783007,19.7,107.9,0.7,0.2037431364009919,1,2750.0
013M783008,34.14,83.9,2.9,0.19148404617523723,1,1948.0
013M783009,31.57,122.4,4.3,0.19769874784317626,1,2335.0
013M783011,17.4,86.7,2.2,0.2148664060987766,1,3361.0
013M783012,28.68,91.3,2.4,0.2072361151951374,1,2998.0
013M783013,5.24,41.3,0.8,0.1588016036521624,1,1018.0
013M783014,22.43,139.2,5.0,0.17868936802873064,1,1440.0
013M783015,22.23,117.1,5.1,0.1879346378535739,1,1784.0
013M783016,12.15,115.6,1.5,0.19517462137906733,1,2172.0
013M783017,10.42,106.7,1.4,0.1896086431565328,1,1853.0
013M783018,11.48,110.1,1.5,0.19983941060612898,1,2475.0
013M783019,13.8,103.4,1.1,0.2016148543707098,1,2617.0
013M783020,12.93,140.6,1.4,0.17499195929735867,1,1340.0
013M783022,4.96,48.7,0.8,0.16463892195648272,1,1124.0
013M783023,18.13,137.7,1.2,0.19043969436832875,1,1900.0
013M783025,21.12,102.7,1.5,0.2105466595726488,1,3197.0
013M783026,17.07,145.2,1.7,0.1953239278315106,1,2189.0
013M783028,14.53,133.3,1.3,0.18181118284351339,1,1527.0
013M783029,18.97,172.7,1.1,0.16795355344255314,1,1191.0
013M783030,14.98,140.5,1.2,0.17569052957800796,1,1351.0
013M783031,11.6,141.4,1.0,0.16655477969081828,1,1159.0
013M783032,7.52,59.6,0.6,0.1856057363804577,1,1693.0
013M783033,12.14,98.4,0.9,0.20095957585357543,1,2560.0
013M783034,12.19,125.9,0.6,0.176985796291874,1,1386.0
013M783035,15.37,117.8,0.9,0.19324216482791662,1,2058.0
013M783036,17.44,152.1,1.0,0.18600140478746574,1,1707.0
013M783037,15.54,116.1,1.2,0.20141075203155073,1,2592.0
013M783038,7.46,62.3,0.6,0.18380913761303663,1,1611.0
013M783039,8.69,39.1,0.7,0.19422301680540904,1,2118.0
013M783040,22.08,55.6,1.0,0.20917180600237084,1,3130.0
013M783042,8.24,61.5,0.5,0.194805521958554,1,2155.0
013M783043,12.82,98.7,0.5,0.1977591973140408,1,2341.0
013M783044,4.75,49.1,0.4,0.15124615206820508,1,898.0
013M783046,7.49,72.4,0.3,0.18271973950102782,1,1574.0
013M783047,8.44,92.2,0.4,0.18874568011774734,1,1812.0
013M783048,5.73,46.1,0.6,0.1587259120406122,1,1017.0
013M783049,12.79,104.5,0.9,0.1989029591549903,1,2420.0
013M783050,19.52,55.9,1.5,0.21590356972205843,1,3389.0
013M783052,12.2,113.2,0.7,0.19021893727085826,1,1886.0
013M783053,8.91,91.8,0.7,0.1965324799237695,1,2247.0
013M783054,11.14,99.6,1.5,0.2036638514141793,1,2741.0
013M783055,11.14,71.1,1.6,0.20551998408613636,1,2879.0
013M783056,12.88,87.6,1.5,0.20943979460971812,1,3142.0
013M783057,9.55,27.9,0.7,0.16611623944973286,1,1148.0
013M783058,19.97,127.4,1.2,0.19924415693896957,1,2439.0
013M783059,13.63,71.2,1.0,0.20956262867477154,1,3154.0
013M783060,19.33,88.6,1.4,0.21521295818418118,1,3368.0
013M783062,18.16,101.6,2.6,0.20922153425295753,1,3132.0
013M783063,11.24,137.4,4.1,0.15790810689346468,1,1005.0
013M783064,13.16,60.5,6.0,0.1541211285814713,1,938.0
013M783065,32.7,186.3,2.8,0.16614828581744184,1,1151.0
013M783066,22.88,115.8,2.7,0.1985929588635495,1,2399.0
013M783067,18.51,150.4,2.8,0.18572593623545786,1,1696.0
013M783069,17.91,140.8,17.4,0.029445142797368762,1,225.0
013M783070,9.51,115.6,7.5,0.11754108043527889,1,567.0
013M783071,15.83,138.6,6.2,0.15160728376590005,1,901.0
013M783072,13.41,89.6,11.4,0.09665080067305365,1,451.0
013M783073,15.19,90.0,5.5,0.16981455240657933,1,1228.0
013M783074,27.14,153.4,9.9,0.1209050920074814,1,594.0
013M783076,12.75,74.8,5.4,0.17213750230783353,1,1285.0
013M783077,35.34,177.4,5.3,0.1489543150334779,1,868.0
013M783078,14.4,76.5,2.1,0.20539166031389977,1,2872.0
013M783079,12.56,101.6,1.4,0.20456952860270022,1,2814.0
013M783080,9.32,70.9,1.6,0.20268343910725656,1,2677.0
013M783082,13.16,112.9,3.4,0.18549124294382086,1,1688.0
013M783083,17.29,170.4,4.2,0.15895714419138968,1,1023.0
013M783085,15.08,142.1,2.7,0.174776360383535,1,1336.0
013M783086,10.17,81.1,1.6,0.20756669204845463,1,3029.0
013M783088,25.75,188.6,10.2,0.09394078931608096,1,436.0
013M783089,31.3,326.4,10.9,-0.035342470170819595,-1,119.0
013M783090,23.97,223.9,4.8,0.11142439399629883,1,529.0
013M783091,30.05,332.7,7.6,-0.019641504398164367,-1,141.0
013M783092,14.33,117.7,3.4,0.18720694470690352,1,1756.0
013M783093,20.69,131.8,34.4,-0.05663969848293926,-1,86.0
013M783094,10.16,95.6,8.7,0.10701937764169323,1,501.0
013M783095,12.31,108.8,6.2,0.1528138511582765,1,919.0
013M783096,5.84,126.9,5.9,0.10676399296149675,1,498.0
013M783097,7.35,117.6,6.8,0.11819179963256676,1,573.0
013M783098,22.93,105.3,21.1,0.012202148987672135,1,189.0
013M783099,8.32,57.4,8.6,0.103506013574102,1,483.0
013M783100,19.38,183.7,21.7,-0.023647449911751384,-1,137.0
013M783103,27.96,153.4,8.8,0.13151090493388584,1,681.0
013M783104,17.06,215.2,4.9,0.11624848744179461,1,558.0
013M783106,17.09,68.3,2.3,0.21160819439882073,1,3252.0
013M783107,10.27,110.6,2.1,0.1855072444828038,1,1690.0
013M783108,31.29,158.2,5.1,0.17373592578388053,1,1313.0
013M783109,20.86,214.8,3.6,0.11946969517357886,1,582.0
013M783110,21.34,193.7,4.3,0.142910674928856,1,797.0
013M783111,16.43,93.9,3.0,0.2056812660038269,1,2891.0
013M783112,11.02,103.0,2.8,0.18561368464400474,1,1694.0
013M783113,11.86,58.2,3.5,0.19785226056700167,1,2346.0
013M783114,22.68,234.8,31.5,-0.09904107186482436,-1,41.0
013M783115,31.68,153.5,22.9,-0.0178027248980851,-1,144.0
013M783116,15.25,165.2,5.5,0.12855147006408313,1,653.0
013M783117,21.73,94.2,5.8,0.18728553041326695,1,1759.0
013M783118,13.75,96.7,27.5,-0.04047331078439176,-1,110.0
013M783119,25.17,164.5,5.9,0.14994951751682045,1,883.0
013M783120,37.41,164.0,7.7,0.12860891104275796,1,656.0
013M783122,14.13,71.3,2.6,0.20231594639345407,1,2660.0
013M783123,28.07,114.4,4.1,0.19655511656238533,1,2250.0
013M783125,15.72,61.9,2.0,0.2104802612473201,1,3194.0
013M783126,26.02,66.1,2.5,0.2091503809641323,1,3129.0
013M783127,18.82,75.0,2.9,0.2060119044112227,1,2911.0
013M783129,16.14,56.0,2.2,0.21444283472349412,1,3350.0
013M783130,59.82,119.8,7.1,0.12456852481342973,1,624.0
013M783131,16.45,66.5,2.8,0.204494322073127,1,2808.0
013M783132,9.04,71.4,1.0,0.19927972950284728,1,2440.0
013M783133,11.26,53.4,1.6,0.2094245405479127,1,3139.0
013M783134,14.35,54.2,0.9,0.2063541013184263,1,2934.0
013M783135,14.32,32.9,1.7,0.18679408904689104,1,1739.0
013M783136,11.48,50.8,2.0,0.20606086090595604,1,2917.0
013M783137,19.7,39.1,1.6,0.19331332968672488,1,2063.0
013M783138,22.13,63.9,2.0,0.20953247591745278,1,3150.0
013M783139,10.36,56.1,1.3,0.21089905211255572,1,3213.0
013M783140,17.4,88.5,2.0,0.2125579444856645,1,3286.0
013M783142,14.03,46.0,1.2,0.2067655177774359,1,2961.0
013M783143,6.57,79.0,1.1,0.17389489919161338,1,1317.0
013M783144,11.79,45.5,1.9,0.20158699733669672,1,2614.0
013M783147,9.85,53.9,1.2,0.20878473148318444,1,3109.0
013M783148,8.26,54.7,3.1,0.18766073426633495,1,1773.0
013M783149,4.42,32.4,3.4,0.11879915852839312,1,576.0
013M783150,9.08,47.0,5.3,0.15768496253689218,1,997.0
013M783151,9.6,60.9,4.7,0.17182181058742124,1,1276.0
013M783152,22.14,141.5,14.5,0.08149391609462897,1,392.0
013M783153,21.25,93.6,9.4,0.13993093475484247,1,770.0
013M783154,7.27,111.1,2.6,0.17132541914080285,1,1262.0
013M783155,20.75,135.6,14.0,0.08721498587782278,1,410.0
013M783156,15.14,32.1,1.5,0.1770155214307279,1,1390.0
013M783157,7.38,34.5,2.9,0.16005291792489268,1,1039.0
013M783158,24.49,172.4,12.1,0.08166866618832513,1,394.0
013M783159,23.88,160.6,13.9,0.07481086220750555,1,372.0
013M783160,11.11,64.7,5.1,0.16881641747267556,1,1206.0
013M783162,13.86,66.5,18.3,0.02236171921388752,1,212.0
013M783163,10.83,105.0,26.0,-0.047662478400617436,-1,102.0
013M783165,9.65,53.8,4.9,0.16807243890409024,1,1193.0
013M783166,13.51,118.3,15.1,0.04679281168439264,1,270.0
013M783167,11.82,41.0,4.6,0.1632540448170149,1,1093.0
013M783168,5.9,47.4,2.7,0.1512073500536844,1,897.0
013M783169,3.34,46.3,2.2,0.1327387761765838,1,697.0
013M783170,17.12,64.0,6.1,0.17331653754758686,1,1304.0
013M783171,16.56,88.0,7.4,0.14567120823811147,1,821.0
013M783172,13.2,56.3,5.2,0.17356994367689338,1,1308.0
013M783173,16.82,84.2,5.4,0.1869695141122239,1,1747.0
013M783175,9.91,57.6,4.5,0.17536284828690268,1,1346.0
013M783176,5.37,35.5,3.0,0.13412585674015193,1,711.0
013M783177,17.7,100.5,4.1,0.19770168560045254,1,2337.0
013M783178,31.89,107.5,3.3,0.19940100215232026,1,2449.0
013M783179,9.77,43.2,2.1,0.19017213709700387,1,1882.0
013M783180,11.49,36.8,2.2,0.18405244152033673,1,1626.0
013M783182,10.77,76.2,2.5,0.19709138796367037,1,2286.0
013M783183,10.42,72.1,4.1,0.17940318119563453,1,1461.0
013M783185,6.13,79.9,2.1,0.16470209584799866,1,1126.0
013M783186,18.24,72.9,2.7,0.20692715701669656,1,2973.0
013M783187,10.9,32.9,2.9,0.1669425496198656,1,1169.0
013M783188,11.71,54.4,1.6,0.2118732698610738,1,3263.0
013M783189,11.21,81.9,1.6,0.2118338279331063,1,3260.0
013M783190,10.65,40.4,1.3,0.19790367792320335,1,2352.0
013M783191,10.96,59.5,1.4,0.20547914311609694,1,2877.0
013M783192,6.06,54.0,0.7,0.17107237310397166,1,1257.0
013M783193,9.68,97.1,1.2,0.19842366134312228,1,2384.0
013M783194,17.55,95.6,3.2,0.2040456584220372,1,2767.0
013M783195,10.81,42.9,2.2,0.19083087070916183,1,1918.0
013M783196,16.95,56.2,1.7,0.22065941265765776,1,3435.0
013M783198,18.86,91.9,6.2,0.17423551682686894,1,1323.0
013M783199,17.89,66.8,6.4,0.16870677251944516,1,1200.0
013M783200,24.31,105.9,4.9,0.18953961639475275,1,1849.0
013M783202,22.51,98.4,6.0,0.18219857590118987,1,1541.0
013M783203,7.22,76.3,3.0,0.17596343279993787,1,1360.0
013M783204,20.03,183.5,2.5,0.16041172429575012,1,1044.0
013M783205,34.29,229.8,4.8,0.10997393204164285,1,518.0
013M783207,16.98,129.0,4.0,0.18657698521389127,1,1728.0
013M783208,16.02,152.2,4.6,0.16704471055157294,1,1171.0
013M783209,20.95,143.8,7.0,0.15254194703138424,1,912.0
013M783210,27.81,134.3,7.6,0.15185575586125866,1,904.0
013M783211,19.43,177.2,13.7,0.0594170300970136,1,304.0
013M783212,62.19,182.4,12.1,0.030032451507887803,1,228.0
013M783213,27.67,179.3,10.2,0.1002751557627175,1,466.0
013M783214,18.82,79.1,2.1,0.21271747211947417,1,3293.0
013M783216,26.51,161.4,5.4,0.15671715819186144,1,979.0
013M783217,9.35,84.8,7.7,0.11457781356255442,1,551.0
013M783218,20.28,239.6,4.2,0.10014915895457388,1,464.0
013M783219,21.16,121.7,2.5,0.2004000263921883,1,2518.0
013M783220,34.29,174.3,4.7,0.16336659264359948,1,1095.0
013M783222,13.6,50.4,1.2,0.21158987171430926,1,3251.0
013M783223,36.07,153.4,2.9,0.18232707789986957,1,1550.0
013M783225,18.81,130.9,4.5,0.18170130433504944,1,1521.0
013M783226,27.69,182.8,4.2,0.15944506951394388,1,1031.0
013M783228,13.54,102.6,2.2,0.20253315037629838,1,2671.0
013M783229,13.75,179.2,1.7,0.15905970954139637,1,1026.0
013M783230,27.62,222.2,4.9,0.11609025519092775,1,557.0
013M783231,51.81,243.6,7.1,0.05794891598822638,1,301.0
013M783232,32.33,218.6,4.4,0.12146125849935957,1,598.0
013M783233,18.47,112.6,2.6,0.20583372121081295,1,2894.0
013M783234,20.03,155.7,3.1,0.18048895076211074,1,1492.0
013M783235,37.03,143.8,3.6,0.1882113657575843,1,1794.0
013M783236,22.58,179.3,4.2,0.15848532210932786,1,1013.0
013M783237,14.76,88.3,1.6,0.2111660570900799,1,3228.0
013M783238,43.86,216.0,4.5,0.11834388503878107,1,574.0
013M783239,32.19,144.8,3.7,0.1892200662598585,1,1838.0
013M783240,39.83,184.8,8.3,0.11502079938333581,1,553.0
013M783242,37.73,294.3,8.5,0.00600016441196316,1,178.0
013M783243,12.26,122.2,1.9,0.19365898037983353,1,2081.0
013M783245,16.34,83.6,2.2,0.2126548139528941,1,3290.0
013M783246,19.1,108.1,4.5,0.19283964149437172,1,2030.0
013M783247,26.61,248.1,18.3,-0.033362997196423105,-1,122.0
013M783248,14.59,83.2,5.4,0.17322002085680072,1,1301.0
013M783249,22.21,242.6,5.4,0.08410972643966613,1,403.0
013M783250,12.03,113.8,8.3,0.12106801552432472,1,595.0
013M783251,13.95,87.8,3.4,0.19578444385590427,1,2206.0
013M783253,10.61,73.6,1.4,0.19975065239070044,1,2464.0
013M783254,16.32,67.8,1.7,0.21420319815823075,1,3339.0
013M783255,9.76,79.5,1.1,0.20218468481571583,1,2650.0
013M783256,12.28,77.5,1.5,0.2105001537541058,1,3195.0
013M783257,9.87,115.4,1.1,0.18251625880818767,1,1565.0
013M783258,13.22,113.1,1.2,0.1984837708920636,1,2391.0
013M783259,10.03,65.0,0.8,0.20853975005910264,1,3092.0
013M783260,9.48,59.3,0.5,0.20135116798605263,1,2586.0
013M783262,14.16,84.9,1.0,0.2094641199037876,1,3145.0
013M783263,14.16,90.3,1.0,0.20734969527177138,1,3009.0
013M783265,9.24,94.1,0.9,0.19471237688101145,1,2149.0
013M783266,9.79,85.8,0.5,0.1953125578085178,1,2187.0
013M783267,9.72,63.8,0.7,0.20528175099160545,1,2864.0
013M783268,10.57,69.3,0.5,0.1947519742325558,1,2152.0
013M783269,7.98,68.1,0.7,0.19319994519239708,1,2055.0
013M783270,9.44,73.6,1.1,0.2014667580627988,1,2596.0
013M783272,10.06,52.6,0.3,0.19842722794530376,1,2385.0
013M783273,12.59,83.3,0.5,0.20475856018875205,1,2829.0
013M783274,17.22,84.7,0.6,0.21226595371103968,1,3274.0
013M783275,5.0,60.6,0.2,0.14977431616092762,1,881.0
013M783276,12.08,69.6,0.4,0.19824760988815476,1,2373.0
013M783277,10.56,78.2,0.5,0.19578377077243547,1,2205.0
013M783278,10.61,73.5,0.8,0.20067445826684122,1,2545.0
013M783279,6.1,37.4,0.4,0.15883338436595568,1,1019.0
013M783280,10.43,74.4,0.3,0.19046784463608313,1,1901.0
013M783283,13.33,82.4,0.5,0.20592300353544674,1,2903.0
013M783284,6.94,26.4,0.3,0.13091606813453377,1,672.0
013M783285,8.89,24.5,0.3,0.14957155343983963,1,877.0
013M783287,10.04,35.6,0.4,0.1871113565246556,1,1751.0
013M783288,21.0,41.5,1.0,0.19551094903533195,1,2194.0
013M783289,9.64,38.3,0.6,0.18614401180518603,1,1710.0
013M783290,18.0,53.3,1.5,0.21609644654630777,1,3394.0
013M783291,9.51,39.7,0.8,0.1970611427036173,1,2285.0
013M783292,9.64,40.1,0.7,0.1941197364902298,1,2112.0
013M783293,13.4,68.8,0.9,0.2022098537465169,1,2653.0
013M783294,14.27,47.0,1.2,0.20817023617701108,1,3066.0
013M783295,12.27,47.5,1.6,0.20729866014928933,1,3006.0
013M783296,9.76,62.7,0.5,0.20150504683696796,1,2601.0
013M783297,23.41,90.3,2.6,0.2108000881037625,1,3208.0
013M783298,13.56,92.4,1.5,0.21086252167248115,1,3212.0
013M783299,15.45,58.3,3.1,0.2032089385724113,1,2705.0
013M783300,12.7,60.8,1.2,0.2097249233540926,1,3164.0
013M783302,7.06,114.1,1.4,0.16531020855782258,1,1136.0
013M783304,35.1,54.7,1.7,0.1846376570333309,1,1657.0
013M783305,15.49,66.9,11.1,0.1018339733951722,1,475.0
013M783306,12.73,91.4,11.5,0.09157865618643984,1,424.0
013M783307,9.43,50.7,15.3,0.027957911887931508,1,220.0
013M783309,13.8,75.0,7.6,0.1330574582692417,1,701.0
013M783310,18.07,75.7,3.7,0.20392370777458735,1,2761.0
013M783311,19.24,64.5,1.5,0.21861597726747828,1,3424.0
013M783312,17.14,67.6,3.7,0.20138475748923612,1,2590.0
013M783313,13.86,80.6,6.3,0.1561540175903775,1,971.0
013M783314,19.87,46.5,1.0,0.20547461601889833,1,2876.0
013M783315,31.02,70.1,3.9,0.193383450343332,1,2068.0
013M783316,14.02,85.8,0.6,0.20158334023824898,1,2613.0
013M783317,18.01,79.2,1.1,0.21899057464334792,1,3427.0
013M783318,13.93,72.8,1.2,0.20963790479734334,1,3159.0
013M783319,15.71,100.7,0.9,0.20764257020600013,1,3035.0
013M783320,13.86,60.4,1.0,0.2101512662807421,1,3180.0
013M783322,29.23,62.1,1.5,0.1978485404445527,1,2345.0
013M783323,18.04,65.4,0.7,0.2152189623413649,1,3369.0
013M783324,28.05,87.6,1.2,0.20691383646350792,1,2972.0
013M783325,11.14,31.6,0.7,0.18053139623505332,1,1493.0
013M783327,24.79,59.1,1.3,0.21019783076922027,1,3183.0
013M783328,9.38,37.4,0.6,0.18425285004691178,1,1641.0
013M783329,16.36,31.1,0.2,0.16665937154893473,1,1161.0
013M783330,12.79,38.1,0.2,0.1772456949925303,1,1396.0
013M783331,17.1,37.4,0.8,0.19279806714940106,1,2022.0
013M783332,15.74,53.1,0.4,0.20926957946948638,1,3133.0
013M783333,18.63,41.0,0.7,0.19842009463152577,1,2383.0
013M783334,10.96,28.1,0.2,0.15266328914975225,1,914.0
013M783335,19.55,46.6,0.3,0.19384168381296962,1,2094.0
013M783336,14.11,35.1,1.3,0.19439936181237039,1,2129.0
013M783337,9.69,35.3,0.2,0.17273463325893085,1,1293.0
013M783338,6.58,24.6,0.4,0.12834136934480544,1,651.0
013M783339,8.55,31.4,0.8,0.17920436756446895,1,1454.0
013M783342,28.75,80.6,5.3,0.1883623484943417,1,1801.0
013M783343,28.23,56.7,3.8,0.189928160059746,1,1871.0
013M783345,17.61,75.2,4.8,0.196203621519506,1,2228.0
013M783346,20.42,94.2,2.6,0.21232716249418815,1,3279.0
013M783347,12.63,45.2,3.8,0.18241761885317226,1,1556.0
013M783348,26.99,154.8,5.3,0.1714155272648628,1,1265.0
013M783349,12.27,30.7,6.4,0.10967046476498238,1,515.0
013M783350,11.08,39.6,5.3,0.15083157227611216,1,894.0
013M783351,19.13,53.8,8.7,0.12692452629888162,1,641.0
013M783353,12.36,50.9,4.2,0.18044981944379268,1,1488.0
013M783354,11.13,62.8,4.5,0.1752561253949268,1,1344.0
013M783355,27.45,103.0,10.4,0.1317176270067953,1,683.0
013M783356,10.11,44.6,3.0,0.18532419104189024,1,1681.0
013M783357,19.25,57.1,2.0,0.21273254654598367,1,3295.0
013M783358,29.42,98.1,11.3,0.1223913810353306,1,605.0
013M783359,6.81,39.9,2.2,0.15800731437515764,1,1007.0
013M783360,12.47,66.5,1.4,0.2049647978051089,1,2846.0
013M783362,17.26,42.9,3.0,0.18966992824007123,1,1858.0
013M783363,16.26,100.9,2.8,0.2003281576305055,1,2507.0
013M783365,35.77,118.3,2.9,0.19426519662756447,1,2120.0
013M783366,14.46,86.1,1.7,0.2154324806974679,1,3378.0
013M783367,30.04,143.1,4.3,0.19105774419204963,1,1931.0
013M783368,8.71,39.7,1.4,0.19299771600663818,1,2043.0
013M783369,8.61,111.5,2.1,0.18252105417152487,1,1566.0
013M783371,23.22,149.3,4.2,0.18280217928364095,1,1579.0
013M783372,11.76,76.8,1.6,0.2102498375353431,1,3187.0
013M783373,14.58,74.3,2.6,0.2033194107029373,1,2712.0
013M783374,39.03,130.5,4.5,0.18900015377036117,1,1821.0
013M783375,13.91,158.6,3.5,0.16369270418429333,1,1103.0
013M783376,28.73,112.6,2.7,0.20423980624582228,1,2782.0
013M783377,34.33,109.9,2.7,0.1995974837280069,1,2456.0
013M783378,20.27,67.8,2.4,0.20853187254374245,1,3091.0
013M783379,22.13,153.7,8.2,0.13548111506535998,1,725.0
013M783380,27.41,114.2,5.7,0.18526306862561337,1,1678.0
013M783382,19.95,96.0,5.1,0.19183454301164926,1,1968.0
013M783383,25.69,207.1,13.1,0.04709898954042524,1,272.0
013M783386,29.97,128.4,7.4,0.15783107940390928,1,1002.0
013M783387,27.33,126.7,11.7,0.11810364748193236,1,572.0
013M783388,20.89,55.7,7.5,0.14937012254285398,1,871.0
013M783389,21.54,115.3,6.2,0.18199899041574152,1,1534.0
013M783390,30.18,105.7,6.8,0.16776049311080887,1,1187.0
013M783391,44.16,163.8,3.5,0.1620502515608137,1,1069.0
013M783392,19.97,115.7,5.6,0.18279917714389954,1,1578.0
013M783393,32.98,155.9,4.4,0.18234441912928118,1,1551.0
013M783394,13.74,77.6,2.5,0.20789398551942823,1,3053.0
013M783395,19.12,101.5,2.2,0.2113366694482539,1,3239.0
013M783396,16.67,61.3,1.7,0.21722981983709616,1,3412.0
013M783397,15.82,97.5,1.5,0.21723187774543584,1,3413.0
013M783398,25.0,76.8,1.7,0.21410428069098564,1,3336.0
013M783399,33.77,143.6,2.9,0.18963027354406525,1,1856.0
013M783400,3.44,51.9,0.8,0.14888858835287233,1,867.0
013M783402,18.13,126.9,3.2,0.19536663544973693,1,2191.0
013M783403,28.74,111.9,6.1,0.18221290175971744,1,1542.0
013M783405,13.73,68.3,2.7,0.20049839811311776,1,2528.0
013M783406,7.56,53.3,3.1,0.18168593752448053,1,1520.0
013M783407,13.13,76.2,1.2,0.211467194429105,1,3246.0
013M783408,12.4,54.2,1.4,0.20851702696502178,1,3088.0
013M783409,25.55,112.9,4.6,0.19842999857385324,1,2386.0
013M783410,11.62,68.4,12.4,0.06718557080582888,1,336.0
013M783411,12.53,61.7,0.9,0.20598801589982246,1,2909.0
013M783412,48.42,66.4,5.7,0.14139389039389666,1,784.0
013M783413,10.54,75.8,4.1,0.1819970517421764,1,1533.0
013M783414,22.74,71.2,6.4,0.17080702255739744,1,1252.0
013M783415,15.89,73.3,8.5,0.13119083881906896,1,679.0
013M783416,6.21,54.9,2.7,0.16373872845417614,1,1105.0
013M783417,10.36,92.9,2.9,0.186247169289615,1,1714.0
013M783419,14.17,72.3,3.9,0.19222966735782127,1,1988.0
013M783420,14.17,68.7,2.5,0.20161390628633924,1,2616.0
013M783422,17.69,140.2,3.0,0.18628751368457608,1,1717.0
013M783423,20.34,203.4,4.1,0.1324814793755918,1,693.0
013M783424,13.06,51.3,1.1,0.20895748085388122,1,3117.0
013M783426,34.79,98.7,2.6,0.20519615392977442,1,2859.0
013M783427,29.21,174.1,3.2,0.1701009192198883,1,1236.0
013M783428,35.74,111.7,2.9,0.19378042847148308,1,2092.0
013M783429,30.43,131.0,5.8,0.1830087243849432,1,1586.0
013M783431,16.21,77.0,2.7,0.2064197473254355,1,2940.0
013M783432,13.86,64.6,2.3,0.20657562870575696,1,2945.0
013M783433,11.55,62.3,1.8,0.20840268553288882,1,3083.0
013M783434,16.36,55.7,2.6,0.21104078626904527,1,3221.0
013M783435,16.09,117.2,3.5,0.19741768752136457,1,2310.0
013M783436,12.34,55.5,13.6,0.0522158000905949,1,288.0
013M783437,22.89,69.2,4.0,0.197129500823867,1,2290.0
013M783438,54.93,111.4,11.9,0.06995358068023783,1,348.0
013M783439,19.8,81.3,26.7,-0.026465636202089637,-1,133.0
013M783440,14.22,41.6,2.8,0.1878138220804273,1,1778.0
013M783442,14.52,71.4,3.2,0.1983715802803861,1,2381.0
013M783443,12.82,69.0,2.5,0.19891139925199774,1,2423.0
013M783444,19.74,134.9,2.6,0.1901591627973191,1,1881.0
013M783446,20.03,117.3,2.3,0.20416870160891132,1,2775.0
013M783447,15.6,78.9,1.7,0.2166352087467628,1,3405.0
013M783448,23.82,150.4,2.8,0.1822642092440675,1,1546.0
013M783449,18.81,85.9,2.5,0.21103309693918093,1,3220.0
013M783450,11.9,86.1,2.4,0.19843286412509575,1,2387.0
013M783451,15.74,149.2,4.3,0.17002618881083692,1,1232.0
013M783452,9.49,35.3,3.0,0.16880665802239186,1,1205.0
013M783453,10.73,31.7,1.7,0.1839013232257315,1,1618.0
013M783455,22.01,268.1,7.6,0.04188480814221096,1,257.0
013M783456,37.58,65.3,12.1,0.07798411508599612,1,381.0
013M783457,49.74,95.9,10.8,0.0947418286296432,1,442.0
013M783458,26.38,59.7,6.2,0.17455895132362448,1,1329.0
013M783459,17.01,30.8,1.2,0.17789389791232774,1,1418.0
013M783460,35.83,55.0,3.0,0.17368861166369848,1,1311.0
013M783462,23.6,68.4,7.0,0.16130209633235765,1,1054.0
013M783463,23.77,74.2,3.0,0.20341691069557588,1,2722.0
013M783464,16.52,58.1,2.9,0.20859975040284384,1,3099.0
013M783466,30.45,108.6,5.7,0.18681220123358944,1,1741.0
013M783467,38.05,82.8,4.3,0.1883760618162869,1,1802.0
013M783468,34.46,148.4,8.5,0.13464442117150915,1,718.0
013M783469,14.21,58.1,1.6,0.2153368164148622,1,3375.0
013M783470,35.47,67.4,8.2,0.13488015009068477,1,722.0
013M783471,14.79,48.4,2.4,0.20072560323517136,1,2547.0
013M783472,16.97,72.7,2.9,0.20494420218722803,1,2842.0
013M783473,8.45,83.3,2.8,0.1884246928817626,1,1805.0
013M783475,16.59,118.0,5.8,0.17410037298419662,1,1319.0
013M783476,22.49,70.1,4.1,0.19586144567469005,1,2213.0
013M783477,15.33,63.2,3.0,0.2015776221590137,1,2612.0
013M783478,8.87,37.7,2.2,0.1783644368936182,1,1431.0
013M783479,16.89,80.1,1.3,0.22083807502859965,1,3436.0
013M783480,17.64,58.7,1.1,0.2191898645238874,1,3428.0
013M783482,11.77,56.3,1.6,0.2137636373547928,1,3328.0
013M783483,10.8,42.5,2.7,0.18660054561742362,1,1729.0
013M783485,16.65,60.1,4.8,0.19311555400353886,1,2051.0
013M783486,10.82,46.8,1.2,0.2036007561614881,1,2733.0
014D781002,17.94,155.6,2.0,0.19252138672206082,1,2007.0
014D781003,6.8,46.1,0.9,0.17187454648736578,1,1278.0
014D781004,21.74,106.1,1.7,0.20618456797689905,1,2925.0
014D781005,19.29,89.1,1.4,0.21545795096622872,1,3379.0
014D781006,40.12,154.5,2.5,0.18427473869706368,1,1643.0
014D781007,14.3,96.6,5.2,0.17600316557730178,1,1363.0
014D781008,20.29,151.8,5.3,0.1689265406225074,1,1212.0
014D781010,14.39,113.1,6.8,0.14267574600564553,1,794.0
014D781011,7.36,34.1,1.3,0.17924897186947553,1,1456.0
014D781012,29.38,82.7,5.2,0.19074228672993815,1,1909.0
014D781013,15.17,95.2,5.3,0.17493009517173547,1,1338.0
014D781014,27.9,116.9,3.4,0.19739792900558034,1,2308.0
014D781015,34.5,163.1,4.0,0.1692766733070778,1,1217.0
014D781016,23.26,104.1,1.5,0.2069754005357135,1,2979.0
014D781017,39.3,137.2,5.3,0.17057894922356215,1,1248.0
014D781019,56.22,132.0,3.7,0.16330825579857738,1,1094.0
014D781020,29.91,100.6,4.3,0.1957862599789822,1,2207.0
014D781022,30.87,98.4,3.9,0.20304909509401453,1,2688.0
014D781023,25.64,97.9,2.5,0.21432236029969554,1,3341.0
014D781024,32.73,206.0,6.0,0.12303899660245415,1,612.0
014D781025,35.39,123.6,2.2,0.2037179808262109,1,2748.0
014D781026,21.31,71.4,2.4,0.20929082482515915,1,3134.0
014D781027,37.22,122.6,2.2,0.20180384327120443,1,2626.0
014D781028,45.11,107.4,1.9,0.1889923252363196,1,1820.0
014D781029,30.38,80.1,1.8,0.20587429331507312,1,2896.0
014D781030,19.56,56.0,1.4,0.21484464213948867,1,3359.0
014D781031,24.19,78.0,1.6,0.21670246819323902,1,3407.0
014D781033,34.71,91.7,2.9,0.1946264921650141,1,2145.0
014D781034,28.72,92.4,3.2,0.1989105004385084,1,2422.0
014D781036,40.88,134.9,4.8,0.182411983309978,1,1555.0
014D781037,27.85,86.4,3.4,0.2006227341716863,1,2538.0
014D781038,35.97,74.6,3.3,0.18434117939543848,1,1648.0
014D781039,27.49,60.5,3.0,0.19700302424789223,1,2280.0
014D781040,86.24,108.9,5.7,0.04994548679902022,1,279.0
014D781042,43.4,124.4,2.2,0.19524391311543093,1,2179.0
014D781043,54.74,124.2,4.4,0.16838649079481388,1,1196.0
014D781045,82.41,148.7,13.6,-0.0024914397576959457,-1,168.0
014D781046,45.9,116.8,4.2,0.17992150992986317,1,1476.0
014D781047,22.68,105.8,3.7,0.1917262837235929,1,1963.0
014D781048,32.56,80.6,6.1,0.17743208126015136,1,1403.0
014D781050,33.12,367.1,5.8,-0.014799857704680286,-1,148.0
014D781051,25.29,286.1,6.5,0.040355355412245664,1,249.0
014D781052,12.32,186.4,2.7,0.14086237613191305,1,780.0
014D781053,19.49,67.7,1.1,0.21113531741573704,1,3226.0
014D781054,77.0,354.1,2.0,-0.020253740581586244,-1,139.0
014D781055,32.67,246.4,0.9,0.1059540742399358,1,494.0
014D781056,28.33,122.6,2.4,0.20664586827416564,1,2950.0
014D781057,45.69,193.3,3.2,0.14281043393373094,1,795.0
014D781058,22.19,161.9,2.3,0.17630152279012856,1,1369.0
014D781059,16.24,111.5,1.9,0.20802326450514275,1,3061.0
014D781060,21.83,257.5,1.8,0.09407223076994747,1,438.0
014D781062,14.35,86.9,1.1,0.20930397267661532,1,3135.0
014D781063,28.44,325.7,1.2,0.03819753764926592,1,243.0
014D781064,104.47,167.7,2.3,0.019942020185819587,1,208.0
014D781065,19.62,85.6,1.1,0.2169526950571654,1,3409.0
014D781066,21.06,88.0,1.2,0.21158197432776,1,3250.0
014D781067,91.63,133.7,3.0,0.04688166869101795,1,271.0
014D781068,55.28,156.7,1.9,0.15740207561346198,1,991.0
014D781070,10.39,52.0,1.1,0.20727966628162764,1,3005.0
014D781071,19.93,103.2,1.9,0.20869943831490406,1,3107.0
014D781073,34.2,203.8,1.7,0.14552709931518787,1,819.0
014D781074,17.57,67.7,2.3,0.20949326600984175,1,3149.0
014D781075,9.66,48.9,1.6,0.20389263702045773,1,2758.0
014D781076,11.75,73.0,1.7,0.20616778164042598,1,2924.0
014D781077,14.69,116.6,2.5,0.19340177313964874,1,2069.0
014D781078,10.68,63.9,3.4,0.19218391608509933,1,1984.0
014D781079,16.19,103.9,2.5,0.19914373160429966,1,2435.0
014D781080,32.4,71.0,12.3,0.09647013862949866,1,450.0
014D781082,32.69,91.1,0.7,0.20001713908509883,1,2483.0
014D781083,7.27,32.9,0.9,0.17054500596304223,1,1246.0
014D781084,16.61,60.0,2.1,0.21084372292264397,1,3210.0
014D781085,23.24,118.6,4.3,0.19584031564787246,1,2212.0
014D781086,30.24,145.7,12.3,0.10557022562490931,1,491.0
014D781088,24.34,82.2,5.1,0.19534498678482654,1,2190.0
014D781089,23.5,122.5,6.8,0.16363167689423797,1,1102.0
014D781091,19.45,147.2,3.0,0.183874281083016,1,1616.0
014D781092,30.63,137.9,9.6,0.13083785120341057,1,671.0
014D781093,15.23,139.9,5.6,0.14627983056862232,1,833.0
014D781094,33.8,167.9,9.9,0.1012948599933351,1,472.0
014D781095,28.13,171.4,9.5,0.10918202613898237,1,513.0
014D781096,32.38,200.9,13.3,0.052548763989117564,1,290.0
014D781097,17.34,107.6,22.9,-0.006013258462116644,-1,160.0
014D781098,21.74,150.9,12.9,0.0921592340762945,1,426.0
014D781099,21.14,116.5,8.5,0.14318571441009825,1,799.0
014D781100,20.43,75.0,3.0,0.20669181099568973,1,2957.0
014D781102,36.33,162.2,10.0,0.09808865036960274,1,457.0
014D781103,21.56,73.5,3.2,0.19696461542476834,1,2278.0
014D781104,43.57,164.6,9.7,0.09452004510276385,1,441.0
014D781105,21.31,92.0,5.8,0.18778647957037575,1,1777.0
014D781106,25.45,107.6,6.0,0.18098111035208214,1,1503.0
014D781107,23.99,87.8,5.4,0.18881740203287695,1,1813.0
014D781109,41.91,121.9,7.4,0.14675096650821212,1,839.0
014D781110,22.61,67.4,3.4,0.1956254894153484,1,2198.0
014D781111,30.86,107.7,6.3,0.18229049217557625,1,1547.0
014D781112,24.31,69.2,2.8,0.20343067863765518,1,2725.0
014D781114,16.91,63.3,8.9,0.13323808286090344,1,703.0
014D781115,29.21,93.8,5.8,0.1807610702130465,1,1500.0
014D781116,38.09,180.5,9.5,0.09757839084370201,1,453.0
014D781117,18.04,54.4,4.7,0.19176933584989964,1,1964.0
014D781118,25.88,100.4,3.8,0.20398145504294124,1,2763.0
014D781119,21.67,112.0,8.1,0.15080480545937142,1,892.0
014D781120,30.88,120.0,9.2,0.1466916911117349,1,838.0
014D781122,27.07,36.2,5.4,0.15350113092557388,1,931.0
014D781123,21.88,84.0,5.2,0.19523451189181235,1,2178.0
014D781124,26.53,79.5,5.2,0.19525536587900816,1,2182.0
014D781125,13.7,67.3,4.9,0.18578561197482996,1,1700.0
014D781126,32.4,146.4,6.0,0.17021233599008473,1,1240.0
014D781127,10.32,53.3,2.8,0.19462286639656623,1,2144.0
014D781130,19.14,110.3,5.9,0.17978392028686002,1,1468.0
014D781131,17.03,45.2,5.1,0.17326386061478688,1,1302.0
014D781132,32.01,76.4,6.1,0.17717218093323955,1,1392.0
014D781133,52.96,127.6,9.2,0.11568180551202523,1,556.0
014D781134,28.01,50.3,5.7,0.16295643710939578,1,1088.0
014D781135,7.4,42.5,2.1,0.17468525008252073,1,1332.0
014D781136,11.85,88.1,3.9,0.18406117849373538,1,1630.0
014D781137,40.64,57.1,5.8,0.14488384483462846,1,811.0
014D781138,38.95,83.9,4.5,0.18817296140389445,1,1793.0
014D781139,46.87,191.8,12.6,0.04722748524912246,1,273.0
014D781140,9.93,59.1,3.0,0.1934040801248499,1,2070.0
014D781142,29.02,71.8,6.5,0.17046724679300085,1,1245.0
014D781144,21.59,94.0,15.7,0.06852717416064869,1,342.0
014D781145,16.5,64.4,4.0,0.19979676648563466,1,2470.0
014D781146,26.5,64.3,5.8,0.18303987746159717,1,1587.0
014D781147,31.95,95.6,43.4,-0.061839767053935346,-1,82.0
014D781148,28.1,67.5,5.5,0.17558082643751288,1,1350.0
014D781149,20.58,52.5,3.0,0.20496033766966865,1,2844.0
014D781150,41.99,59.4,4.6,0.16197751942520477,1,1067.0
014D781151,21.53,81.2,4.6,0.20033787719622959,1,2508.0
014D781152,20.57,80.1,4.7,0.20037911349938464,1,2517.0
014D781154,16.43,64.0,2.8,0.20750117408707824,1,3021.0
014D781155,21.94,71.1,5.5,0.18427999881656776,1,1644.0
014D781156,14.59,58.0,3.4,0.20040242132303837,1,2519.0
014D781157,28.09,114.3,4.4,0.19668185387515663,1,2261.0
014D781158,18.57,121.6,5.2,0.18004012938147806,1,1480.0
014D781159,41.59,93.1,5.2,0.17671156340646194,1,1379.0
014D781160,49.74,162.8,10.5,0.07708324848188397,1,376.0
014D781162,30.02,197.3,7.2,0.11152643252256067,1,530.0
014D781163,49.0,145.3,7.2,0.12856653925367317,1,654.0
014D781165,57.42,135.7,9.3,0.1024330955536174,1,479.0
014D781166,31.14,116.0,3.9,0.20128856450837534,1,2581.0
014D781167,29.67,108.6,4.1,0.20105011424622649,1,2570.0
014D781168,13.23,47.8,1.9,0.2031954673685865,1,2703.0
014D781169,21.78,139.1,4.3,0.18652747655822166,1,1726.0
014D781170,18.21,75.4,4.6,0.19646652904545214,1,2241.0
014D781171,31.03,100.6,5.4,0.1867087314768891,1,1735.0
014D781172,29.42,76.1,6.7,0.16632420514843516,1,1153.0
014D781173,36.76,93.4,10.6,0.11727619092285968,1,566.0
014D781174,16.33,60.7,4.7,0.19281958565101504,1,2026.0
014D781175,25.44,77.1,19.3,0.051070083307106384,1,284.0
014D781176,30.52,124.0,12.8,0.1070555789513763,1,502.0
014D781177,28.18,98.7,7.9,0.15619915784124566,1,972.0
014D781178,67.12,163.3,51.0,-0.11024032484644952,-1,26.0
014D781179,36.99,161.1,15.9,0.04091152061669823,1,253.0
014D781182,21.86,188.8,4.9,0.14965124739867008,1,878.0
014D781183,29.37,158.1,2.9,0.18266275272127136,1,1570.0
014D781184,18.49,55.1,2.0,0.21377968764277194,1,3329.0
014D781185,22.28,93.4,3.6,0.20055184809887994,1,2533.0
014D781186,32.34,70.5,4.4,0.19166449195717244,1,1961.0
014D781187,32.74,60.8,4.4,0.1866301715360723,1,1730.0
014D781189,49.74,60.7,10.6,0.08170255669117932,1,395.0
014D781190,37.56,123.1,9.7,0.12740938993970713,1,647.0
014D781191,22.8,55.2,4.9,0.18992190248864804,1,1870.0
014D781192,15.57,40.6,6.0,0.14241065205051506,1,790.0
014D781193,26.33,57.1,7.7,0.15090649792888616,1,895.0
014D781194,11.9,64.5,14.1,0.050856121244456154,1,283.0
014D781196,19.4,54.9,21.1,0.00829584732418398,1,181.0
014D781197,10.06,71.6,4.8,0.17412064091449025,1,1321.0
014D781198,21.47,84.8,9.6,0.13098033816509447,1,673.0
014D781199,6.07,92.7,10.2,0.059265639390344904,1,303.0
014D781200,12.72,137.3,11.8,0.0811630897927984,1,391.0
014D781203,10.59,74.5,7.2,0.12064072883273214,1,592.0
014D781204,10.94,55.4,17.8,0.0043765144927847555,1,176.0
014D781205,20.65,88.2,8.3,0.14603527859469317,1,827.0
014D781206,12.74,78.1,5.6,0.16993064793926543,1,1230.0
014D781207,17.16,78.1,8.3,0.1405491721161219,1,778.0
014D781208,12.86,64.9,7.2,0.13473993986819766,1,721.0
014D781209,32.44,83.5,18.6,0.035924051244966115,1,239.0
014D781210,50.3,89.1,23.7,-0.019017843136242885,-1,142.0
014D781211,21.4,52.1,52.9,-0.0834803943628083,-1,58.0
014D781212,18.5,71.4,27.3,-0.02441437404046165,-1,135.0
014D781213,12.91,45.4,7.1,0.1243309101515751,1,623.0
014D781215,9.84,58.2,5.2,0.16495690898816406,1,1127.0
014D781216,52.92,85.2,10.1,0.09274877414826066,1,429.0
014D781217,25.75,71.4,4.1,0.20458855306689822,1,2815.0
014D781218,18.95,54.7,12.8,0.08367935964453188,1,402.0
014D781219,28.62,145.8,31.0,-0.05344212457338127,-1,93.0
014D781220,20.73,111.5,14.6,0.07800528704124887,1,382.0
014D781222,53.17,128.4,14.3,0.04378949040007318,1,264.0
014D781223,26.75,94.4,13.5,0.09941740939159333,1,461.0
014D781224,34.92,64.9,9.5,0.1269560688736675,1,642.0
014D781225,15.22,72.4,4.6,0.18428143323650392,1,1645.0
014D781226,32.73,58.4,7.2,0.14814024715884144,1,858.0
014D781228,8.83,70.1,1.9,0.19696949892156718,1,2279.0
014D781229,11.45,65.5,3.7,0.19035856249414235,1,1891.0
014D781230,9.83,65.7,3.1,0.18798093277968514,1,1788.0
014D781232,16.52,57.2,3.0,0.20860807378724144,1,3100.0
014D781233,64.18,104.3,8.8,0.09408666744504618,1,439.0
014D781234,24.46,83.1,3.7,0.2018274031608439,1,2627.0
014D781235,14.24,61.9,4.1,0.19010491629807713,1,1879.0
014D781236,17.63,53.0,2.6,0.21053981693400142,1,3196.0
014D781237,18.88,43.1,4.8,0.17829682812606745,1,1427.0
014D781238,28.24,76.5,4.8,0.19525254943719994,1,2181.0
014D781239,48.97,106.9,8.4,0.1294937517223762,1,661.0
014D781240,34.79,79.3,4.4,0.1873837001019686,1,1763.0
014D781242,54.71,90.2,8.1,0.11678859871810676,1,560.0
014D781243,24.0,49.1,7.0,0.14780339079582372,1,849.0
014D781245,33.56,103.4,6.3,0.17780054909085752,1,1415.0
014D781246,5.07,25.4,0.8,0.12003798111307112,1,587.0
014D781247,27.36,54.5,4.0,0.19280168283732935,1,2024.0
014D781248,18.85,58.5,2.5,0.21252406952497305,1,3285.0
014D781250,39.29,64.7,13.4,0.0624524866025572,1,314.0
014D781251,26.99,60.9,3.7,0.19527129388288766,1,2183.0
014D781252,36.36,79.0,10.6,0.11359047920563081,1,546.0
014D781253,24.05,42.1,5.7,0.15676952516812936,1,982.0
014D781254,56.84,51.3,8.7,0.07069008866298543,1,349.0
014D781255,46.9,51.5,11.4,0.05223493700159276,1,289.0
014D781256,9.36,37.8,2.6,0.17689956100826887,1,1384.0
014D781257,10.16,30.2,1.3,0.18139119207980192,1,1514.0
014D781258,48.74,57.1,2.5,0.15629137562236745,1,973.0
014D781259,46.36,70.2,2.5,0.17013857115831116,1,1238.0
014D781260,92.87,109.0,4.0,0.04116494173094454,1,254.0
014D781262,49.48,73.9,4.0,0.15510564272692667,1,955.0
014D781263,65.1,98.5,4.6,0.1428206738010951,1,796.0
014D781264,40.54,75.6,3.3,0.17902928402435503,1,1447.0
014D781265,41.31,63.4,2.9,0.17341281986114188,1,1307.0
014D781266,108.07,122.1,9.6,-0.036876293310226904,-1,118.0
014D781267,45.39,76.9,7.2,0.12719413715289873,1,643.0
014D781270,63.28,111.7,4.9,0.140353676436985,1,775.0
014D781271,46.62,78.6,3.9,0.1670939712129903,1,1173.0
014D781272,65.0,81.9,11.6,0.04244496805884379,1,259.0
014D781273,49.11,76.5,3.1,0.16268851779473892,1,1077.0
014D781274,84.2,97.9,2.6,0.08866862308531759,1,414.0
014D781275,35.7,65.4,1.7,0.18807695591384843,1,1790.0
014D781276,46.11,154.4,1.6,0.17664220442097323,1,1376.0
014D781277,72.37,167.2,1.6,0.11272596676167362,1,539.0
014D781278,41.83,107.8,1.0,0.1903881636805238,1,1893.0
014D781279,14.71,64.0,2.1,0.20538484397401613,1,2871.0
014D781280,43.73,95.3,4.8,0.1798063464548953,1,1469.0
014D781282,38.25,94.6,2.0,0.20078600956438425,1,2554.0
014D781283,86.48,92.5,3.3,0.06576605825372162,1,329.0
014D781284,83.66,116.9,5.9,0.07130200712253532,1,355.0
014D781286,60.5,94.0,20.7,-0.019668101623761647,-1,140.0
014D781287,55.92,141.8,14.0,0.04191124331147211,1,258.0
014D781288,59.78,69.5,25.3,-0.03798836558461971,-1,117.0
014D781289,57.06,91.1,22.8,-0.027057020917361396,-1,129.0
014D781291,51.82,88.5,7.3,0.12499444709328011,1,626.0
014D781292,80.44,113.4,8.3,0.053701172813382825,1,293.0
014D781293,20.79,52.0,1.8,0.21240047592256295,1,3283.0
014D781294,39.22,176.8,7.3,0.12287893369866049,1,611.0
014D781295,22.91,44.3,3.5,0.18508880460581179,1,1670.0
014D781296,43.62,84.2,4.0,0.18048407831038765,1,1491.0
014D781297,32.66,129.1,8.9,0.14944477034359305,1,873.0
014D781298,72.2,93.5,6.2,0.10003650858160662,1,463.0
014D781299,14.82,49.7,4.2,0.1827135938948744,1,1572.0
014D781300,13.68,46.1,2.6,0.19616108454997683,1,2226.0
014D781302,30.5,127.7,42.1,-0.06489604174767993,-1,78.0
014D781303,16.33,62.7,9.1,0.1311318262554902,1,676.0
014D781304,17.7,53.0,5.5,0.17475166874321924,1,1335.0
014D781305,45.77,126.8,10.7,0.10002986665183955,1,462.0
014D781306,27.75,53.8,4.3,0.18941586871350624,1,1844.0
014D781307,93.79,132.9,19.5,-0.05979406912588048,-1,83.0
014D781308,97.21,138.6,21.1,-0.08620442854971977,-1,57.0
014D781310,72.94,90.0,4.3,0.10908950916262528,1,511.0
014D781311,68.87,88.0,9.2,0.07091217549509976,1,351.0
014D781313,44.31,119.8,7.1,0.148808209250952,1,865.0
014D781314,18.48,55.9,2.3,0.21541106956505746,1,3377.0
014D781315,40.73,56.7,2.7,0.17418059182183865,1,1322.0
014D781316,23.35,66.2,3.9,0.199106136539425,1,2433.0
014D781317,14.6,53.2,2.4,0.20492463350408985,1,2839.0
014D781318,55.16,163.9,5.6,0.12823564591616177,1,650.0
014D781319,55.04,108.5,5.5,0.15196497971466993,1,906.0
014D781320,63.08,110.5,5.9,0.1325453377338751,1,695.0
014D781322,56.67,152.3,1.6,0.15398625202377475,1,936.0
014D781323,88.29,166.7,3.5,0.04405656427855997,1,265.0
014D781324,50.03,111.4,2.5,0.18920899331931929,1,1835.0
014D781326,27.35,68.2,1.2,0.2046699287048348,1,2821.0
014D781327,39.12,89.3,5.8,0.17011358684643313,1,1237.0
014D781328,72.23,131.0,1.6,0.12670280266128442,1,638.0
014D781329,78.84,181.0,1.1,0.06408733220885665,1,321.0
014D781330,82.46,234.6,0.9,0.031904871576905025,1,232.0
014D781331,81.23,172.6,1.1,0.06978894452261275,1,347.0
014D781332,117.21,468.4,1.5,-0.12137707076300142,-1,23.0
014D781333,97.03,156.4,0.7,0.015000002586622152,1,196.0
014D781335,192.24,152.9,1.5,-0.06371960304227586,-1,79.0
014D781336,48.78,271.7,2.4,0.0800861506462398,1,388.0
014D781337,72.28,230.4,1.0,0.06159254216119092,1,309.0
014D781338,85.64,156.7,1.6,0.0749535250481499,1,373.0
014D781339,46.3,355.4,1.2,0.01647353264652629,1,199.0
014D781340,63.1,245.5,2.0,0.07569106190581532,1,374.0
014D781342,42.55,198.8,0.6,0.13325827823043412,1,705.0
014D781343,33.0,118.8,0.7,0.19546393483621116,1,2193.0
014D781344,35.38,110.4,0.9,0.19848845667388354,1,2393.0
014D781346,52.55,132.3,0.9,0.16396224569818274,1,1109.0
014D781347,15.78,50.1,0.4,0.20801565095198488,1,3060.0
014D781348,34.82,82.4,0.5,0.19164787331397853,1,1960.0
014D781349,27.17,75.0,0.7,0.2054206612045899,1,2874.0
014D781350,81.13,188.3,2.0,0.07749206975108414,1,377.0
014D781352,30.13,70.6,0.6,0.18969258274485667,1,1860.0
014D781353,53.27,92.7,0.9,0.157029756017802,1,986.0
014D781354,26.24,68.5,0.7,0.20103193186706808,1,2568.0
014D781355,48.31,108.0,1.2,0.18134921354547645,1,1511.0
014D781356,65.98,123.6,1.8,0.14768347728932896,1,847.0
014D781357,99.82,207.8,2.5,0.010419625261163468,1,186.0
014D781358,68.81,189.5,1.7,0.10490833986445347,1,489.0
014D781359,20.59,45.2,0.8,0.20102802238940748,1,2567.0
014D781360,68.97,164.2,2.3,0.12192080620145357,1,602.0
014D781362,82.54,189.3,3.5,0.0581282616551857,1,302.0
014D781363,57.29,127.5,4.2,0.16252660481074332,1,1075.0
014D781365,43.67,133.0,2.6,0.18948309694629123,1,1846.0
014D781366,41.7,92.6,4.6,0.18386061504164875,1,1614.0
014D781367,56.12,140.7,4.5,0.1513499710206635,1,900.0
014D781368,54.84,92.6,3.2,0.16360755179094,1,1101.0
014D781369,64.51,226.3,5.6,0.06924426403273032,1,344.0
014D781370,55.78,125.9,17.5,0.012919532573100079,1,191.0
014D781371,43.05,98.5,4.9,0.17980698524092825,1,1470.0
014D781372,35.59,123.9,10.8,0.11771268486832581,1,568.0
014D781373,72.21,121.3,7.1,0.09480562651027402,1,443.0
014D781374,29.1,71.7,2.6,0.20092233000769089,1,2558.0
014D781375,45.1,165.9,8.6,0.1045137950382461,1,488.0
014D781376,36.99,159.6,13.1,0.07369194465984108,1,369.0
014D781378,39.81,131.1,12.7,0.09540864231696355,1,446.0
014D781379,18.23,131.8,4.6,0.1827172238466011,1,1573.0
014D781380,24.23,53.0,0.9,0.20261646601522937,1,2674.0
014D781382,28.94,64.0,1.0,0.19747910748732134,1,2316.0
014D781383,59.75,107.7,1.7,0.15541710136154074,1,962.0
014D781385,65.35,122.2,1.9,0.15080851763088632,1,893.0
014D781386,19.75,41.8,0.7,0.195280018047862,1,2184.0
014D781387,27.53,75.7,0.9,0.20341703000954686,1,2723.0
014D781388,45.76,82.1,1.7,0.18333597013556852,1,1595.0
014D781389,49.86,124.4,1.5,0.1859496451233265,1,1704.0
014D781390,40.94,107.2,2.1,0.19240139285673075,1,2000.0
014D781391,15.09,64.9,1.1,0.20953567910164556,1,3151.0
014D781392,14.99,54.9,0.7,0.2062388770513897,1,2930.0
014D781393,32.04,119.6,0.8,0.19517908196861655,1,2173.0
014D781394,43.27,177.1,0.7,0.13963457389190442,1,769.0
014D781395,39.71,149.7,0.7,0.17299486624621835,1,1296.0
014D781396,46.62,170.8,0.8,0.15066732061545968,1,889.0
014D781397,40.87,183.1,0.9,0.1527222877756429,1,918.0
014D781398,57.3,117.0,0.7,0.15434015912957227,1,940.0
014D781399,26.74,86.6,0.6,0.2005054812790117,1,2530.0
014D781402,29.91,102.7,0.5,0.1938413557949888,1,2093.0
014D781403,21.36,76.3,0.4,0.20099021806277628,1,2563.0
014D781404,24.16,93.4,0.5,0.20145021232865368,1,2595.0
014D781407,25.3,61.5,0.4,0.19828006656834896,1,2375.0
014D781408,8.65,37.6,0.6,0.18381846984805245,1,1612.0
014D781409,22.7,71.0,1.1,0.2089365769373172,1,3115.0
014D781410,33.85,72.4,0.7,0.19081875147771005,1,1916.0
014D781411,15.16,46.4,1.4,0.20251657013180563,1,2670.0
014D781412,17.32,49.4,1.6,0.2143283291475025,1,3342.0
014D781413,29.05,97.7,2.5,0.21142932208909215,1,3244.0
014D781414,23.44,87.2,1.6,0.21579748131999082,1,3386.0
014D781415,99.69,100.2,1.0,0.009252526925123017,1,183.0
014D781416,35.11,69.5,0.8,0.18614308542448887,1,1709.0
014D781417,27.78,64.4,1.5,0.20317764356938106,1,2701.0
014D781418,33.68,58.2,1.4,0.18992856558380888,1,1872.0
014D781419,16.85,49.2,1.3,0.21536650851880257,1,3376.0
014D781420,25.31,54.2,1.7,0.21024365302999082,1,3184.0
014D781422,24.0,85.2,1.1,0.21415258822337851,1,3338.0
014D781423,25.37,73.8,1.5,0.21228661501428198,1,3277.0
014D781424,13.41,40.9,1.2,0.20277034190553467,1,2681.0
014D781426,10.12,41.2,1.2,0.20381998743313512,1,2754.0
014D781427,13.85,37.0,1.0,0.19038704248854565,1,1892.0
014D781428,10.87,34.8,0.7,0.18736906173322448,1,1762.0
014D781429,17.07,47.6,0.6,0.204029093957786,1,2765.0
014D781430,30.62,63.1,0.8,0.19351748232800847,1,2075.0
014D781431,16.08,43.4,0.6,0.20240768394519465,1,2666.0
014D781433,9.31,29.6,0.3,0.16083442456635827,1,1049.0
014D781434,52.69,88.8,0.8,0.1526349656299959,1,913.0
014D781435,20.06,33.2,0.5,0.17868433221768582,1,1439.0
014D781436,70.17,60.2,0.8,0.07837055519279579,1,384.0
014D781437,7.08,38.5,0.1,0.15930423506553565,1,1029.0
014D781438,23.97,82.8,0.7,0.20722528332175422,1,2995.0
014D781439,25.24,80.7,0.7,0.20766940139660672,1,3038.0
014D781440,33.82,94.1,0.7,0.19799926006782115,1,2359.0
014D781442,18.69,65.5,0.5,0.20897675949475636,1,3118.0
014D781443,16.97,57.2,0.4,0.21034529341868902,1,3189.0
014D781444,24.56,80.2,0.8,0.20832918833062575,1,3079.0
014D781445,36.36,90.3,0.5,0.18844627147279153,1,1806.0
014D781446,53.69,167.4,0.7,0.13612980295726146,1,728.0
014D781447,19.65,159.8,0.4,0.16279234855703,1,1081.0
014D781448,33.86,175.2,0.6,0.15585063029888252,1,966.0
014D781449,25.86,121.7,0.5,0.19635284443029982,1,2234.0
014D781450,15.31,57.7,0.3,0.2003266095495294,1,2506.0
014D781451,26.31,112.9,0.4,0.19334200438335186,1,2065.0
014D781453,24.42,81.4,0.5,0.202148629629324,1,2646.0
014D781455,39.66,161.4,0.4,0.1573537926746832,1,989.0
014D781456,41.33,143.8,0.6,0.17437482164273788,1,1324.0
014D781457,38.07,92.5,0.7,0.1867034701098983,1,1734.0
014D781458,24.37,74.4,0.8,0.20770865598764826,1,3045.0
014D781459,56.38,124.2,1.0,0.15605514592962583,1,968.0
014D781460,54.5,107.8,1.1,0.1662949341830693,1,1152.0
014D781462,45.82,92.0,0.9,0.17582031284044697,1,1355.0
014D781463,33.66,95.0,0.9,0.20058080740083356,1,2536.0
014D781464,15.16,39.6,0.5,0.19198711387770073,1,1977.0
014D781465,15.47,48.0,0.6,0.2033974511092046,1,2720.0
014D781467,32.88,72.3,1.1,0.19983845803593825,1,2474.0
014D781468,48.91,80.9,1.6,0.17570158837392602,1,1352.0
014D781469,18.88,55.6,0.5,0.20949037478315496,1,3147.0
014D781470,91.41,160.8,1.8,0.05459416879465684,1,295.0
014D781471,70.61,146.3,1.5,0.1215265066279892,1,599.0
014D781472,129.02,176.9,2.1,-0.03851973320253477,-1,115.0
014D781473,153.34,173.2,2.0,-0.05432981510999002,-1,91.0
014D781474,29.38,72.7,0.5,0.1929238650242069,1,2035.0
014D781475,27.07,48.6,0.8,0.19808730563887067,1,2362.0
014D781476,64.16,108.8,2.8,0.14675523385420092,1,840.0
014D781477,53.81,99.8,2.1,0.174495104371788,1,1327.0
014D781479,47.67,100.8,1.5,0.1852889566305838,1,1679.0
014D781480,44.35,118.6,1.1,0.18309569220599353,1,1588.0
014D781482,36.27,91.4,0.7,0.19238109865537528,1,1997.0
014D781483,67.2,106.5,1.4,0.1333398054102345,1,707.0
014D781484,66.13,113.7,1.3,0.14199653298431453,1,787.0
014D781485,24.46,70.5,0.6,0.19891859446456645,1,2424.0
014D781486,47.1,108.9,0.8,0.17624579697192477,1,1368.0
014D781487,48.18,70.5,0.9,0.1581666937153956,1,1009.0
014D781488,40.65,131.5,1.1,0.1908295325191186,1,1917.0
014D781490,43.46,108.9,1.0,0.1855937005147003,1,1692.0
014D781491,27.34,93.6,0.7,0.20716901760552658,1,2991.0
014D781492,12.55,43.5,0.4,0.1986327181097759,1,2404.0
014D781493,26.23,89.9,0.6,0.20162649862565368,1,2618.0
014D781494,39.93,146.7,1.3,0.18414158367476696,1,1637.0
014D781495,26.78,70.9,0.5,0.19856120405373295,1,2397.0
014D781496,95.6,104.4,1.1,0.0326819453893763,1,236.0
014D781498,39.61,117.3,0.5,0.1838690156979027,1,1615.0
014D781499,38.36,49.2,0.4,0.15497918652000292,1,952.0
014D781500,77.28,194.1,0.9,0.06415210030140184,1,322.0
014D781502,46.18,232.9,0.6,0.10230575487826382,1,477.0
014D781503,62.03,193.5,0.8,0.106560438066648,1,496.0
014D781504,40.56,142.5,0.9,0.18033275263220383,1,1486.0
014D781505,50.42,278.6,0.9,0.06232254199969123,1,313.0
014D781506,51.11,151.1,1.1,0.16340005397043467,1,1097.0
014D781507,37.2,134.4,0.5,0.18031326635637163,1,1485.0
014D781508,30.86,162.8,0.4,0.16341730822834954,1,1098.0
014D781509,57.68,216.5,0.7,0.0941904734259944,1,440.0
014D781510,57.13,217.6,1.1,0.10155959276274801,1,473.0
014D781513,50.1,123.2,0.7,0.1700298462092234,1,1233.0
014D781514,100.41,144.3,1.3,0.023246122874566066,1,216.0
014D781515,130.16,175.6,1.1,-0.05231713030424634,-1,95.0
014D781516,40.46,108.5,0.6,0.18272236472777925,1,1575.0
014D781517,12.81,85.9,0.3,0.19754489482622173,1,2324.0
014D781518,84.74,196.1,0.5,0.03900599623848211,1,244.0
014D783002,17.73,57.5,1.2,0.2165695901872589,1,3403.0
014D783004,14.11,51.8,0.8,0.20750310090942448,1,3022.0
014D783005,13.49,53.8,0.9,0.20599319334594585,1,2910.0
014D783007,19.22,88.0,1.1,0.21635300409255326,1,3400.0
014D783008,27.74,64.1,1.7,0.20490804446058292,1,2837.0
014D783009,20.41,61.8,2.0,0.21228139348670583,1,3276.0
014D783010,28.81,78.1,0.8,0.1996531924329954,1,2458.0
014D783011,40.18,102.0,1.1,0.19052176335620546,1,1903.0
014D783012,18.94,45.3,1.2,0.20593880128805392,1,2905.0
014D783013,36.14,90.6,1.4,0.19658287044524847,1,2257.0
014D783014,27.88,84.2,1.1,0.21063092479904044,1,3200.0
014D783015,46.57,121.5,2.1,0.19109814546376502,1,1934.0
014D783016,30.59,69.6,1.3,0.19745286193401917,1,2314.0
014D783017,32.5,77.6,1.4,0.20256043769804383,1,2672.0
014D783018,35.12,106.5,2.2,0.19966860923748075,1,2460.0
014D783019,25.19,85.4,1.2,0.21328136495288574,1,3312.0
014D783020,87.28,178.7,3.1,0.05473787219273296,1,296.0
014D783022,50.49,111.7,2.2,0.1891193891661745,1,1828.0
014D783023,46.12,124.3,3.4,0.1839549930065577,1,1619.0
014D783024,46.44,130.4,2.2,0.19222650881870884,1,1987.0
014D783025,14.21,31.9,1.1,0.1786950085678275,1,1441.0
014D783027,58.6,133.4,1.3,0.15253368000531314,1,911.0
014D783028,49.94,135.4,1.6,0.18161280544266584,1,1518.0
014D783029,24.99,88.0,2.4,0.21055068570765878,1,3198.0
014D783030,24.81,74.9,7.9,0.14547480986040878,1,817.0
014D783031,7.46,52.5,1.3,0.19435630752176225,1,2125.0
014D783033,11.13,144.1,3.3,0.16441531480488225,1,1118.0
014D783034,25.15,179.7,5.1,0.14619295240439484,1,831.0
014D783035,13.18,69.6,2.2,0.2021146628406394,1,2642.0
014D783036,30.95,160.7,5.5,0.16188473458583463,1,1064.0
014D783037,31.59,95.6,5.6,0.18473690158409417,1,1659.0
014D783038,30.58,130.4,4.4,0.1990007609778623,1,2430.0
014D783039,27.25,88.0,3.0,0.2060233477264981,1,2913.0
014D783040,25.99,120.3,1.2,0.2032718261387748,1,2709.0
014D783042,48.57,224.0,2.0,0.11046508139029909,1,521.0
014D783043,72.62,271.7,1.7,0.03795210551000594,1,242.0
014D783045,36.8,103.4,1.4,0.19282685300895208,1,2027.0
014D783046,26.86,60.4,1.4,0.2049843000985806,1,2848.0
014D783047,34.38,79.4,2.3,0.19524623983883305,1,2180.0
014D783048,31.85,116.7,3.8,0.1989095759262362,1,2421.0
014D783049,43.95,228.0,3.8,0.10365173490449753,1,484.0
014D783050,39.3,150.9,2.2,0.19396660254722486,1,2103.0
014D783051,40.31,130.6,1.6,0.19949705325564748,1,2452.0
014D783052,25.8,93.4,1.3,0.2148470713459899,1,3360.0
014D783054,10.45,28.1,1.2,0.16903041723205225,1,1214.0
014D783055,9.25,24.3,0.8,0.1549159202024019,1,950.0
014D783056,50.41,95.7,2.6,0.18694897382064996,1,1746.0
014D783057,38.86,70.7,2.0,0.18961617749951665,1,1855.0
014D783058,24.3,71.7,1.4,0.21072145180043877,1,3205.0
014D783059,13.99,57.1,1.5,0.2134991270877063,1,3319.0
014D783060,50.67,209.7,2.2,0.13185924892049938,1,686.0
014D783062,36.56,111.3,1.4,0.19655400825256597,1,2249.0
014D783063,30.24,110.6,1.9,0.2090831205211678,1,3127.0
014D783065,19.94,84.6,1.2,0.2169293706304341,1,3408.0
014D783066,41.96,238.2,2.4,0.10990814514364261,1,516.0
014D783067,8.68,31.9,0.8,0.18123065835821356,1,1509.0
014D783068,23.48,108.5,1.6,0.20930447877404645,1,3137.0
014D783069,17.58,66.0,1.1,0.21398220563108156,1,3334.0
014D783070,30.3,66.3,1.4,0.19413136936337178,1,2114.0
014D783071,24.15,56.2,1.3,0.21096959769083234,1,3217.0
014D783072,14.99,73.9,0.8,0.20415840641478483,1,2774.0
014D783073,36.99,122.2,0.7,0.18634527174912613,1,1719.0
014D783074,26.61,95.9,0.4,0.19609799307801073,1,2224.0
014D783075,23.11,117.4,1.6,0.20785789215757816,1,3052.0
014D783076,28.92,123.7,5.2,0.18813390457268142,1,1792.0
014D783077,13.65,56.5,0.9,0.20866637571575297,1,3104.0
014D783078,15.21,47.7,0.6,0.19960552546310467,1,2457.0
014D783080,8.6,50.7,0.9,0.20075707247305147,1,2549.0
014D783082,12.68,86.0,1.1,0.20689473439028094,1,2971.0
014D783083,35.0,56.1,2.9,0.17680362062922,1,1381.0
014D783086,22.49,96.8,1.8,0.21296536665641091,1,3303.0
014D783087,30.92,116.3,3.5,0.19972447747998406,1,2462.0
014D783088,28.54,88.3,1.9,0.20723286636306304,1,2997.0
014D783089,12.64,44.6,0.7,0.20287405051722596,1,2684.0
014D783090,33.31,95.7,1.0,0.20740121762549452,1,3015.0
014D783091,10.7,39.4,0.6,0.18957261852310225,1,1850.0
014D783092,43.62,134.7,1.1,0.17917287616903044,1,1452.0
014D783093,11.59,62.0,0.9,0.20412657656787897,1,2772.0
014D783094,12.58,59.5,0.6,0.20534675492103482,1,2870.0
014D783095,23.17,106.1,2.1,0.20482021068993955,1,2832.0
014D783096,19.58,118.4,2.0,0.20402535310439995,1,2764.0
014D783097,14.75,94.2,1.2,0.20664777036454618,1,2951.0
014D783098,7.98,73.9,0.7,0.19510213263919468,1,2171.0
014D783099,13.49,43.9,1.0,0.20195679856677534,1,2635.0
014D783100,27.89,158.4,5.2,0.1688756676555846,1,1210.0
014D783102,24.51,110.5,2.1,0.20711426889514484,1,2987.0
014D783104,10.23,32.2,1.0,0.1812479988758523,1,1510.0
014D783105,31.29,200.4,2.1,0.15856345150445622,1,1015.0
014D783106,35.67,157.5,3.1,0.17898899647452776,1,1446.0
014D783108,29.23,178.1,4.8,0.15902885349802043,1,1025.0
014D783109,29.85,169.8,6.2,0.15285029291541136,1,921.0
014D783110,19.47,85.2,3.5,0.20959465357824986,1,3157.0
014D783111,19.59,129.3,2.6,0.19602556627126733,1,2222.0
014D783112,20.07,104.7,4.9,0.18668776661681752,1,1731.0
014D783113,25.32,153.7,5.9,0.16096388410422163,1,1050.0
014D783114,27.3,148.3,4.6,0.18410151209479647,1,1635.0
014D783115,7.28,104.9,1.6,0.17913014505461433,1,1450.0
014D783116,27.58,157.9,9.3,0.12643819407990714,1,635.0
014D783117,21.63,44.2,1.5,0.19401766771153556,1,2107.0
014D783118,23.97,65.3,4.2,0.2007862793084072,1,2555.0
014D783119,43.32,100.0,2.1,0.19031966233308928,1,1890.0
014D783120,42.92,114.6,3.4,0.18764344341442618,1,1771.0
014D783122,45.47,115.8,3.6,0.17872282740556028,1,1442.0
014D783123,47.87,143.6,5.1,0.16239154176471282,1,1072.0
014D783125,34.32,116.4,3.0,0.1958824865963466,1,2214.0
014D783126,30.89,81.0,2.4,0.20522157925573625,1,2860.0
014D783127,34.48,85.6,2.0,0.19649244386800052,1,2244.0
014D783128,43.78,128.3,4.9,0.17593114646330937,1,1358.0
014D783129,16.71,45.9,1.6,0.209106673289562,1,3128.0
014D783130,22.22,111.0,3.1,0.19630187240405983,1,2233.0
014D783131,32.22,98.6,3.1,0.20147091307997655,1,2598.0
014D783132,27.47,55.9,3.6,0.19273793567016778,1,2019.0
014D783133,22.14,85.5,1.8,0.21473256156638948,1,3357.0
014D783134,18.93,71.4,1.7,0.2162197570192509,1,3398.0
014D783136,22.27,78.0,2.7,0.20532800071679724,1,2869.0
014D783137,17.31,42.1,2.1,0.1924877774285909,1,2005.0
014D783138,57.48,135.5,5.8,0.137774675471944,1,743.0
014D783139,27.49,76.9,2.2,0.20904004257786074,1,3124.0
014D783140,35.84,84.7,2.0,0.19754078124605084,1,2321.0
014D783142,32.14,112.1,2.1,0.206970884797112,1,2977.0
014D783143,33.97,95.4,1.6,0.20705210291994813,1,2985.0
014D783144,22.93,63.6,2.1,0.21036559407425864,1,3190.0
014D783145,43.9,104.9,2.6,0.18619810532751835,1,1713.0
014D783147,31.78,79.9,2.1,0.20474896359931732,1,2828.0
014D783148,40.03,133.3,4.3,0.184432120823541,1,1651.0
014D783150,43.22,155.0,4.3,0.1703595389048168,1,1242.0
014D783151,23.79,62.8,2.0,0.20945447729235017,1,3144.0
014D783152,104.87,143.5,3.2,0.010841393455713333,1,187.0
014D783153,24.22,86.8,4.0,0.20268308034010052,1,2676.0
014D783154,21.04,47.0,4.8,0.18242995948513618,1,1559.0
014D783155,10.02,37.5,1.5,0.19261004394392967,1,2012.0
014D783156,8.47,35.1,1.3,0.19235016222198859,1,1996.0
014D783157,26.97,113.1,4.5,0.19867786721529423,1,2405.0
014D783158,12.37,49.5,2.6,0.19671781736458654,1,2264.0
014D783159,23.3,108.2,4.2,0.19809906804083516,1,2363.0
014D783160,31.85,89.8,2.7,0.20075170855307078,1,2548.0
014D783162,62.0,102.5,3.3,0.14692984200095816,1,841.0
014D783163,11.36,49.5,2.2,0.2004754991470431,1,2524.0
014D783165,18.41,126.1,3.6,0.1948772351595917,1,2159.0
014D783166,31.08,118.2,8.6,0.14810314634679939,1,857.0
014D783167,32.51,64.8,2.9,0.1891148926583779,1,1827.0
014D783168,30.19,85.3,3.6,0.19738637888534277,1,2307.0
014D783169,23.68,111.0,5.1,0.1916186289880798,1,1958.0
014D783170,12.49,20.2,1.7,0.14873485106839668,1,862.0
014D783171,27.6,48.4,2.0,0.19374693468817894,1,2090.0
014D783173,35.46,81.4,7.9,0.13881995971195815,1,758.0
014D783174,17.62,85.3,2.7,0.21019077955018162,1,3182.0
014D783175,42.65,233.7,6.2,0.09484163915341653,1,444.0
014D783176,92.03,401.6,10.7,-0.10129243786591013,-1,35.0
014D783177,51.75,188.4,6.3,0.11071173766903941,1,523.0
014D783178,38.17,171.0,8.7,0.11339521206149211,1,545.0
014D783179,13.71,52.8,9.8,0.09782753441354264,1,455.0
014D783180,22.58,101.3,9.5,0.13826011096073143,1,750.0
014D783182,26.63,196.0,9.2,0.09682246780123105,1,452.0
014D783183,18.45,109.8,5.4,0.1848126391988258,1,1660.0
014D783184,27.58,205.7,28.7,-0.07255438665893621,-1,68.0
014D783185,18.55,186.3,8.2,0.10843852002240306,1,505.0
014D783187,9.45,134.5,4.6,0.14799141199187593,1,854.0
014D783188,35.44,176.4,14.6,0.04735875794272426,1,274.0
014D783189,23.62,246.9,4.6,0.09154856812008982,1,423.0
014D783190,20.46,148.9,20.8,-0.004156533206501334,-1,167.0
014D783191,10.38,73.1,5.9,0.1454926633748379,1,818.0
014D783193,33.82,225.8,19.7,-0.026504307344887623,-1,131.0
014D783194,22.41,130.4,10.9,0.12341872662766801,1,616.0
014D783195,11.18,52.5,4.6,0.17371864245475244,1,1312.0
014D783196,14.68,129.6,21.0,-0.0077853700179097984,-1,157.0
014D783197,20.74,199.2,11.5,0.07430455914163137,1,371.0
014D783198,13.33,110.3,7.2,0.13432775725775242,1,715.0
014D783199,23.51,226.6,11.8,0.04159018990576757,1,256.0
014D783200,20.89,128.3,16.8,0.054457075369819474,1,294.0
014D783202,6.22,59.2,6.5,0.10895614361444189,1,509.0
014D783203,6.6,94.1,4.1,0.15671150818858703,1,978.0
014D783204,7.58,90.0,4.4,0.16884872744447782,1,1208.0
014D783207,12.54,85.5,4.2,0.18098777849252623,1,1505.0
014D783208,15.08,102.4,8.7,0.1267249390172066,1,639.0
014D783209,10.43,79.1,3.8,0.18405921791382912,1,1629.0
014D783210,25.36,109.1,13.0,0.09829654706636443,1,459.0
014D783211,30.54,147.8,14.1,0.09046548100393037,1,418.0
014D783212,90.79,115.8,34.0,-0.1005430206081731,-1,38.0
014D783213,65.41,91.6,4.7,0.13448249392285766,1,716.0
014D783214,32.04,69.3,13.9,0.0822269077221115,1,397.0
014D783215,40.66,79.8,6.8,0.147384862274254,1,846.0
014D783216,21.43,56.3,3.3,0.2013030051936086,1,2582.0
014D783217,26.44,114.7,3.0,0.20185835660610718,1,2629.0
014D783218,18.14,75.3,3.7,0.20392370777458735,1,2761.0
014D783219,23.26,56.6,4.7,0.19291373028877423,1,2034.0
014D783220,20.23,63.4,4.9,0.19373312334539444,1,2089.0
014D783222,28.5,65.1,8.1,0.14127618053362762,1,783.0
014D783224,41.41,86.5,7.5,0.14294895352195197,1,798.0
014D783225,21.34,73.9,6.3,0.1758598275199722,1,1356.0
014D783226,59.1,193.0,9.0,0.06520727913599877,1,325.0
014D783227,81.41,112.4,8.0,0.04826027415825096,1,277.0
014D783228,70.72,121.0,8.8,0.08155301271743387,1,393.0
014D783230,22.61,39.0,5.7,0.15241931020049831,1,909.0
014D783231,18.24,59.4,4.0,0.2021376478038624,1,2643.0
014D783232,33.6,73.2,46.9,-0.06986996860976202,-1,74.0
014D783233,28.09,91.6,53.9,-0.07328968236327404,-1,66.0
014D783234,36.31,124.2,130.1,-0.09894775996034255,-1,42.0
014D783235,17.41,73.3,13.0,0.08834285554325272,1,413.0
014D783236,29.32,76.1,39.6,-0.052803806598044734,-1,94.0
014D783237,21.5,87.1,3.4,0.2033511904620624,1,2715.0
014D783238,79.11,112.5,6.8,0.0675940793663069,1,337.0
014D783239,26.58,47.0,2.3,0.19705979816904362,1,2284.0
014D783240,54.06,110.7,12.4,0.06622251292607062,1,331.0
014D783242,43.95,72.4,4.5,0.16740877143860122,1,1180.0
014D783243,20.04,64.7,1.9,0.21590284593141584,1,3388.0
014D783244,65.0,123.7,8.1,0.10326063073338815,1,482.0
014D783245,29.64,115.5,11.4,0.11958878246975957,1,583.0
014D783246,17.58,56.9,8.9,0.1319557531112594,1,687.0
014D783248,18.16,68.6,7.0,0.15745489418159014,1,992.0
014D783249,38.48,99.3,24.1,-0.0013446096908260596,-1,169.0
014D783250,25.33,64.8,3.0,0.20548308102832485,1,2878.0
014D783251,22.72,43.2,2.9,0.18214996674012096,1,1538.0
014D783252,24.03,39.7,3.6,0.17331679259464516,1,1305.0
014D783253,20.61,51.8,4.9,0.19021531029861566,1,1885.0
014D783254,37.75,63.3,16.4,0.0408499432743239,1,252.0
014D783255,31.19,56.3,5.4,0.1710297474255416,1,1256.0
014D783256,43.64,133.7,5.5,0.16345774559320714,1,1099.0
014D783258,25.96,192.7,7.0,0.12083839480025405,1,593.0
014D783259,22.27,122.3,9.1,0.13889864231706117,1,760.0
014D783260,28.23,63.1,10.6,0.11773261429210785,1,569.0
014D783262,26.65,59.0,10.5,0.12304929507731371,1,613.0
014D783263,26.41,66.3,3.0,0.20065458309963358,1,2542.0
014D783264,38.17,66.5,3.0,0.18331957516570174,1,1594.0
014D783265,25.25,51.5,3.0,0.2027124532650751,1,2678.0
014D783266,37.49,70.8,4.1,0.1851104286288584,1,1672.0
014D783268,47.42,69.9,2.9,0.1629420350811221,1,1086.0
014D783269,54.28,51.1,5.0,0.11718295283413166,1,563.0
014D783270,56.3,64.7,5.6,0.11855164301143445,1,575.0
014D783271,13.75,45.6,1.5,0.20435332233017944,1,2790.0
014D783272,41.67,97.5,5.4,0.17521551498361687,1,1342.0
014D783273,57.87,47.4,19.0,-0.03078797914861031,-1,125.0
014D783274,12.71,64.5,2.0,0.20593483388007872,1,2904.0
014D783276,43.3,67.5,9.4,0.11271602536372483,1,538.0
014D783277,33.06,72.5,9.5,0.13721530876172228,1,738.0
014D783278,45.59,74.0,48.0,-0.08915279330438108,-1,54.0
014D783279,16.32,42.9,7.3,0.12951521649148828,1,662.0
014D783280,42.76,94.4,7.1,0.15522544254927295,1,957.0
014D783282,86.46,112.0,7.1,0.03932739427995269,1,245.0
014D783283,36.82,82.2,3.8,0.1984849709103046,1,2392.0
014D783284,14.27,40.7,1.6,0.1976441745528591,1,2331.0
014D783285,27.33,73.2,2.7,0.20680654612222338,1,2966.0
014D783287,26.66,69.2,3.0,0.2012557534545344,1,2580.0
014D783288,25.39,68.5,3.8,0.20154897057219673,1,2608.0
014D783289,47.41,69.2,5.0,0.1561189887359361,1,970.0
014D783291,26.22,77.5,3.7,0.20078774720339038,1,2556.0
014D783292,12.99,27.9,1.1,0.16415771934775641,1,1113.0
014D783293,30.1,64.4,3.3,0.18936833236672468,1,1842.0
014D783294,41.06,64.9,2.1,0.18261552236724754,1,1569.0
014D783295,19.64,34.0,1.5,0.18793038929458394,1,1783.0
014D783296,16.28,49.6,3.8,0.19935727066071868,1,2448.0
014D783297,39.19,65.9,2.6,0.18760480429101012,1,1770.0
014D783298,235.67,750.2,5.9,-0.2088871546736567,-1,1.0
014D783299,26.92,60.9,2.3,0.20898520130723514,1,3119.0
014D783300,33.52,70.7,4.3,0.19103872451878579,1,1930.0
014D783302,35.05,60.0,3.6,0.17911336094976926,1,1449.0
014D783303,12.59,64.8,1.5,0.21112588173107777,1,3225.0
014D783304,14.04,51.5,1.4,0.20900445392905825,1,3122.0
014D783306,19.24,84.8,2.5,0.21526418159856042,1,3371.0
014D783307,20.93,56.5,3.1,0.2050281669624236,1,2852.0
014D783308,21.13,66.6,1.7,0.21308223513850433,1,3307.0
014D783309,16.03,74.4,1.6,0.21654757192404672,1,3402.0
014D783310,20.64,75.1,1.6,0.2173217866575215,1,3414.0
014D783311,28.7,73.7,2.4,0.20323393348575275,1,2707.0
014D783313,35.23,98.1,2.4,0.20591044947780013,1,2901.0
014D783314,35.63,106.9,2.2,0.19775099457248324,1,2339.0
014D783315,18.33,60.1,1.8,0.2187771542203652,1,3425.0
014D783316,42.08,84.9,4.3,0.18371342616344433,1,1608.0
014D783317,13.31,54.1,0.8,0.21017053743980474,1,3181.0
014D783318,30.9,66.6,1.8,0.19653998972722986,1,2248.0
014D783319,50.79,76.3,3.7,0.1565456888490922,1,976.0
014D783320,31.23,77.9,1.8,0.2058797447990623,1,2899.0
014D783322,34.67,95.1,2.6,0.20378723756286093,1,2753.0
014D783323,32.32,63.5,2.5,0.19664344546382162,1,2260.0
014D783325,33.46,78.2,3.5,0.19798905383443988,1,2357.0
014D783326,34.1,83.8,3.2,0.19177011316372644,1,1965.0
014D783327,37.63,82.9,2.9,0.1919360301059096,1,1972.0
014D783328,52.58,70.6,5.3,0.13469035747808777,1,720.0
014D783329,34.56,89.9,3.8,0.19570032829409578,1,2202.0
014D783330,22.03,64.3,2.2,0.2104405854858803,1,3191.0
014D783331,65.6,81.4,6.5,0.10233692090602231,1,478.0
014D783332,40.11,62.8,2.1,0.18177547405725814,1,1526.0
014D783333,33.54,52.1,3.6,0.18175425034931214,1,1524.0
014D783334,37.59,76.1,5.9,0.16783334509294262,1,1189.0
014D783336,49.62,114.5,13.7,0.06376136753263884,1,319.0
014D783337,66.28,84.1,21.1,-0.034570385804748804,-1,121.0
014D783338,26.07,84.9,6.7,0.17667942479637255,1,1377.0
014D783339,39.17,66.3,5.4,0.16651022260543508,1,1156.0
014D783340,30.68,129.1,10.9,0.1228493293759162,1,609.0
014D783342,13.08,65.6,3.8,0.19114295545530796,1,1937.0
014D783343,14.25,80.5,2.8,0.20048746241878151,1,2527.0
014D783344,26.16,56.2,3.9,0.19571342859783897,1,2203.0
014D783345,30.57,98.8,10.9,0.12378283223685371,1,618.0
014D783346,21.9,56.1,5.8,0.1769119414369532,1,1385.0
014D783347,54.21,114.9,8.1,0.12667314898930243,1,636.0
014D783350,55.89,96.9,10.2,0.09596903499392656,1,447.0
014D783351,57.58,81.9,4.1,0.14905778259038388,1,869.0
014D783352,59.23,75.9,6.6,0.10996347559214387,1,517.0
014D783353,54.69,104.2,12.1,0.06027981552469641,1,306.0
014D783354,37.27,59.4,9.0,0.12407828145072963,1,619.0
014D783355,24.38,45.1,4.4,0.1817514696806164,1,1523.0
014D783356,55.64,73.8,8.8,0.09333607822003726,1,430.0
014D783357,74.79,127.8,10.1,0.053568962323670366,1,292.0
014D783358,92.91,154.9,5.4,0.021025642247932907,1,210.0
014D783359,120.73,104.9,9.1,-0.05529706855794425,-1,88.0
014D783360,28.8,58.3,2.2,0.19659723197761475,1,2258.0
014D783362,63.21,115.5,4.7,0.14477585469746174,1,808.0
014D783363,19.52,48.8,1.2,0.2085302324679874,1,3090.0
014D783365,80.07,177.1,0.9,0.06258653314944884,1,315.0
014D783367,33.04,137.0,5.0,0.1809848120644162,1,1504.0
014D783368,29.51,93.0,3.7,0.19646737685551569,1,2242.0
014D783369,70.12,92.1,1.5,0.11979552344875116,1,585.0
014D783370,80.38,105.4,2.9,0.09223610987430225,1,427.0
014D783371,87.16,114.6,3.3,0.06771321810909203,1,338.0
014D783372,52.78,97.9,3.6,0.1700328148120296,1,1234.0
014D783373,61.82,125.7,1.7,0.15678638841176035,1,983.0
014D783374,33.72,77.8,2.2,0.20203651435967462,1,2640.0
014D783375,25.05,56.7,2.0,0.20739064406273772,1,3014.0
014D783376,40.63,85.5,3.0,0.18719156063975012,1,1754.0
014D783377,52.14,83.3,3.9,0.15964881865311575,1,1037.0
014D783378,44.62,82.1,2.6,0.1848127206407028,1,1661.0
014D783379,43.97,80.5,2.7,0.18104249694038171,1,1506.0
014D783380,31.36,64.8,1.8,0.20053667263178998,1,2532.0
014D783382,32.78,116.6,2.2,0.20699880258323106,1,2983.0
014D783383,40.43,76.5,2.2,0.18738853646908438,1,1764.0
014D783385,25.67,55.2,2.1,0.20474291854092425,1,2827.0
014D783387,16.33,48.5,0.9,0.21002281513970533,1,3179.0
014D783388,25.94,59.1,2.3,0.20956754378548692,1,3155.0
014D783389,48.7,95.8,4.1,0.17609727454590496,1,1365.0
014D783390,41.37,89.2,5.7,0.16744441872576576,1,1181.0
014D783391,24.43,73.8,1.0,0.21105521213395073,1,3222.0
014D783392,51.98,112.1,2.2,0.18047913099943802,1,1490.0
014D783393,29.69,90.7,1.9,0.2093883006717308,1,3138.0
014D783394,26.87,60.3,1.5,0.20667567785760477,1,2954.0
014D783395,18.32,77.0,2.0,0.21357201285499788,1,3323.0
014D783396,26.88,68.7,2.1,0.2073723071087153,1,3011.0
014D783397,34.27,61.4,1.7,0.18987651623115093,1,1868.0
014D783398,27.42,65.5,2.0,0.20584193057251177,1,2895.0
014D783399,28.49,80.6,1.6,0.21136481405824448,1,3242.0
014D783400,79.77,125.9,10.6,0.032120643361664425,1,233.0
014D783402,41.8,99.3,2.5,0.19710054847444125,1,2287.0
014D783403,48.27,81.5,2.7,0.17796420850194894,1,1419.0
014D783405,35.35,68.9,1.8,0.19076889792839818,1,1912.0
014D783406,52.97,85.5,2.9,0.16006280774140713,1,1041.0
014D783407,83.88,114.0,2.8,0.08942267419406308,1,416.0
014D783408,75.78,159.6,3.1,0.09769725330955531,1,454.0
014D783409,51.34,109.8,2.9,0.174697721775746,1,1333.0
014D783410,42.03,94.0,4.8,0.18462949790760946,1,1656.0
014D783412,44.27,96.6,2.7,0.1909025358344441,1,1922.0
014D783413,52.17,89.3,2.5,0.16674294578319554,1,1163.0
014D783414,28.57,64.9,2.9,0.19018971398370377,1,1884.0
014D783415,48.46,86.6,3.0,0.1746415848863661,1,1331.0
014D783416,56.61,122.2,2.7,0.16791497809586414,1,1190.0
014D783417,42.97,72.3,2.0,0.17746112274902026,1,1404.0
014D783418,40.46,69.1,1.9,0.1862583013008186,1,1715.0
014D783419,63.08,69.7,5.1,0.11198253783663353,1,533.0
014D783420,28.48,50.8,1.4,0.1946142389940282,1,2141.0
014D783422,34.57,84.9,1.3,0.19727286059535193,1,2303.0
014D783424,19.64,42.7,1.2,0.19872414353918982,1,2408.0
014D783425,55.87,98.9,3.4,0.1610244502020277,1,1051.0
014D783427,36.53,75.9,0.9,0.18408404295189107,1,1633.0
014D783428,39.0,98.5,1.5,0.20028987010746596,1,2504.0
014D783429,27.17,61.0,1.5,0.20639105351495984,1,2939.0
014D783430,14.26,54.0,1.2,0.21307700520810874,1,3306.0
014D783431,86.04,114.1,2.9,0.07073882776736518,1,350.0
014D783432,48.39,74.7,1.7,0.1706171490749756,1,1250.0
014D783433,19.19,52.4,1.5,0.2136626296351974,1,3327.0
014D783434,35.35,87.1,1.9,0.20242234960691763,1,2669.0
014D783435,12.53,30.4,1.2,0.17649290156162667,1,1371.0
014D783436,47.65,61.1,2.7,0.16396253978331154,1,1110.0
014D783437,15.68,64.9,0.9,0.21363576209758584,1,3325.0
014D783438,42.79,88.4,2.2,0.18974802245260303,1,1862.0
014D783439,80.93,147.6,5.2,0.07205792659273691,1,359.0
014D783440,43.81,97.6,2.5,0.19430854956005433,1,2123.0
014D783442,29.22,176.5,28.6,-0.05482814401130698,-1,89.0
014D783443,38.83,112.2,1.2,0.19314320665633927,1,2053.0
014D783444,86.11,255.3,2.7,0.028576241104796285,1,223.0
014D783446,53.06,119.4,2.1,0.1776215126420751,1,1407.0
014D783447,57.94,154.5,2.5,0.1553539290986775,1,960.0
014D783448,173.75,181.2,7.3,-0.10602381266681471,-1,31.0
014D783449,76.84,180.7,3.6,0.07310006660507984,1,363.0
014D783450,34.96,60.2,6.7,0.15283016900414903,1,920.0
014D783451,46.75,243.8,3.0,0.1003449908026357,1,469.0
014D783452,34.11,137.3,9.0,0.13117408881843995,1,678.0
014D783453,17.36,58.4,2.6,0.21154516894855013,1,3249.0
014D783454,14.94,46.6,2.0,0.19758229673978872,1,2327.0
014D783455,36.5,49.6,7.3,0.12283312990909362,1,608.0
014D783456,25.73,75.7,4.0,0.2044662194046024,1,2803.0
014D783457,28.94,62.1,5.2,0.18182065749046566,1,1528.0
014D783458,61.46,119.3,24.1,-0.03285737542578626,-1,123.0
014D783459,41.29,58.9,3.7,0.16677806807454537,1,1164.0
014D783462,60.59,78.9,18.8,-0.012532327828734702,-1,150.0
014D783463,60.2,200.9,3.4,0.11051526620278401,1,522.0
014D783464,75.6,233.3,13.8,-0.024249391239069662,-1,136.0
014D783466,25.28,53.6,5.6,0.17605507933678882,1,1364.0
014D783467,41.56,152.8,6.3,0.159502193504171,1,1034.0
014D783468,63.91,146.5,3.8,0.1389330515220072,1,761.0
014D783469,21.31,61.6,1.5,0.21329992927868313,1,3313.0
014D783470,57.01,171.3,4.0,0.13654882928007744,1,733.0
014D783471,104.47,271.1,6.0,-0.05124954917051783,-1,96.0
014D783473,66.98,133.3,5.9,0.11543976094960834,1,555.0
014D783474,61.25,100.9,4.5,0.1501551334220993,1,884.0
014D783475,42.74,106.3,4.2,0.18047299755651114,1,1489.0
014D783476,56.32,123.5,7.7,0.12062591836011588,1,591.0
014D783477,28.52,105.2,3.8,0.19626073533801758,1,2232.0
014D783478,52.59,105.8,3.9,0.16414120698412715,1,1112.0
014D783479,71.74,206.5,8.1,0.036349758405296084,1,241.0
014D783480,55.88,115.2,12.4,0.06296900879646228,1,318.0
014D783482,27.15,84.1,4.9,0.2005654060709165,1,2534.0
014D783483,67.95,179.5,3.9,0.10201575442938604,1,476.0
014D783484,29.33,122.6,1.2,0.20430446121805024,1,2788.0
014D783485,89.3,261.9,1.8,0.01118882190053705,1,188.0
014D783487,48.51,125.8,1.9,0.1902481885480195,1,1888.0
014D783488,34.22,102.7,1.3,0.19776871365747384,1,2342.0
014D783489,45.94,126.7,1.4,0.18730800189033575,1,1760.0
014D783490,52.24,117.6,3.5,0.1706872476833058,1,1251.0
014D783491,60.22,151.1,2.9,0.14938688042097487,1,872.0
014D783492,45.45,118.7,5.1,0.17281028816548383,1,1294.0
014D783493,40.14,98.4,4.3,0.18883596525705576,1,1814.0
014D783494,13.56,26.8,0.6,0.16080054009970773,1,1048.0
014D783495,14.89,41.3,0.6,0.19245772003907557,1,2004.0
014D783497,25.45,57.7,0.9,0.2053021031676458,1,2866.0
014D783498,36.2,60.7,7.9,0.12937193999900143,1,659.0
014D783499,41.0,50.9,1.6,0.1739859558745075,1,1318.0
014D783500,24.51,47.0,1.5,0.19754179814338674,1,2323.0
014D783502,11.46,47.9,1.3,0.20847524971445808,1,3087.0
014D783503,30.95,68.9,2.7,0.19364328497483696,1,2080.0
014D783505,29.18,55.6,2.0,0.19427982512342545,1,2121.0
014D783507,40.49,79.0,2.2,0.18828264755059365,1,1797.0
014D783508,29.03,84.3,1.9,0.2110692589526434,1,3223.0
014D783509,9.4,35.7,0.7,0.18813030735122466,1,1791.0
014D783510,13.12,46.5,0.7,0.20428485630608995,1,2785.0
014D783511,35.83,99.0,1.5,0.20122825411406936,1,2579.0
014D783512,60.59,79.0,2.3,0.13782834386482895,1,746.0
014D783513,12.21,48.2,0.8,0.20719744271095641,1,2992.0
014D783514,41.14,93.0,2.3,0.19624661501150997,1,2229.0
014D783515,28.5,75.0,1.5,0.20622574392412513,1,2928.0
014D783516,43.13,82.8,2.4,0.18576392354895738,1,1698.0
014D783517,25.22,53.1,1.6,0.21097891263778884,1,3218.0
014D783518,34.01,74.5,1.5,0.19670275225127548,1,2263.0
014D783519,17.24,54.0,0.9,0.20974015539384577,1,3165.0
014D783520,33.25,66.3,1.0,0.19466008037858656,1,2146.0
014D783522,12.36,40.6,0.8,0.20003986684779318,1,2486.0
014D783523,26.09,55.7,1.3,0.2050025669547918,1,2851.0
014D783525,27.79,56.9,1.3,0.19899663329876327,1,2429.0
014D783526,25.43,49.7,1.0,0.20382254271167471,1,2755.0
014D783527,59.68,113.4,2.8,0.15953403296719598,1,1036.0
014D783528,47.65,85.5,2.0,0.18157224613411854,1,1517.0
014D783529,20.39,73.3,0.7,0.20814262306062242,1,3064.0
014D783530,38.58,98.8,0.4,0.17991125195851465,1,1475.0
014D783531,34.42,84.6,0.4,0.18647557665180625,1,1725.0
014D783533,57.43,81.8,0.6,0.1376519948589518,1,741.0
014D783534,67.55,124.6,0.8,0.1312047608022469,1,680.0
014D783535,45.89,190.2,0.5,0.13421127455208348,1,713.0
014D783536,45.28,130.1,0.7,0.1724713046804931,1,1292.0
014D783537,54.11,97.5,1.1,0.16744531904001714,1,1182.0
014D783538,84.2,187.6,1.8,0.0715592334749584,1,356.0
014D783539,56.16,180.5,1.7,0.13730530608038982,1,739.0
014D783540,30.87,68.0,1.2,0.1955980885703255,1,2196.0
014D783542,30.28,60.8,2.0,0.19454692189465367,1,2138.0
014D783543,25.68,77.9,0.8,0.20769964775497501,1,3044.0
014D783544,29.82,68.4,0.7,0.19135597912128616,1,1941.0
014D783546,49.28,93.2,2.6,0.18515003386497442,1,1674.0
014D783547,40.28,91.0,1.4,0.18916222127652982,1,1830.0
014D783548,76.66,126.8,1.9,0.11076995943095941,1,524.0
014D783549,57.61,106.3,1.4,0.15674263265918253,1,980.0
014D783550,51.14,190.8,2.7,0.1425819793184433,1,791.0
014D783551,40.97,151.2,2.4,0.18958438419219115,1,1852.0
014D783552,30.22,94.1,2.4,0.20833573190130855,1,3080.0
014D783553,33.76,138.1,3.5,0.19040680295369233,1,1895.0
014D783554,38.61,107.0,3.7,0.18646229773168377,1,1724.0
014D783555,44.08,135.0,6.6,0.15465244736128514,1,946.0
014D783556,38.83,187.8,3.9,0.15487257868686755,1,948.0
014D783558,37.41,128.0,4.8,0.18653502127039423,1,1727.0
014D783559,44.41,139.5,2.5,0.18315445554870907,1,1591.0
014D783560,29.39,82.6,1.8,0.2098882990117205,1,3172.0
014D783562,53.59,129.3,1.1,0.16903179165196125,1,1215.0
014D783563,26.3,105.4,0.3,0.18898089668538492,1,1819.0
014D783565,9.3,20.1,0.7,0.14603096566081908,1,825.0
014D783566,21.48,55.8,1.3,0.2118530623544299,1,3262.0
014D783567,22.7,84.7,1.2,0.21145689889047992,1,3245.0
014D783568,20.19,47.6,1.1,0.2075572454526345,1,3027.0
014D783570,21.43,68.2,0.8,0.20555055886392326,1,2882.0
014D783571,25.75,79.2,1.4,0.21335283227660584,1,3314.0
014D783572,20.78,41.6,1.3,0.19705700561289563,1,2283.0
014D783573,15.25,40.7,1.0,0.19298445075263582,1,2042.0
014D783574,8.45,22.7,0.5,0.14887263397885492,1,866.0
014D783575,12.63,31.5,0.7,0.17765040872777343,1,1409.0
014D783576,13.62,35.6,0.7,0.1914739865307828,1,1947.0
014D783577,12.91,54.9,0.7,0.20958909265308456,1,3156.0
014D783578,11.32,33.8,0.4,0.18288909208089799,1,1583.0
014D783579,16.41,69.0,0.7,0.21024856861514674,1,3186.0
014D783580,17.77,28.3,0.4,0.16582794684780972,1,1143.0
014D783582,24.51,54.0,1.4,0.20722910803872546,1,2996.0
014D783584,22.17,22.1,0.2,0.13008465912717532,1,667.0
014D783585,18.63,51.5,0.4,0.207797596460368,1,3049.0
014D783586,17.18,45.4,0.4,0.19994451189125806,1,2477.0
014D783587,23.83,59.2,0.6,0.20178676714372884,1,2623.0
014D783589,13.68,36.1,0.2,0.17328650632477305,1,1303.0
014D783590,49.53,46.1,0.3,0.11781409152082889,1,570.0
014D783591,11.89,33.6,0.3,0.1781310603743963,1,1423.0
014D783592,28.84,62.3,0.5,0.18961259354609838,1,1854.0
014D783593,12.01,21.0,0.3,0.14107435088963743,1,782.0
014D783594,45.57,54.9,0.3,0.13412780776776162,1,712.0
014D783595,33.52,54.1,0.4,0.17376597377054054,1,1314.0
014D783596,25.86,78.3,0.4,0.20092307591034525,1,2559.0
014D783597,5.89,29.7,0.2,0.12673298895095686,1,640.0
014D783598,20.06,60.7,0.5,0.20776979225869524,1,3048.0
014D783599,16.0,107.4,0.6,0.20014387474453466,1,2492.0
014D783600,28.68,107.2,0.8,0.2007821114862834,1,2552.0
014D783603,15.01,51.6,0.3,0.19832206638954003,1,2378.0
014D783604,8.75,35.3,0.2,0.17143279508677217,1,1266.0
014D783605,22.14,80.2,0.6,0.20367440847440488,1,2744.0
014D783606,34.06,56.6,0.3,0.16873708994069553,1,1201.0
014D783607,9.35,43.8,0.2,0.1828281979826919,1,1580.0
014D783608,22.01,79.7,0.4,0.20224819297241492,1,2657.0
014D783609,11.73,22.8,0.2,0.138755854073069,1,756.0
014D783610,20.01,31.8,0.3,0.16614589644464278,1,1150.0
014D783611,13.93,44.9,0.4,0.19887930855114205,1,2417.0
014D783613,19.05,74.4,0.4,0.20439195368237517,1,2795.0
014D783614,23.77,81.2,1.0,0.21119950128602882,1,3231.0
014D783615,17.54,70.0,0.7,0.20943522401494147,1,3140.0
014D783616,29.86,57.1,1.8,0.19716342042463986,1,2294.0
014D783617,25.88,59.1,2.1,0.2094492954350381,1,3143.0
014D783618,13.64,49.8,0.8,0.20884828469620043,1,3112.0
014D783619,13.16,38.6,0.4,0.19455769915811233,1,2139.0
014D783620,15.21,24.7,0.2,0.14642524395147127,1,834.0
014D783622,14.5,40.6,0.3,0.1882425719802837,1,1796.0
014D783623,17.84,46.3,0.2,0.19075939519584284,1,1911.0
014D783625,31.13,61.5,0.5,0.1875417322495493,1,1767.0
014D783626,24.83,31.7,0.4,0.161413849402123,1,1055.0
014D783627,30.14,110.3,0.7,0.20171090242749073,1,2619.0
014D783628,29.76,47.6,0.6,0.17779295691672287,1,1414.0
014D783629,22.81,99.9,1.0,0.20820314764125447,1,3070.0
014D783631,89.3,118.6,0.7,0.04042350215067192,1,250.0
014D783632,67.18,122.2,1.1,0.1371801296198571,1,737.0
014D783633,17.65,52.0,1.6,0.2166014270889522,1,3404.0
014D783634,13.76,33.2,0.9,0.18567336207463836,1,1695.0
014D783635,16.54,52.8,1.0,0.21348781898887303,1,3318.0
014D783636,20.89,83.2,0.8,0.21438211773326216,1,3345.0
014D783637,21.97,60.3,0.8,0.20826848440905094,1,3073.0
014D783638,63.23,241.2,1.0,0.07867872640341877,1,385.0
014D783639,43.02,163.6,0.9,0.1588750475534168,1,1020.0
014D783640,36.65,131.8,1.0,0.1926966869738193,1,2017.0
014D783642,30.28,111.7,0.9,0.2031751455630581,1,2700.0
014D783643,61.25,94.5,2.1,0.15303246522201724,1,925.0
014D783644,116.63,23.1,1.9,-0.04772234670808917,-1,101.0
014D783646,256.36,73.6,1.6,-0.10082152563355229,-1,36.0
014D783647,35.52,95.8,2.1,0.20222721842121238,1,2656.0
014D783648,9.11,56.7,0.6,0.19952073147619231,1,2454.0
014D783649,26.6,49.1,1.5,0.19904725021235875,1,2431.0
014D783650,20.06,54.1,0.9,0.20733863641416744,1,3007.0
014D783651,12.71,32.6,0.6,0.1800160229124131,1,1478.0
014D783652,20.03,58.9,1.1,0.21411879468747103,1,3337.0
014D783654,20.21,64.0,1.0,0.21533585504373698,1,3374.0
014D783655,10.9,27.1,0.7,0.16589433412397075,1,1146.0
014D783656,25.58,37.1,1.1,0.18420074703102696,1,1638.0
014D783657,24.47,82.0,1.5,0.216433803358816,1,3401.0
014D783658,20.09,43.4,1.6,0.2015199952059159,1,2605.0
014D783659,17.62,43.3,4.4,0.18242055511982364,1,1557.0
014D783660,12.69,41.6,4.0,0.17537367527853953,1,1347.0
023I781005,57.69,181.1,2.0,0.13894115661685574,1,762.0
023I781008,113.86,171.4,3.6,-0.02912674152393835,-1,127.0
023I781009,88.18,111.3,2.4,0.0716391143378119,1,357.0
023I781011,42.0,81.8,1.9,0.19366183029100165,1,2082.0
023I781012,31.77,145.1,2.2,0.19720160953469829,1,2297.0
023I781013,33.28,115.4,2.0,0.20318427535405043,1,2702.0
023I781014,30.41,136.3,2.0,0.19555380194563127,1,2195.0
023I781015,26.45,120.8,2.2,0.20968317065237002,1,3161.0
023I781016,36.95,119.7,1.6,0.19872843844433447,1,2409.0
023I781017,41.05,124.7,1.8,0.1981084360943261,1,2367.0
023I781018,51.32,135.1,1.7,0.17313100429271028,1,1300.0
023I781019,37.9,83.1,1.1,0.1940464622309841,1,2109.0
023I781020,52.09,91.5,1.0,0.16370975816933325,1,1104.0
023I781023,34.48,161.2,0.9,0.16886178158455944,1,1209.0
023I781025,54.15,118.6,1.0,0.16643608135833016,1,1155.0
023I781027,52.64,118.4,0.8,0.16284036900085957,1,1084.0
023I781028,41.41,131.0,1.0,0.18919988607722943,1,1833.0
023I781031,55.08,183.6,1.5,0.1385965100516367,1,754.0
023I781033,36.42,134.1,1.9,0.19590141401115657,1,2215.0
023I781034,34.28,127.8,2.6,0.20156073157464816,1,2609.0
023I781037,91.47,245.0,3.1,0.007133380976018455,1,180.0
023I781040,95.91,274.1,3.1,-0.015578313737549254,-1,147.0
023I781043,192.79,517.0,2.7,-0.17388180984044288,-1,8.0
023I781046,35.06,153.1,1.4,0.18350707140056238,1,1602.0
023I781047,135.61,388.1,2.1,-0.10154911440512415,-1,34.0
023I781048,74.42,271.0,1.6,0.027999912438758434,1,222.0
023I781050,127.5,294.2,2.2,-0.07188311560712501,-1,70.0
023I781052,95.9,300.7,3.6,-0.02922392934317164,-1,126.0
023I781054,78.62,188.4,9.6,0.014382485761156083,1,194.0
023I781055,59.46,162.1,2.9,0.14043560356820106,1,777.0
023I781056,53.03,126.4,3.2,0.1710194854219097,1,1255.0
023I781057,109.93,258.3,3.6,-0.04040037663175344,-1,111.0
023I781058,40.84,162.9,2.2,0.17781657307161097,1,1416.0
023I781059,59.63,127.6,2.4,0.16468613983134905,1,1125.0
023I781060,73.57,164.6,2.4,0.11191714297885708,1,532.0
023I781063,37.89,154.3,1.3,0.1794252558754041,1,1463.0
023I781064,21.9,78.0,0.6,0.20368923526652677,1,2746.0
023I781066,28.83,112.5,1.0,0.20587963863234476,1,2898.0
023I781067,67.69,151.6,1.1,0.1274075566006173,1,646.0
023I781069,47.26,141.6,0.9,0.16757596665083746,1,1184.0
023I781070,48.27,88.4,0.9,0.168738568663658,1,1202.0
023I781071,83.23,156.7,1.4,0.08026247398549347,1,389.0
023I781072,41.59,126.4,1.5,0.1975403894170813,1,2320.0
023I781073,34.46,33.6,2.1,0.15855874919234292,1,1014.0
023I781075,48.59,179.3,1.8,0.1536836579559996,1,932.0
023I781078,16.08,80.8,1.0,0.21522594810732054,1,3370.0
023I781082,107.42,258.7,4.8,-0.04531138056666051,-1,105.0
023I781083,121.69,256.6,3.2,-0.05112314815020658,-1,97.0
023I781084,49.09,135.1,6.7,0.14032657002327936,1,774.0
023I781086,70.41,226.4,2.9,0.061982552895769594,1,312.0
023I781087,61.53,238.6,6.0,0.06835368241344486,1,340.0
023I781088,32.09,327.6,2.2,0.03537992522163136,1,238.0
023I781089,27.83,274.5,2.0,0.0776560138536716,1,379.0
023I781092,25.97,191.7,1.6,0.16527030001270349,1,1134.0
023I781093,40.82,190.8,3.5,0.152689742723579,1,916.0
023I781096,31.6,106.2,1.3,0.20274047894036606,1,2680.0
023I781098,35.36,55.9,2.1,0.182344593980458,1,1552.0
023I781099,24.98,57.2,4.5,0.19765364163719656,1,2332.0
023I781102,29.0,100.3,2.0,0.207588587501277,1,3030.0
023I781103,29.62,79.8,0.8,0.20035571750601572,1,2512.0
023I781105,26.94,107.7,1.6,0.2143825083300146,1,3346.0
023I781107,31.16,113.3,0.8,0.20186557802450095,1,2630.0
023I781109,31.59,95.1,0.8,0.20108114140488076,1,2572.0
023I781110,46.96,123.2,1.4,0.1862708857358214,1,1716.0
023I781111,30.75,174.8,1.0,0.1661339178191627,1,1149.0
023I781112,26.88,109.0,2.2,0.20986575461685003,1,3170.0
023I781113,20.38,86.8,3.4,0.20636689128296604,1,2937.0
023I781114,17.13,87.6,1.5,0.21882348802344065,1,3426.0
023I781115,27.75,145.8,10.7,0.12165885839426727,1,601.0
023I781116,14.74,75.3,1.2,0.2106800698746153,1,3202.0
023I781119,34.51,134.8,1.8,0.19295011426606384,1,2039.0
023I781120,16.78,65.7,3.2,0.20219499983113243,1,2652.0
023I781122,6.56,55.4,1.5,0.1783208590840853,1,1428.0
023I781126,5.26,51.7,1.3,0.16523498515965873,1,1133.0
023I781127,31.33,124.4,5.3,0.18905585146807974,1,1824.0
023I781132,12.35,113.3,1.6,0.1997528566607587,1,2465.0
023I781133,14.19,113.5,1.5,0.20131231536248162,1,2583.0
023I781138,12.73,107.0,1.2,0.19994994329448268,1,2478.0
023I781139,9.64,52.2,1.1,0.2055229373888129,1,2880.0
023I781142,13.97,67.7,1.8,0.20692866226261292,1,2974.0
023I781144,12.51,130.1,1.4,0.18213377851648166,1,1537.0
023I781145,12.9,89.0,1.1,0.20724924946759854,1,2999.0
023I781147,16.28,101.1,0.8,0.20567054190813205,1,2890.0
023I781148,12.29,69.4,0.8,0.2056432697106712,1,2888.0
023I781151,9.8,37.2,0.5,0.1877060563645636,1,1774.0
023I781152,10.37,76.6,1.0,0.2033018445128525,1,2711.0
023I781153,11.29,107.3,1.2,0.1971976849108017,1,2296.0
023I781154,12.61,109.0,1.2,0.20229285791789553,1,2659.0
023I781155,11.18,71.5,1.8,0.20363248125013922,1,2738.0
023I781156,6.81,73.4,1.1,0.17803600374786244,1,1420.0
023I781157,8.04,97.3,0.9,0.18425593052349976,1,1642.0
023I781158,13.67,165.1,0.9,0.1570797036322144,1,988.0
023I781159,13.96,89.3,1.5,0.21223733048568777,1,3273.0
023I781162,10.68,91.7,1.2,0.19982758996100108,1,2473.0
023I781163,9.46,52.6,1.4,0.2043547220955121,1,2791.0
023I781165,4.3,52.7,0.6,0.14984254955347687,1,882.0
023I781166,12.97,76.3,1.5,0.21092196563414584,1,3215.0
023I781167,13.13,77.5,1.9,0.2116942554435588,1,3257.0
023I781168,11.05,48.3,1.1,0.20424311235865433,1,2783.0
023I781169,6.4,108.2,0.9,0.16063980282861257,1,1047.0
023I781170,8.84,129.8,1.9,0.17659137628496752,1,1375.0
023I781172,7.47,92.4,1.2,0.18921995276937348,1,1837.0
023I781173,9.59,75.6,1.5,0.20418590412730103,1,2777.0
023I781174,12.15,42.7,0.8,0.2028835693830236,1,2685.0
023I781175,8.22,52.0,1.0,0.1979276989585863,1,2354.0
023I781176,16.1,112.9,2.2,0.20667688045424498,1,2955.0
023I781177,17.88,57.6,0.6,0.21259921344878957,1,3287.0
023I781178,14.93,139.7,1.2,0.17657423771480757,1,1374.0
023I781180,17.41,87.0,0.5,0.2086420765644893,1,3102.0
023I781182,16.06,46.5,0.3,0.200288300591554,1,2503.0
023I781183,16.04,44.5,0.3,0.19874967229505963,1,2412.0
023I781184,17.82,58.0,0.3,0.2076725388691903,1,3039.0
023I781185,14.84,42.9,0.4,0.19450359522078092,1,2133.0
023I781186,32.47,82.3,0.8,0.20184687300474147,1,2628.0
023I781194,24.16,176.6,2.1,0.16863103321377743,1,1198.0
023I781196,39.49,144.1,1.1,0.18459594067559393,1,1655.0
023I781197,48.67,156.7,4.5,0.15775828536541914,1,999.0
023I781198,52.81,180.9,2.4,0.14556598181146324,1,820.0
023I781199,26.95,132.4,1.1,0.19813893999045945,1,2369.0
023I781202,11.93,111.9,0.7,0.19055458861185037,1,1905.0
023I781204,8.52,94.9,0.9,0.19226044361371064,1,1990.0
023I781205,47.93,81.1,5.3,0.15755956842768165,1,994.0
023I781206,22.4,71.8,3.1,0.19893467704173934,1,2426.0
023I781208,11.95,87.3,2.0,0.2024084043823709,1,2667.0
023I781210,8.14,65.8,2.5,0.18968485389001122,1,1859.0
023I781211,5.7,39.6,0.6,0.15323335972147217,1,928.0
023I781212,11.61,94.3,2.3,0.1968299320583392,1,2267.0
023I781213,10.82,154.1,1.9,0.17334434679466237,1,1306.0
023I781214,14.75,114.1,1.3,0.19976939327097132,1,2467.0
023I781215,14.04,62.3,1.9,0.20837295457992322,1,3081.0
023I781216,13.61,73.3,1.7,0.21301465675689846,1,3304.0
023I781217,7.29,56.5,1.9,0.18948493270894723,1,1847.0
023I781219,37.56,176.9,4.3,0.15516419450575386,1,956.0
023I781220,19.09,108.6,1.5,0.21164383936359116,1,3253.0
023I781222,20.91,103.5,1.6,0.2093040778820715,1,3136.0
023I781225,20.18,114.3,2.0,0.20766397507526257,1,3037.0
023I781226,6.86,40.0,1.4,0.16520334159920014,1,1132.0
023I781227,12.18,81.9,2.4,0.20384888357502606,1,2757.0
023I781228,14.86,68.6,1.8,0.2065525352367048,1,2944.0
023I781229,15.0,91.7,2.1,0.20146685475482728,1,2597.0
023I781233,13.01,78.9,1.9,0.20970034698269152,1,3162.0
023I781234,10.01,79.1,3.4,0.18681830012582762,1,1742.0
023I781237,9.68,53.2,11.3,0.07235583896593134,1,360.0
023I781240,23.98,103.6,4.2,0.19370156665001032,1,2086.0
023I781242,24.35,53.7,2.2,0.2078502937317061,1,3051.0
023I781245,17.91,49.4,1.7,0.215580261359539,1,3381.0
023I781246,18.09,116.5,1.6,0.21238457672574407,1,3282.0
023I781247,6.23,78.2,0.4,0.16505065451974205,1,1129.0
023I781248,20.63,33.6,0.4,0.17765148121580426,1,1410.0
023I781249,21.08,74.1,0.4,0.20057921940541557,1,2535.0
023I781254,5.53,46.4,0.4,0.15792649708686662,1,1006.0
023I781255,12.64,40.9,0.6,0.19528701053924835,1,2185.0
023I781257,25.04,108.4,0.6,0.19869934499603958,1,2407.0
023I781258,33.56,94.1,0.6,0.20021409957072728,1,2496.0
023I781259,44.76,125.5,0.8,0.17920540192842083,1,1455.0
023I781260,44.04,67.0,1.3,0.1697744984567875,1,1227.0
023I781263,17.68,137.5,0.7,0.18284175832914096,1,1582.0
023I781264,27.02,107.2,0.8,0.20493879718708963,1,2841.0
023I781266,48.34,85.5,1.1,0.17579705481587599,1,1354.0
023I781268,28.83,119.4,1.4,0.2043531379187602,1,2789.0
023I781270,14.67,119.7,1.0,0.19069735312393293,1,1908.0
023I781271,20.22,119.5,1.8,0.2049712420186235,1,2847.0
023I781274,27.89,167.8,1.4,0.17699891754852187,1,1388.0
023I781275,38.91,100.7,1.9,0.1988574815747512,1,2416.0
023I781276,47.77,174.4,1.7,0.16191512993338786,1,1065.0
023I781277,39.29,173.7,1.5,0.17044837329985152,1,1244.0
023I781278,21.96,101.0,1.7,0.213193654474103,1,3311.0
023I781280,41.84,92.1,1.9,0.1971282001794557,1,2289.0
023I781282,38.1,149.8,2.1,0.19325512118389626,1,2059.0
023I781285,11.53,26.7,0.6,0.15835058211757563,1,1012.0
023I781286,34.04,126.5,1.4,0.1990802270069134,1,2432.0
023I783002,30.63,162.3,1.4,0.18006704955561414,1,1482.0
023I783003,58.6,193.1,4.6,0.11298052526403901,1,542.0
023I783005,19.78,184.7,1.6,0.16929750958521095,1,1219.0
023I783006,36.66,149.9,2.2,0.19304058242963756,1,2045.0
023I783007,26.04,170.7,1.6,0.17915531655921518,1,1451.0
023I783008,65.6,261.3,6.5,0.03970742395178595,1,247.0
023I783011,36.54,134.6,2.3,0.19686893022271668,1,2273.0
023I783012,58.21,141.9,2.1,0.15655702573518848,1,977.0
023I783014,37.43,132.9,1.1,0.1900935353995099,1,1877.0
023I783017,39.73,99.1,0.8,0.1890314689236539,1,1823.0
023I783018,25.3,169.3,0.6,0.16258117067578576,1,1076.0
023I783019,16.0,105.1,0.3,0.19196033451408,1,1974.0
023I783022,36.43,156.9,0.7,0.17055539144159237,1,1247.0
023I783024,27.44,124.3,0.6,0.19876927858587873,1,2414.0
023I783029,14.31,57.4,0.4,0.20700328539590285,1,2984.0
023I783030,16.63,112.5,0.5,0.195226261898455,1,2176.0
023I783031,36.93,225.8,0.8,0.11649106192630876,1,559.0
023I783032,37.63,238.0,0.7,0.10386159835924175,1,485.0
023I783033,34.18,84.8,0.4,0.1867440101830583,1,1736.0
023I783034,28.0,114.4,0.7,0.19923565144565109,1,2437.0
023I783035,36.45,121.1,0.8,0.19202840589219544,1,1979.0
023I783036,22.69,98.4,0.6,0.19941554436967013,1,2450.0
023I783039,15.09,91.7,0.4,0.19832173812265058,1,2377.0
023I783040,38.98,124.3,0.6,0.186931602214773,1,1745.0
023I783042,30.13,113.4,0.4,0.1923433190656368,1,1994.0
023I783043,12.82,71.4,0.3,0.19816249237246597,1,2370.0
023I783045,35.61,99.8,0.7,0.1937709072882995,1,2091.0
023I783053,22.08,76.1,0.3,0.196580637640082,1,2255.0
023I783054,30.27,92.7,0.4,0.19293386956496206,1,2036.0
023I783055,20.62,100.5,0.4,0.1976793658418951,1,2334.0
023I783056,17.72,98.6,0.5,0.20677771742132245,1,2962.0
023I783058,44.41,160.2,1.1,0.1616748020008864,1,1059.0
023I783059,48.44,179.0,1.5,0.1548259864880256,1,947.0
023I783060,32.37,135.4,1.4,0.19372291389865742,1,2087.0
023I783063,51.47,196.2,3.6,0.1266949847801606,1,637.0
023I783065,48.33,198.3,1.5,0.1450220246424913,1,813.0
023I783066,35.1,156.8,1.0,0.1771559425478908,1,1391.0
023I783067,49.34,137.6,2.8,0.17742519443513527,1,1402.0
023I783068,20.78,72.0,1.5,0.21228010889975468,1,3275.0
023I783075,44.2,159.3,12.3,0.06286743515268012,1,317.0
023I783076,27.86,130.0,19.6,0.031378514496307686,1,231.0
023I783078,28.24,101.3,4.0,0.1978278639731344,1,2344.0
023I783079,28.43,112.7,2.4,0.20817213114428773,1,3067.0
023I783080,39.19,114.0,1.9,0.20141089487187663,1,2593.0
023I783083,40.37,96.6,1.4,0.19385415706359976,1,2096.0
023I783085,44.2,117.5,0.9,0.17920177325024506,1,1453.0
023I783087,23.65,54.2,1.2,0.20841350824515859,1,3084.0
023I783088,37.33,143.7,1.1,0.1842465615144786,1,1639.0
023I783089,59.1,127.0,2.7,0.16571399512900048,1,1141.0
023I783090,32.01,101.4,2.2,0.2081535518905639,1,3065.0
023I783093,43.83,73.6,6.9,0.13273398139351855,1,696.0
023I783094,29.37,92.0,1.4,0.20682566122612622,1,2969.0
023I783095,24.52,112.2,2.2,0.20769199839100771,1,3043.0
023I783097,32.94,142.2,1.2,0.1898709151324356,1,1866.0
023I783098,31.51,104.0,5.1,0.18742266723509216,1,1766.0
023I783102,36.7,82.6,1.7,0.1974256524095056,1,2313.0
023I783104,20.41,116.4,2.3,0.20591128825492977,1,2902.0
023I783105,37.11,99.7,3.1,0.19413545697216578,1,2115.0
023I783107,27.88,129.1,2.1,0.20645483643332802,1,2942.0
023I783108,33.86,125.0,2.1,0.20374094537813153,1,2749.0
023I783109,22.24,115.9,1.7,0.20800846030478254,1,3059.0
023I783110,33.22,131.3,3.5,0.2006428443641281,1,2540.0
023I783111,26.32,101.2,3.4,0.20101152468485523,1,2564.0
023I783112,35.37,109.3,3.4,0.1964939640811577,1,2245.0
023I783114,26.69,119.1,0.8,0.20034040689472893,1,2509.0
023I783115,33.22,121.0,1.3,0.20316857631581292,1,2699.0
023I783116,23.98,96.9,1.0,0.21307542819807307,1,3305.0
023I783118,9.95,61.0,4.6,0.17188862129977694,1,1279.0
023I783119,14.65,63.4,5.0,0.17910014709337718,1,1448.0
023I783122,30.67,116.3,1.3,0.20471142042701623,1,2824.0
023I783123,20.51,92.8,2.5,0.21081546989755495,1,3209.0
023I783124,37.76,136.9,3.9,0.18501692498635486,1,1668.0
023I783126,45.4,83.6,2.7,0.18059085939210462,1,1495.0
023I783128,23.97,80.2,3.0,0.20588225097321539,1,2900.0
023I783129,29.08,133.0,2.2,0.20421282957375708,1,2778.0
023I783131,65.42,208.4,4.3,0.09344028567773094,1,431.0
023I783132,50.45,202.3,2.6,0.13404867354377342,1,710.0
023I783134,84.32,222.3,2.3,0.05015795026693526,1,281.0
023I783135,60.31,191.2,7.1,0.07763598796995208,1,378.0
023I783138,57.84,133.8,5.0,0.1494747064056488,1,875.0
023I783143,29.14,93.2,3.0,0.20022172152766726,1,2497.0
023I783145,28.2,96.8,2.3,0.21267072693925082,1,3292.0
023I783148,17.75,69.2,0.4,0.20486081657543198,1,2835.0
023I783149,29.76,101.2,1.5,0.20878595542452122,1,3110.0
023I783150,24.82,118.5,1.9,0.20587780933881167,1,2897.0
023I783153,27.15,109.1,1.8,0.21215291113665752,1,3272.0
023I783154,40.87,139.1,1.2,0.18369936878166276,1,1607.0
023I783155,32.33,135.9,3.6,0.18887912896486347,1,1816.0
023I783156,25.97,122.5,1.9,0.20988509702069474,1,3171.0
023I783157,31.42,153.5,2.7,0.19177063128462968,1,1966.0
023I783158,36.21,111.0,1.0,0.1971572503421758,1,2293.0
023I783159,55.31,147.1,1.8,0.15946606521964052,1,1033.0
023I783160,32.67,111.8,2.0,0.20531356983044668,1,2867.0
023I783163,16.23,77.1,1.4,0.2150623070163193,1,3364.0
023I783164,34.07,114.3,1.8,0.20148560121590897,1,2600.0
023I783165,29.95,107.1,3.6,0.19341709341210728,1,2071.0
023I783167,15.58,65.1,3.3,0.2026307367105632,1,2675.0
023I783168,42.14,127.4,1.4,0.19156121136255805,1,1952.0
023I783171,30.65,112.0,4.5,0.19754091257734807,1,2322.0
023I783173,38.65,177.6,2.1,0.1658908767539271,1,1145.0
023I783174,33.31,140.0,2.8,0.1936804341684611,1,2085.0
023I783175,28.88,158.6,1.1,0.1840656964074321,1,1632.0
023I783176,49.99,133.1,1.7,0.1838560601041797,1,1613.0
023I783177,34.75,122.9,3.6,0.1960278763377461,1,2223.0
023I783183,27.85,64.9,0.9,0.19590994628659036,1,2216.0
023I783184,28.17,100.6,1.0,0.20762297955328202,1,3033.0
023I783185,23.1,125.5,0.7,0.19571998827767567,1,2204.0
023I783186,27.81,151.6,0.7,0.1800514558351622,1,1481.0
023I783187,24.11,82.8,0.4,0.20199044167702285,1,2637.0
023I783189,38.0,78.5,0.5,0.17937669501084835,1,1460.0
023I783191,25.85,100.7,0.6,0.2002824010710874,1,2500.0
023I783192,20.56,51.8,0.6,0.20150806200075216,1,2602.0
023I783193,20.45,49.1,2.6,0.20622748589329964,1,2929.0
023I783194,27.68,163.2,0.8,0.17165672400924675,1,1273.0
023I783195,16.18,68.5,0.3,0.19979174494574947,1,2469.0
023I783196,14.84,60.9,0.3,0.1993386513595179,1,2445.0
023I783198,22.6,58.0,0.4,0.20014004069316527,1,2491.0
023I783199,21.58,66.7,0.4,0.1987746462861925,1,2415.0
023I783200,11.01,43.1,0.1,0.181370431264735,1,1512.0
023I783202,16.45,72.8,0.5,0.20491929102889272,1,2838.0
023I783204,22.53,114.4,0.5,0.1914313275758177,1,1945.0
023I783205,13.83,72.5,0.3,0.19674031660867974,1,2265.0
023I783207,19.34,115.9,0.7,0.19734755147715738,1,2306.0
023I783208,18.22,72.2,0.4,0.2062181543005373,1,2927.0
023I783209,17.41,99.7,0.6,0.2072237441098299,1,2994.0
023I783210,32.37,164.9,1.0,0.1713924457176163,1,1264.0
023I783211,18.0,53.3,1.0,0.21520361208720873,1,3367.0
023I783212,19.86,129.3,1.1,0.19923608501805412,1,2438.0
023I783213,21.6,92.5,0.4,0.20240678756807196,1,2665.0
023I783214,15.97,100.0,0.8,0.20855299207117467,1,3095.0
023I783215,20.22,70.5,0.6,0.2021462885859568,1,2644.0
023I783216,17.44,126.6,0.8,0.1980629637242755,1,2361.0
023I783217,22.14,102.7,0.7,0.20115526702017816,1,2576.0
023I783219,20.69,82.8,0.7,0.21152991558310297,1,3248.0
023I783220,13.02,87.1,0.3,0.1971342433724214,1,2291.0
023I783222,19.6,107.8,1.3,0.2094920778260529,1,3148.0
023I783228,25.58,100.5,2.6,0.20906180638263155,1,3125.0
023I783229,20.33,94.8,3.2,0.20618962942479502,1,2926.0
023I783233,19.41,119.9,8.8,0.1328882047229762,1,699.0
023I783235,20.96,90.4,3.3,0.2081049777254378,1,3062.0
023I783236,15.1,65.7,1.8,0.20783992261547063,1,3050.0
023I783237,15.63,63.6,5.9,0.16910922553201224,1,1216.0
023I783238,7.58,55.4,4.1,0.17787218039646124,1,1417.0
023I783239,20.21,121.7,4.0,0.19080306142722797,1,1914.0
023I783240,40.19,174.7,1.8,0.16443330023540131,1,1120.0
023I783242,49.58,138.4,2.8,0.17734824088488121,1,1401.0
023I783243,67.63,134.2,2.8,0.13815810702221631,1,748.0
023I783245,61.71,138.8,2.0,0.14587696034909092,1,823.0
023I783249,17.31,150.4,1.5,0.1939416478344793,1,2101.0
023I783250,25.67,145.9,1.4,0.189146714195306,1,1829.0
023I783251,67.67,142.5,2.3,0.14193546253859424,1,786.0
023I783252,41.28,101.6,0.9,0.18669138661797768,1,1732.0
023I783254,43.48,127.5,1.0,0.184027670021016,1,1623.0
023I783255,36.93,132.5,1.0,0.19039192849080067,1,1894.0
023I783256,24.46,120.0,0.6,0.19234326973134713,1,1993.0
023I783258,21.4,78.3,0.4,0.2034727976621199,1,2727.0
023I783259,12.1,51.6,0.5,0.20320538386905723,1,2704.0
023I783260,13.2,51.9,0.3,0.19928714109413592,1,2442.0
023I783263,24.45,95.6,0.7,0.2052373710378021,1,2863.0
023I783264,10.5,102.2,0.4,0.18405275864701703,1,1627.0
023I783267,27.75,132.0,2.0,0.2031426668379943,1,2697.0
023I783270,15.95,63.9,1.6,0.22124353791757667,1,3438.0
023I783272,11.84,49.2,2.2,0.1997738579867045,1,2468.0
023I783274,15.79,84.1,1.7,0.22121877869075834,1,3437.0
023I783275,12.15,56.2,0.6,0.2046019764763935,1,2817.0
023I783276,14.69,72.2,0.7,0.2034225868460876,1,2724.0
023I783279,10.28,54.1,0.2,0.19213214342618,1,1983.0
023I783280,16.72,64.0,0.3,0.20523730755796643,1,2862.0
023I783282,13.65,59.1,0.5,0.20725951110465707,1,3001.0
023I783283,17.77,91.1,0.6,0.210776416863861,1,3206.0
023I783284,8.85,67.8,0.1,0.1803852398061776,1,1487.0
023I783287,8.35,47.4,0.5,0.19367390849775906,1,2083.0
023I783288,17.69,68.1,0.9,0.2086479939468664,1,3103.0
023I783289,16.31,67.4,1.3,0.21345236227561076,1,3317.0
023I783290,10.86,67.8,1.0,0.19933944083391553,1,2446.0
023I783291,13.94,47.0,5.0,0.1693292655395674,1,1220.0
023I783292,14.82,58.3,1.6,0.21446458229759174,1,3351.0
023I783294,10.1,40.9,1.2,0.20132022590961796,1,2585.0
023I783296,19.66,103.9,0.4,0.1935585097442818,1,2077.0
023I783298,15.09,65.1,0.4,0.20378219745063053,1,2752.0
023I783302,10.91,127.3,0.3,0.16735241271876444,1,1179.0
023I783304,13.5,89.9,0.4,0.2013874252608681,1,2591.0
023I783310,20.24,57.9,0.3,0.20207034578809036,1,2641.0
023I783312,8.02,114.4,0.3,0.16989602579752755,1,1229.0
023I783313,12.56,104.1,0.6,0.19043432363677426,1,1899.0
023I783314,27.84,132.9,1.1,0.1979927061917352,1,2358.0
023I783315,13.99,57.5,1.1,0.21205500431052476,1,3269.0
023I783316,14.95,63.8,0.4,0.2024124114847396,1,2668.0
023I783317,18.62,80.3,2.6,0.2129318515190775,1,3300.0
023I783318,20.8,46.7,1.4,0.20441254499340622,1,2797.0
023I783319,13.87,64.7,0.8,0.2099216070393069,1,3175.0
023I783320,12.05,61.4,0.9,0.20459069420007947,1,2816.0
023I783322,18.08,135.5,1.1,0.192679565985941,1,2016.0
023I783323,7.46,82.7,0.4,0.1867931424090103,1,1738.0
023I783324,49.49,284.0,2.9,0.06642614305431138,1,332.0
023I783325,38.56,132.0,1.5,0.1976989555848198,1,2336.0
023I783326,21.74,137.8,1.6,0.19280091129154509,1,2023.0
023I783327,17.31,137.9,2.4,0.19239584329676718,1,1998.0
023I783329,20.19,130.7,3.1,0.19099209497944375,1,1927.0
023I783331,39.37,163.3,1.3,0.17131180980326,1,1261.0
023I783332,27.88,112.7,1.1,0.2048408690877554,1,2833.0
023I783333,40.12,95.8,0.8,0.18510636308984163,1,1671.0
023I783337,32.31,85.0,0.8,0.20048655763512174,1,2526.0
023I783338,27.97,121.2,0.7,0.1986239577757945,1,2402.0
023I783339,41.85,109.3,0.6,0.18192472026773554,1,1531.0
023I783340,29.52,67.7,0.5,0.18702220037840755,1,1749.0
023I783344,26.28,120.9,0.6,0.1972257067199883,1,2298.0
023I783345,17.9,58.4,0.4,0.21133840747324167,1,3240.0
023I783347,13.97,71.2,0.4,0.20329115296816724,1,2710.0
023I783349,17.03,105.9,0.4,0.19582284877973388,1,2211.0
023I783350,6.24,81.0,0.2,0.1573941376920186,1,990.0
023I783351,14.59,106.4,0.5,0.18853183125808248,1,1808.0
023I783352,14.45,142.1,0.8,0.17031073226109233,1,1241.0
023I783353,12.09,110.3,0.4,0.1854077463618395,1,1683.0
023I783354,10.51,60.0,0.6,0.2000512922698508,1,2488.0
023I783356,14.77,58.7,1.0,0.211156774222372,1,3227.0
023I783357,13.1,44.2,0.6,0.19786814425131216,1,2350.0
023I783358,18.96,53.0,1.5,0.2143783435021292,1,3344.0
023I783359,20.65,72.9,2.5,0.20901212597395913,1,3123.0
023I783362,13.52,147.3,0.7,0.16581494794814194,1,1142.0
023I783363,9.81,90.7,0.2,0.18249142366958399,1,1564.0
023I783364,12.39,141.5,0.5,0.1641853644102782,1,1115.0
023I783365,31.85,109.3,0.6,0.1975217186612645,1,2318.0
023I783366,24.58,160.0,0.9,0.17450893219268077,1,1328.0
023I783368,16.99,64.2,0.4,0.2104746515682508,1,3192.0
023I783369,24.26,121.1,0.8,0.20018669696357028,1,2494.0
023I783373,15.76,82.5,0.3,0.20498680145570508,1,2849.0
023I783377,27.15,79.9,0.5,0.20451024275908558,1,2810.0
023I783378,41.45,105.6,0.7,0.17989882428952858,1,1474.0
023I783379,28.82,82.1,0.5,0.19856635173702986,1,2398.0
023I783380,37.82,127.4,0.5,0.1854520669731647,1,1685.0
023I783382,17.44,56.3,0.5,0.21065813050168558,1,3201.0
023I783383,19.14,143.9,0.6,0.17948836365070514,1,1464.0
023I783384,23.0,110.6,0.8,0.20337821615093948,1,2717.0
023I783385,26.27,97.5,1.2,0.21236405273017162,1,3281.0
023I783386,45.83,104.2,0.6,0.16778931791661872,1,1188.0
023I783387,31.25,119.4,0.8,0.19934322192200316,1,2447.0
023I783388,23.94,116.5,0.7,0.19658215873100154,1,2256.0
023I783391,18.76,97.4,0.7,0.2086766875102692,1,3106.0
023I783392,19.81,99.9,0.7,0.20680296480236032,1,2965.0
023I783393,15.65,128.9,0.8,0.19283579060932216,1,2029.0
023I783394,21.5,150.3,1.0,0.1827067878308375,1,1571.0
023I783395,34.3,129.2,1.0,0.19733521117598107,1,2305.0
023I821003,25.14,108.5,0.7,0.20438146686415642,1,2794.0
023I821004,69.14,104.5,1.0,0.11507181637591102,1,554.0
023I821005,43.14,91.1,1.2,0.18511809386675476,1,1673.0
023I821008,39.24,95.3,3.7,0.1919714571267015,1,1976.0
023I821009,33.16,86.6,0.9,0.19725566147273849,1,2300.0
023I821010,31.84,102.5,0.9,0.20045535769350342,1,2523.0
023I821011,38.41,138.6,0.8,0.18017105269462658,1,1484.0
023I821012,14.58,139.2,0.9,0.17442829977576751,1,1325.0
023I821013,39.24,143.2,1.4,0.18521980843310515,1,1677.0
023I821014,26.95,100.0,2.5,0.21210786187573538,1,3270.0
023I821017,15.5,89.7,1.6,0.21768291666166706,1,3417.0
023I821018,13.18,83.9,0.4,0.20314065909289553,1,2696.0
023I821020,47.75,185.7,0.9,0.1443673260970348,1,806.0
023I821023,28.33,111.1,0.6,0.19406598369668804,1,2111.0
023I821024,30.39,88.9,0.5,0.19695505934418772,1,2277.0
023I821025,35.23,86.0,0.7,0.19108688115434874,1,1933.0
023I821026,41.84,89.5,0.8,0.18319618541442573,1,1592.0
023I821027,32.9,102.8,0.7,0.19724013252412093,1,2299.0
023I821028,46.36,114.6,0.8,0.17730724484188687,1,1398.0
023I821030,36.59,96.1,1.0,0.20066627309990454,1,2543.0
023I821031,34.9,118.7,0.7,0.19261127889266338,1,2013.0
023I821032,54.73,181.2,0.9,0.13232913330437251,1,692.0
023I821033,34.25,117.6,0.7,0.19320328107171897,1,2056.0
023I821034,25.74,93.9,0.4,0.20048444056231063,1,2525.0
023I821035,36.21,101.4,0.7,0.19154256115029528,1,1950.0
023I821036,39.6,110.3,0.7,0.18716550636387785,1,1752.0
023I821037,25.43,140.4,0.4,0.17649760251938784,1,1372.0
023I821038,21.71,91.8,0.3,0.19683229897289012,1,2268.0
023I821039,33.98,136.6,0.5,0.1842926198200307,1,1647.0
023I821040,12.63,70.0,0.3,0.1974146674422424,1,2309.0
023I821042,19.67,72.1,0.3,0.19912463472524522,1,2434.0
023I821044,12.1,59.5,0.2,0.19189249071387637,1,1970.0
023I821045,16.64,82.9,0.3,0.20523465050345752,1,2861.0
023I821046,53.38,210.5,1.5,0.11880334574491297,1,577.0
023I821047,23.23,72.9,0.9,0.20554954446729018,1,2881.0
023I821049,26.93,155.1,0.8,0.18343894572917313,1,1601.0
023I821050,20.77,112.9,0.8,0.20236434851299673,1,2663.0
023I821051,16.15,91.5,0.4,0.20408682594091815,1,2769.0
023I823002,34.12,69.8,7.9,0.139400482625966,1,768.0
023I823004,13.27,73.1,1.0,0.20612388358500705,1,2921.0
023I823005,21.91,103.5,2.6,0.198932713427585,1,2425.0
023I823006,14.74,98.4,1.7,0.21096127239345192,1,3216.0
023I823008,13.1,132.2,3.9,0.1654332419582214,1,1139.0
023I823009,39.61,111.9,3.2,0.19218822074631475,1,1985.0
023I823010,18.15,104.7,2.9,0.2025616175250694,1,2673.0
023I823011,15.34,79.6,1.8,0.21172175004410937,1,3259.0
023I823012,13.63,85.5,0.8,0.20764430670600403,1,3036.0
023I823013,22.92,92.5,1.0,0.21118707060535463,1,3230.0
023I823014,44.5,114.3,2.0,0.19098043649790675,1,1925.0
023I823015,22.39,97.0,0.8,0.20636412967303053,1,2936.0
023I823016,22.37,108.4,0.5,0.19341885227827388,1,2072.0
023I823019,33.91,87.2,0.6,0.19523087147099571,1,2177.0
023I823020,30.0,115.7,0.6,0.1940622126437101,1,2110.0
023I823022,23.69,84.8,0.5,0.20447237299066706,1,2804.0
023I823023,14.2,65.1,0.2,0.19154729144356974,1,1951.0
023I823025,14.75,95.7,0.3,0.18966164563995958,1,1857.0
023I823026,24.2,141.8,0.5,0.17586457586512816,1,1357.0
023I823027,28.54,116.9,0.5,0.1930137787856951,1,2044.0
023I823028,36.83,106.9,1.3,0.1915640442230509,1,1953.0
023I823029,33.23,81.2,0.5,0.19444464040055193,1,2132.0
023I823030,28.71,113.1,0.6,0.19470384577197347,1,2148.0
023I823031,33.57,181.5,1.2,0.16194724819208234,1,1066.0
023I823032,33.89,145.3,0.8,0.18257240422079762,1,1567.0
023I823033,36.03,108.7,0.6,0.1919459040954919,1,1973.0
023I823034,30.83,143.2,0.9,0.19102361566948617,1,1928.0
023I823035,25.24,103.2,0.4,0.19598799696830038,1,2220.0
023I823036,22.06,75.6,0.5,0.2023981451492728,1,2664.0
023I823037,36.31,106.7,0.5,0.18557595904158208,1,1691.0
023I823038,12.62,39.4,0.2,0.18242460667711147,1,1558.0
023I823042,27.41,77.0,0.3,0.1943860127180801,1,2128.0
023I823044,7.28,41.0,0.2,0.16440235034822476,1,1117.0
023I823047,73.27,123.9,0.9,0.10913055614713779,1,512.0
023I823048,38.89,147.9,0.8,0.17730991556526343,1,1399.0
023I823049,24.77,105.7,0.6,0.19529138352219005,1,2186.0
023I823050,23.33,64.9,0.3,0.19650353871116738,1,2246.0
023I823051,22.39,164.6,0.5,0.15751270537464618,1,993.0
023I823052,44.84,77.7,0.6,0.16269254744250317,1,1078.0
023I823053,30.96,113.0,0.5,0.19625160073749093,1,2230.0
023I823054,31.54,116.8,0.7,0.19567873111867923,1,2200.0
023I823055,40.58,114.9,0.8,0.18728055666547605,1,1758.0
023I823057,59.04,144.6,1.8,0.15559109854138437,1,965.0
023I823058,52.4,120.6,0.8,0.16312640679337181,1,1091.0
023I823060,53.33,128.8,1.2,0.1677560617772798,1,1186.0
023I823065,35.59,105.9,1.0,0.1942525893952748,1,2119.0
023I823066,61.23,154.3,1.1,0.1392644376074637,1,766.0
023I823067,13.76,36.9,0.4,0.1863998589037753,1,1722.0
023I823068,39.33,91.8,0.7,0.18691373621612467,1,1744.0
023I823071,63.59,168.8,1.5,0.1317333446450178,1,684.0
023I823073,171.2,373.1,2.6,-0.12411619050326406,-1,21.0
023I823076,110.01,217.0,2.4,-0.011899582597726388,-1,151.0
023I823078,113.7,252.7,2.0,-0.03507177309476317,-1,120.0
023I823079,372.97,407.6,10.9,-0.19834861455512043,-1,3.0
023I823080,53.92,118.8,0.9,0.164003325985841,1,1111.0
023I823082,102.16,422.7,2.0,-0.08755638354616191,-1,55.0
023I823083,113.6,435.2,2.2,-0.10917054990610231,-1,27.0
023I823085,263.29,156.1,10.1,-0.12599725362283387,-1,19.0
023I823086,105.52,282.8,1.4,-0.025871367221458996,-1,134.0
023I823087,123.28,275.3,2.2,-0.05471571355496763,-1,90.0
023I823088,167.23,271.0,2.2,-0.09772240557341194,-1,46.0
023I823089,319.33,133.5,5.6,-0.12311807832997579,-1,22.0
023I823092,193.3,506.8,4.9,-0.18098135073689714,-1,6.0
023I823093,82.26,365.8,2.0,-0.02764735088020953,-1,128.0
023I823094,36.05,213.7,1.9,0.13318353824314738,1,702.0
023J781002,24.76,55.2,4.9,0.18984611833721754,1,1865.0
023J781003,12.51,42.3,3.3,0.1818231809022977,1,1529.0
023J781004,31.3,626.5,6.7,-0.10063080311060812,-1,37.0
023J781006,15.08,168.8,2.4,0.16271272616814098,1,1079.0
023J781007,25.8,73.5,6.0,0.18239965457179097,1,1554.0
023J781008,53.99,337.6,14.2,-0.07327399576962357,-1,67.0
023J781009,148.38,175.8,6.8,-0.09124313298719289,-1,51.0
023J781010,30.37,100.9,14.5,0.08307610072476013,1,399.0
023J781011,63.85,162.0,3.7,0.1260279682324752,1,633.0
023J781012,106.04,339.8,3.0,-0.04818636663837983,-1,100.0
023J781013,76.85,158.6,2.7,0.09812051724593135,1,458.0
023J781014,53.4,46.4,1.0,0.12246667435587821,1,606.0
023J781015,69.43,359.8,2.3,-0.006892067890316045,-1,158.0
023J781016,87.16,182.8,1.5,0.05742156865626602,1,299.0
023J781017,60.05,147.7,1.3,0.14626294190868266,1,832.0
023J781018,75.72,209.3,1.4,0.06646480108663555,1,333.0
023J781019,112.58,398.8,2.0,-0.0905196772484762,-1,52.0
023J781022,71.04,328.9,2.1,0.010029598623737757,1,185.0
023J781023,57.48,442.2,2.2,-0.045062866741039986,-1,106.0
023J781024,64.24,1335.1,2.4,-0.13943241373416349,-1,15.0
023J781025,61.14,1458.5,2.7,-0.13804413006553828,-1,16.0
023J781027,42.42,258.2,1.4,0.09359062485706898,1,435.0
023J781028,255.79,115.9,1.6,-0.0770139516612629,-1,60.0
023J781029,188.17,464.7,6.3,-0.17530177214794385,-1,7.0
023J781030,97.52,788.0,5.7,-0.13596272834294032,-1,18.0
023J781031,107.26,463.4,1.6,-0.09867969345370764,-1,44.0
023J781032,85.91,259.5,2.9,0.024724270359346323,1,217.0
023J781033,99.86,305.9,2.5,-0.022896908347119105,-1,138.0
023J781035,53.38,139.9,3.0,0.16354253587784395,1,1100.0
023J781036,91.05,161.1,14.6,-0.04016903010347039,-1,112.0
023J781037,47.42,144.6,3.2,0.17522260563313236,1,1343.0
023J781038,74.73,212.5,1.4,0.0661149607522622,1,330.0
023J781039,47.43,197.2,1.6,0.14607915385137504,1,829.0
023J781040,59.01,182.5,1.5,0.13083127739567302,1,670.0
023J781042,67.01,161.0,2.7,0.13232264032347768,1,691.0
023J781043,53.46,270.3,2.3,0.07108620218960082,1,354.0
023J781044,71.5,427.4,2.9,-0.055767291112129636,-1,87.0
023J781045,58.46,105.3,1.7,0.15407550197817338,1,937.0
023J781047,73.69,170.9,1.8,0.10565033124370121,1,493.0
023J781048,61.78,209.0,1.8,0.10564417049961145,1,492.0
023J781049,67.74,197.9,2.0,0.1091963218186709,1,514.0
023J781050,67.43,129.2,2.4,0.1492904056541159,1,870.0
023J781051,99.0,222.1,5.0,-0.01775616917710976,-1,145.0
023J781052,75.2,146.2,3.4,0.10032438161480939,1,468.0
023J781053,90.19,194.9,4.9,0.01509068859727436,1,197.0
023J781054,32.09,555.6,2.4,-0.0725320373829863,-1,69.0
023J781056,60.93,131.0,4.2,0.15419531573686368,1,939.0
023J781057,31.49,996.2,2.0,-0.09872609587578618,-1,43.0
023J781058,73.85,134.9,2.8,0.10857718437778202,1,507.0
023J781059,52.24,114.0,2.2,0.17974067502132302,1,1467.0
023J781060,41.99,149.6,2.0,0.19078707068718254,1,1913.0
023J781062,50.08,246.4,1.3,0.09807711694364796,1,456.0
023J781063,53.31,173.6,1.2,0.14319578943711608,1,800.0
023J781065,34.8,166.8,1.0,0.17166606878331608,1,1274.0
023J781066,83.24,603.0,2.5,-0.10904887315048883,-1,28.0
023J781067,29.25,27.7,0.4,0.1413964090164781,1,785.0
023J781068,50.51,153.5,2.1,0.17445439636117416,1,1326.0
023J781070,99.06,285.9,7.8,-0.06226620634111746,-1,80.0
023J781071,30.58,151.7,1.7,0.19373099213190298,1,2088.0
023J781072,27.0,88.9,2.4,0.21211906183660278,1,3271.0
023J781073,41.41,48.6,1.8,0.16703742718159326,1,1170.0
023J781074,79.94,286.9,1.7,0.016052343537135916,1,198.0
023J781075,39.19,222.6,1.2,0.12009050410490602,1,588.0
023J781076,44.68,230.0,1.4,0.11235525421313686,1,535.0
023J781077,51.22,206.5,1.7,0.12942620905679592,1,660.0
023J781078,130.47,254.5,2.0,-0.061989991458167415,-1,81.0
023J781079,47.21,180.1,1.5,0.1552930638508695,1,958.0
023J781080,43.71,216.5,1.6,0.12904620951477308,1,657.0
023J781082,79.35,391.0,15.8,-0.11316687029752592,-1,25.0
023J781083,74.65,203.9,2.1,0.0731093687042692,1,364.0
023J781084,46.96,164.2,3.7,0.15509577372497274,1,954.0
023J781085,62.7,232.0,7.3,0.05299253628387901,1,291.0
023J781088,84.09,283.4,11.9,-0.043755024864628345,-1,108.0
023J781089,36.03,156.6,1.5,0.1848575307451461,1,1664.0
023J781090,45.85,146.5,2.1,0.18330129372746656,1,1593.0
023J781091,71.72,249.3,3.3,0.050408606379711896,1,282.0
023J781092,60.27,148.1,2.2,0.15382602308124327,1,933.0
023J781093,86.75,146.5,1.7,0.07372849948276583,1,370.0
023J781094,42.2,156.4,2.3,0.18588059751541403,1,1703.0
023J781095,39.72,151.0,2.0,0.19262044640130366,1,2014.0
023J781096,35.18,155.3,2.1,0.18796857714458626,1,1787.0
023J781097,40.19,97.9,3.5,0.1947503231874005,1,2151.0
023J781098,17.2,73.5,2.2,0.21280909851876856,1,3298.0
023J781099,26.61,125.9,2.0,0.20564252857876164,1,2887.0
023J781100,28.19,160.3,2.9,0.17599267219626025,1,1362.0
023J781102,15.63,118.1,1.1,0.20355929088984626,1,2731.0
023J781103,39.4,131.4,1.3,0.19252564330451583,1,2008.0
023J781104,28.85,104.0,1.5,0.20611508933027672,1,2919.0
023J781107,18.97,98.4,1.7,0.21982480137221838,1,3432.0
023J781108,16.17,88.7,1.7,0.2174704842319966,1,3416.0
023J781109,27.35,91.7,3.6,0.20103378154776985,1,2569.0
023J781110,21.36,101.9,2.4,0.20743726219544179,1,3019.0
023J781111,22.06,84.6,1.3,0.21529019571266123,1,3373.0
023J781112,28.71,107.5,1.2,0.20726268935034092,1,3002.0
023J781113,24.85,85.4,0.9,0.20817574072145872,1,3068.0
023J781114,24.63,126.9,1.1,0.20222689175562458,1,2655.0
023J781115,14.91,83.9,2.4,0.20471471926983092,1,2825.0
023J781116,26.64,92.8,1.2,0.2095544897059508,1,3153.0
023J781117,17.63,145.0,1.0,0.18839813659411447,1,1804.0
023J781118,16.26,124.3,0.7,0.19484177365024796,1,2157.0
023J781119,10.39,61.2,0.2,0.18869933748236561,1,1811.0
023J781120,43.62,237.9,5.3,0.094922703929674,1,445.0
023J781122,23.11,113.3,2.1,0.20734698907804394,1,3008.0
023J781123,12.66,72.6,0.2,0.1882235079444371,1,1795.0
023J781124,60.4,580.0,0.9,-0.09135163608045471,-1,50.0
023J781126,22.96,134.0,0.5,0.1806010594013105,1,1496.0
023J781127,26.8,95.4,0.8,0.2072536454868425,1,3000.0
023J781128,19.93,112.0,0.8,0.20449092956367038,1,2805.0
023J781129,27.26,61.2,2.0,0.20358859138282126,1,2732.0
023J781130,33.97,95.4,1.0,0.20511579441824274,1,2855.0
023J781132,82.11,412.2,4.4,-0.06788599260680228,-1,75.0
023J781133,113.84,655.9,4.0,-0.15304952795659554,-1,12.0
023J781134,166.05,741.7,3.5,-0.18211147988259557,-1,5.0
023J781135,25.76,134.0,0.9,0.191858169559329,1,1969.0
023J781136,25.99,116.6,1.3,0.20813346427738827,1,3063.0
023J781137,8.92,34.7,4.1,0.15767474603161957,1,996.0
023J781138,16.81,225.3,2.2,0.12552319137609513,1,630.0
023J781139,9.97,45.6,6.0,0.1369987223696833,1,736.0
023J781140,38.06,205.1,1.1,0.13625148802023868,1,729.0
023J781142,39.41,342.4,1.0,0.03255159535594221,1,235.0
023J781143,22.27,73.6,2.5,0.20696173891618597,1,2976.0
023J781144,20.33,164.1,1.4,0.17497575532175563,1,1339.0
023J781146,11.64,58.4,7.6,0.12636718963047266,1,634.0
023J781147,9.63,56.6,2.5,0.19810272778227883,1,2364.0
023J781148,8.54,43.5,3.5,0.18221390532406673,1,1543.0
023J781150,17.3,66.0,3.8,0.20113938070517845,1,2575.0
023J781151,9.78,68.3,3.5,0.18829508079203988,1,1798.0
023J781152,15.25,102.8,6.9,0.1471199898596745,1,844.0
023J781153,13.2,50.7,5.8,0.15911703147512324,1,1027.0
023J781154,21.72,83.5,3.6,0.20316687122002786,1,2698.0
023J781155,15.03,66.4,5.8,0.16967858429059568,1,1226.0
023J781156,17.19,142.1,2.2,0.1936785175461087,1,2084.0
023J781157,50.6,289.5,8.5,0.01240514643537094,1,190.0
023J781158,36.82,133.0,1.0,0.1898852562687388,1,1869.0
023J781159,21.41,52.9,0.5,0.2006263486032981,1,2539.0
023J781160,33.94,74.0,1.1,0.19619369645302853,1,2227.0
023J781162,13.72,42.2,0.5,0.19804538861218635,1,2360.0
023J781164,59.48,144.8,1.6,0.1522369390491463,1,907.0
023J781168,33.18,54.3,0.8,0.18377427126624118,1,1610.0
023J781169,36.79,94.2,2.0,0.20310897054145588,1,2693.0
023J781170,85.56,166.2,2.6,0.07103699997349355,1,353.0
023J781171,47.71,75.3,1.0,0.1663959737628775,1,1154.0
023J781172,11.26,68.4,0.4,0.19520139560528138,1,2175.0
023J781175,20.1,39.0,0.4,0.1838756080759243,1,1617.0
023J781176,31.55,113.2,0.7,0.19777124838377164,1,2343.0
023J781177,28.25,59.5,0.5,0.1913482432513411,1,1940.0
023J781178,18.84,66.4,3.0,0.20311946331381947,1,2695.0
023J781179,19.84,77.6,0.5,0.20686498672231468,1,2970.0
023J781180,31.87,130.4,5.4,0.1845706603960871,1,1654.0
023J781182,40.46,146.9,3.7,0.18705038075195513,1,1750.0
023J781183,50.48,196.5,4.4,0.12579964296250562,1,631.0
023J781184,42.26,322.5,3.0,0.04279065422026518,1,261.0
023J781186,25.61,279.0,8.5,0.01494648354556305,1,195.0
023J781190,41.83,150.6,1.6,0.18969652819305993,1,1861.0
023J781191,116.15,174.8,2.2,-0.008896262522038234,-1,156.0
023J781193,45.19,120.9,0.9,0.1808749634236248,1,1502.0
023J781195,41.21,108.9,1.5,0.1966228282723677,1,2259.0
023J781196,43.83,144.0,0.9,0.17170684524797897,1,1275.0
023J781198,46.28,79.2,0.9,0.16507761218460126,1,1130.0
023J781199,36.63,101.3,0.7,0.19160312134943108,1,1957.0
023J781206,55.83,69.7,1.2,0.13357301691568862,1,708.0
023J781207,28.49,88.2,0.3,0.1857272314817202,1,1697.0
023J781208,44.45,115.4,0.8,0.1774837892046089,1,1405.0
023J781210,43.99,94.9,0.8,0.17816869106691213,1,1425.0
023J781211,103.75,218.5,1.7,1.8122240945994683e-05,1,173.0
023J781214,37.22,113.5,0.7,0.18784487921085186,1,1781.0
023J781215,32.17,56.9,1.0,0.19389464778427362,1,2100.0
023J781217,24.1,81.8,0.8,0.20997130908539496,1,3177.0
023J781218,16.29,78.7,0.5,0.20676132751224868,1,2960.0
023J781219,41.46,72.8,1.8,0.18298892989187215,1,1585.0
023J781220,20.07,190.6,3.6,0.1426664368444226,1,793.0
023J781222,121.01,171.4,2.5,-0.013365830614334828,-1,149.0
023J781223,84.55,107.9,2.4,0.08532486244521104,1,405.0
023J781224,29.82,62.7,0.7,0.19147206999153676,1,1946.0
023J781226,37.31,60.2,1.1,0.18216169620015704,1,1539.0
023J781228,27.26,81.6,0.7,0.20751480011442058,1,3023.0
023J781229,33.56,64.7,8.6,0.1389814133209757,1,764.0
023J781230,32.57,74.5,6.6,0.17225975932065846,1,1288.0
023J781231,65.73,115.5,2.8,0.14378197886871125,1,803.0
023J781232,39.44,90.2,1.4,0.19159221485695738,1,1955.0
023J781233,188.84,157.1,7.5,-0.1044332142472425,-1,32.0
023J781234,117.39,111.6,4.1,-0.018484557123557566,-1,143.0
023J781236,90.42,80.5,1.5,0.047420796833307466,1,275.0
023J781238,58.84,98.6,1.0,0.15289485118505025,1,923.0
023J781240,18.21,56.7,1.0,0.21962814284460724,1,3431.0
023J781242,26.25,88.3,1.3,0.21164479138781644,1,3254.0
023J781246,24.72,85.4,0.9,0.20817574072145872,1,3068.0
023J781247,24.12,79.0,0.6,0.20219448551699626,1,2651.0
023J781248,38.41,91.0,0.9,0.18907624780881294,1,1825.0
023J781249,31.87,72.0,1.2,0.20089952717960435,1,2557.0
023J781250,29.38,81.1,1.7,0.20863682071574335,1,3101.0
023J781252,28.95,74.2,1.4,0.2036914884059174,1,2747.0
023J781253,53.8,138.0,0.9,0.15464857344876148,1,945.0
023J781254,99.55,138.9,1.8,0.035998054754412645,1,240.0
023J781256,39.65,91.5,0.8,0.18755533810334862,1,1768.0
023J781257,24.04,48.5,0.5,0.19657055172585824,1,2254.0
023J781258,51.42,130.7,0.8,0.1668035982612477,1,1165.0
023J781259,117.91,228.4,2.6,-0.039447627840011545,-1,114.0
023J781260,14.79,60.3,0.7,0.2066987803868523,1,2958.0
023J781262,30.05,78.0,0.9,0.1968364089924433,1,2269.0
023J781263,24.59,109.4,0.9,0.2051073932646858,1,2854.0
023J781264,66.42,162.3,1.6,0.13034867328788335,1,669.0
023J781265,42.11,151.2,1.6,0.18924171032715592,1,1840.0
023J781266,28.85,92.8,1.1,0.20768251780464503,1,3042.0
023J781268,68.37,175.7,1.6,0.11199778591475978,1,534.0
023J781269,70.83,182.2,2.0,0.10435633508442888,1,486.0
023J781270,45.51,76.2,1.8,0.1749181076281069,1,1337.0
023J781271,81.1,166.1,3.3,0.07890022504327954,1,386.0
023J781272,21.34,240.4,1.4,0.11098419147227234,1,525.0
023J781273,48.91,469.6,3.2,-0.038508140924364054,-1,116.0
023J781274,37.12,274.5,3.1,0.07102082902843077,1,352.0
023J781275,27.0,129.7,3.2,0.1981682097698692,1,2371.0
023J781276,46.33,134.5,1.9,0.18616275110547786,1,1712.0
023J781277,33.46,141.5,1.4,0.18941282724663477,1,1843.0
023J781279,54.56,117.6,3.4,0.16946533236770395,1,1223.0
023J781280,49.45,108.7,2.4,0.18793805166017824,1,1785.0
023J781282,40.28,255.5,4.5,0.07774806481055652,1,380.0
023J781283,55.48,136.2,4.5,0.1531787034513522,1,927.0
023J781284,43.68,128.1,1.1,0.18424993222405667,1,1640.0
023J781285,36.77,98.6,3.5,0.20078276161446995,1,2553.0
023J781286,29.26,124.2,2.5,0.2072719939863516,1,3003.0
023J781287,18.63,124.9,3.1,0.19581534455568644,1,2208.0
023J781288,28.53,163.2,1.8,0.18362278794426912,1,1605.0
023J781289,21.23,190.4,2.1,0.1583292191750908,1,1011.0
023J781291,17.9,201.8,1.8,0.15640071974660835,1,974.0
023J781293,18.86,125.3,1.8,0.20518644483364085,1,2858.0
023J781294,16.26,133.2,1.7,0.19451740229558434,1,2134.0
023J781295,24.54,55.8,1.7,0.21151042341918175,1,3247.0
023J781296,15.09,110.1,3.2,0.18727067207947806,1,1757.0
023J781297,20.46,76.8,2.9,0.20693613240331832,1,2975.0
023J781298,25.87,159.5,4.8,0.17546186414870873,1,1348.0
023J781299,35.04,109.6,2.7,0.20065149524166526,1,2541.0
023J781300,30.05,67.1,2.1,0.19343752925219232,1,2073.0
023J781302,30.79,130.8,2.7,0.20300314643591033,1,2686.0
023J781303,48.07,161.7,2.7,0.16562940127203624,1,1140.0
023J781304,44.32,139.7,3.1,0.17815718437769795,1,1424.0
023J781305,28.17,154.4,1.5,0.19004427122717504,1,1875.0
023J781307,39.6,129.5,1.5,0.2003698078321871,1,2515.0
023J781308,31.59,138.8,1.3,0.19150225800039034,1,1949.0
023J781309,29.51,158.2,2.1,0.19234636503772523,1,1995.0
023J781310,46.9,172.2,2.9,0.16021632392508184,1,1042.0
023J781311,37.17,143.5,3.3,0.1883070706572184,1,1800.0
023J781312,64.54,201.9,4.9,0.08922638207767658,1,415.0
023J781313,45.43,152.7,4.0,0.1672752908029842,1,1176.0
023J781315,35.17,116.4,12.5,0.10092222401914602,1,471.0
023J781316,13.86,57.0,1.2,0.21337426590612263,1,3316.0
023J781317,29.81,121.9,3.8,0.20121235561452516,1,2578.0
023J781318,58.37,249.9,5.1,0.06566294538752881,1,328.0
023J781319,36.34,126.1,3.7,0.19503430557424312,1,2167.0
023J781320,44.34,119.4,2.4,0.1916651777887377,1,1962.0
023J781322,33.12,155.4,2.6,0.19041251042144713,1,1897.0
023J781323,35.19,153.7,2.9,0.18339545348087033,1,1599.0
023J781324,46.67,307.5,2.2,0.04958188928738716,1,278.0
023J781325,87.22,1334.8,21.6,-0.2036554583222232,-1,2.0
023J781326,113.86,231.1,4.7,-0.05923586979227502,-1,85.0
023J781327,48.9,156.0,2.0,0.17308619776537282,1,1298.0
023J781328,21.33,199.9,2.1,0.14834561169236565,1,859.0
023J781330,95.91,259.0,2.8,0.002364245022241862,1,174.0
023J781331,110.11,309.2,4.8,-0.0664517028283127,-1,77.0
023J781332,92.21,193.1,5.0,0.009588953944446255,1,184.0
023J781333,59.25,131.1,4.0,0.15692347445936394,1,985.0
023J781334,87.74,247.3,7.0,-0.00559228324648986,-1,162.0
023J781335,74.73,182.6,6.8,0.047713877219986545,1,276.0
023J781336,113.39,456.0,2.1,-0.11837924657851973,-1,24.0
023J783002,93.27,1119.5,3.0,-0.14600087137166362,-1,13.0
023J783003,88.93,1085.9,2.0,-0.13761381887905466,-1,17.0
023J783004,91.61,890.3,2.7,-0.12501852631538246,-1,20.0
023J783005,91.63,404.5,1.8,-0.04970549179638628,-1,98.0
023J783007,146.13,789.8,2.6,-0.16867019962391772,-1,9.0
023J783008,25.32,203.2,2.5,0.14808757132568778,1,855.0
023J783009,33.16,208.2,3.0,0.1470267324799489,1,843.0
023J783010,55.48,283.7,3.7,0.05532181154728266,1,297.0
023J783012,55.79,268.3,3.6,0.06522317269329814,1,326.0
023J783013,54.81,246.2,6.4,0.06509329021693167,1,324.0
023J783014,46.44,204.2,3.6,0.12730714868989035,1,644.0
023J783015,48.05,233.7,9.1,0.060948368011107146,1,308.0
023J783016,51.27,276.3,2.9,0.06676922819702213,1,335.0
023J783017,39.22,149.3,2.1,0.19335324008485388,1,2066.0
023J783018,36.71,150.4,1.9,0.19243457140058012,1,2002.0
023J783019,46.56,298.8,1.4,0.05125442623602927,1,286.0
023J783020,60.33,225.0,1.7,0.09154830439148443,1,421.0
023J783022,52.0,229.0,1.9,0.1003197629328042,1,467.0
023J783023,54.39,312.4,1.8,0.04290813462854437,1,262.0
023J783024,34.05,201.4,3.8,0.14496239676408024,1,812.0
023J783026,29.06,224.6,3.6,0.11897703063286419,1,579.0
023J783027,55.07,138.5,4.3,0.15553388549557534,1,964.0
023J783028,32.34,115.2,2.4,0.20697149347205412,1,2978.0
023J783029,47.43,142.0,2.7,0.18001741103102215,1,1479.0
023J783030,44.83,169.1,2.9,0.16209470816899113,1,1071.0
023J783031,77.05,257.2,5.8,0.016790209346497886,1,200.0
023J783032,77.79,358.8,5.8,-0.04318138287479523,-1,109.0
023J783033,71.81,438.4,5.1,-0.06674539904849153,-1,76.0
023J783034,22.05,149.1,2.6,0.18550237569755446,1,1689.0
023J783035,91.74,460.8,4.2,-0.0866198149918388,-1,56.0
023J783036,59.7,278.5,5.1,0.04346630036253907,1,263.0
023J783037,42.25,179.3,2.5,0.16179697819429567,1,1062.0
023J783038,35.12,130.2,4.1,0.1938782665519932,1,2098.0
023J783040,61.41,136.6,6.5,0.12285891970665147,1,610.0
023J783042,20.35,161.1,2.9,0.16957222591463117,1,1225.0
023J783043,41.52,165.0,4.1,0.16542687071513457,1,1138.0
023J783044,34.07,112.2,12.1,0.10496020951060597,1,490.0
023J783045,37.15,127.8,4.4,0.1901064622304784,1,1880.0
023J783047,40.3,201.2,10.1,0.0726837975432395,1,362.0
023J783048,49.78,244.5,8.7,0.04609585404462613,1,268.0
023J783049,18.04,155.2,1.8,0.19432455734021725,1,2124.0
023J783050,28.8,140.1,2.2,0.19928342764041496,1,2441.0
023J783051,49.99,257.1,1.9,0.08794764457331578,1,411.0
023J783052,31.51,109.6,2.7,0.2057549364632852,1,2892.0
023J783053,27.99,190.1,2.2,0.16929643760301277,1,1218.0
023J783054,38.21,186.5,2.7,0.16316334584189313,1,1092.0
023J783055,38.89,127.3,3.0,0.19643197138808705,1,2238.0
023J783056,23.39,101.0,0.5,0.19756966180289803,1,2325.0
023J783058,28.06,135.1,5.3,0.17684621584906873,1,1382.0
023J783059,9.52,167.6,0.8,0.13849188774546461,1,753.0
023J783060,26.91,306.4,3.0,0.057773997064797245,1,300.0
023J783063,18.77,96.4,3.6,0.20308280614083873,1,2690.0
023J783064,18.2,166.5,1.8,0.18277403264227543,1,1576.0
023J783065,26.99,106.4,3.1,0.1981126733894542,1,2368.0
023J783066,21.88,125.4,1.8,0.20425460152959224,1,2784.0
023J783067,20.8,134.0,2.1,0.19394974672377335,1,2102.0
023J783068,31.43,110.9,2.7,0.20461807430556483,1,2818.0
023J783070,33.42,175.2,4.3,0.16246744469632762,1,1074.0
023J783071,34.36,211.1,0.8,0.1324851069344557,1,694.0
023J783072,22.82,105.2,1.7,0.20596694441955493,1,2907.0
023J783073,37.9,119.3,4.7,0.18677487207877536,1,1737.0
023J783074,22.53,147.3,13.8,0.0867493943818935,1,407.0
023J783075,44.41,153.5,12.9,0.0683928451669783,1,341.0
023J783076,38.68,132.4,8.6,0.13648280040836464,1,732.0
023J783077,38.22,202.9,5.6,0.12118758131092483,1,596.0
023J783078,39.43,201.1,5.8,0.12539454847471182,1,628.0
023J783079,50.32,175.9,6.4,0.11929417627762734,1,581.0
023J783080,45.64,159.8,5.2,0.15021861175912843,1,885.0
023J783082,28.27,113.2,3.7,0.19582088454462693,1,2209.0
023J783083,57.57,135.5,4.0,0.15530241566053443,1,959.0
023J783084,43.9,87.8,5.7,0.16141926285213554,1,1056.0
023J783085,22.15,106.6,5.4,0.18310207610959056,1,1589.0
023J783086,22.8,124.8,3.6,0.19286191747743348,1,2031.0
023J783087,47.82,100.6,3.7,0.17668506948858675,1,1378.0
023J783088,26.46,130.5,3.7,0.19293646382323093,1,2038.0
023J783089,22.31,115.2,4.0,0.19591107389154505,1,2217.0
023J783091,28.04,63.3,1.2,0.20016755147544313,1,2493.0
023J783092,35.29,145.4,1.7,0.19024771357337827,1,1887.0
023J783094,36.23,147.3,2.2,0.19499789970407394,1,2166.0
023J783095,31.54,195.1,2.8,0.15894302386510362,1,1021.0
023J783096,25.71,110.0,2.5,0.21185087549320064,1,3261.0
023J783097,34.29,103.9,5.4,0.17720552640162135,1,1394.0
023J783098,38.6,141.9,2.7,0.19141667011776448,1,1943.0
023J783099,27.86,140.5,1.9,0.19713479016169977,1,2292.0
023J783100,14.19,83.8,1.6,0.21571964070956134,1,3384.0
023J783102,25.07,106.0,2.8,0.19841978754747397,1,2382.0
023J783103,65.94,145.9,6.1,0.11252940502887165,1,536.0
023J783104,26.61,132.3,4.4,0.19128152996330422,1,1939.0
023J783105,34.8,157.6,2.8,0.18336071972521345,1,1597.0
023J783106,26.08,151.0,3.5,0.18597917434021155,1,1705.0
023J783107,56.51,115.2,4.8,0.1605463377156836,1,1046.0
023J783109,39.67,142.9,17.8,0.030116658827701204,1,229.0
023J783110,15.12,81.6,1.3,0.2112894705458861,1,3234.0
023J783111,24.19,145.6,1.9,0.19052694310816187,1,1904.0
023J783112,44.21,159.7,1.4,0.1671772124366746,1,1175.0
023J783114,41.3,146.7,1.6,0.19098404074647485,1,1926.0
023J783116,20.82,167.8,0.4,0.15267286566666832,1,915.0
023J783117,20.21,170.8,1.1,0.16652159538384192,1,1158.0
023J783118,23.11,109.8,1.1,0.20776113506268373,1,3047.0
023J783119,26.39,146.8,1.0,0.18795599320696876,1,1786.0
023J783120,20.16,50.0,2.7,0.20365058899022231,1,2739.0
023J783122,19.97,66.4,1.7,0.21560365230115047,1,3383.0
023J783123,17.2,103.6,2.3,0.20506157575263395,1,2853.0
023J783124,21.17,113.4,4.0,0.19701344026843137,1,2281.0
023J783125,13.93,80.4,2.3,0.2075247030593645,1,3024.0
023J783127,16.8,84.5,7.2,0.15397252614271695,1,934.0
023J783128,17.5,63.1,6.4,0.16706535326821503,1,1172.0
023J783131,29.63,65.0,5.3,0.1811198497801111,1,1507.0
023J783132,19.98,81.1,3.7,0.20559424671384985,1,2884.0
023J783133,23.04,66.3,6.7,0.1668779475755665,1,1167.0
023J783134,19.27,132.6,5.1,0.17205197881283307,1,1281.0
023J783135,34.39,117.3,6.0,0.17861549408139493,1,1437.0
023J783136,23.64,106.8,3.4,0.1956163583948829,1,2197.0
023J783137,20.73,84.2,2.4,0.2163089901124124,1,3399.0
023J783138,36.03,77.5,3.4,0.18977932017889315,1,1864.0
023J783139,29.68,156.8,1.7,0.19041976411113065,1,1898.0
023J783140,19.78,168.4,1.8,0.17411559633806606,1,1320.0
023J783142,22.15,97.3,1.9,0.2138661694547515,1,3332.0
023J783143,32.39,170.0,2.2,0.18183555883901514,1,1530.0
023J783144,45.01,296.4,8.9,-0.0011337129038386795,-1,171.0
023J783145,57.23,3046.0,16.7,-0.18367734095874488,-1,4.0
023J783146,26.75,339.5,8.9,-0.039982727940739315,-1,113.0
023J783147,19.94,101.8,1.6,0.21609881400147818,1,3395.0
023J783149,98.29,406.2,5.3,-0.08139611117772427,-1,59.0
023J783150,65.53,451.4,3.8,-0.05345258081639259,-1,92.0
023J783151,69.9,324.1,3.8,0.006008435781981625,1,179.0
023J783152,54.99,294.9,18.8,-0.07439686382471233,-1,64.0
023J783153,54.48,380.0,1.8,-0.005448402080986958,-1,164.0
023J783154,37.05,168.8,7.7,0.12545615916325575,1,629.0
023J783156,89.88,361.5,4.2,-0.04608507200226619,-1,103.0
023J783157,48.08,234.4,1.5,0.1112079245990541,1,528.0
023J783158,36.62,145.0,1.4,0.186378932927948,1,1721.0
023J783159,91.91,264.8,1.2,0.002825306217987933,1,175.0
023J783160,28.23,75.9,0.4,0.19202224340738916,1,1978.0
023J783162,120.3,169.1,1.8,-0.006369637344681545,-1,159.0
023J783163,60.66,131.5,1.1,0.15069385829813414,1,890.0
023J783165,41.79,269.0,1.2,0.08582295455366257,1,406.0
023J783166,61.11,616.3,4.6,-0.09592147497520431,-1,47.0
023J783168,58.84,249.9,2.1,0.08074284385523378,1,390.0
023J783170,35.86,166.9,2.3,0.17855558538453103,1,1434.0
023J783171,21.84,83.0,1.3,0.21612561191492224,1,3396.0
023J783172,12.39,208.0,1.8,0.12970152943249397,1,665.0
023J783173,32.13,268.2,2.6,0.09346327245495833,1,433.0
023J783174,17.63,186.3,1.6,0.1713623972892674,1,1263.0
023J783175,14.77,130.0,3.8,0.17527388761064933,1,1345.0
023J783178,16.68,43.2,2.7,0.19567388411564962,1,2199.0
023J783179,6.73,51.3,1.5,0.17776851915775255,1,1413.0
023J783180,15.07,58.8,8.2,0.12933724962681176,1,658.0
023J783182,19.46,85.6,1.7,0.22131952168564123,1,3440.0
023J783183,18.39,50.6,3.0,0.20664059322400424,1,2949.0
023J783184,34.97,102.8,7.0,0.16186535363115995,1,1063.0
023J783187,15.91,148.9,3.2,0.1786568944109187,1,1438.0
023J783189,13.9,74.1,2.5,0.2039176043523649,1,2760.0
023J783190,31.49,94.5,2.4,0.20990780121163588,1,3174.0
023J783191,32.35,229.3,2.7,0.12221963668609348,1,604.0
023J783192,205.86,322.1,7.5,-0.16857872085426573,-1,10.0
023J783193,18.24,84.4,3.2,0.20715845177945563,1,2990.0
023J783194,59.37,325.1,1.5,0.029324272261969653,1,224.0
023J783195,27.49,100.5,7.5,0.16287755795363978,1,1085.0
023J783196,52.73,325.0,3.5,0.03226336778042427,1,234.0
023J783197,42.13,172.7,1.0,0.1624197849959636,1,1073.0
023J783198,37.71,239.4,2.0,0.10857369735499633,1,506.0
023J783199,30.28,117.3,0.7,0.198464953269947,1,2390.0
023J783200,18.93,71.5,0.6,0.207133266049292,1,2988.0
023J783202,69.8,241.2,2.0,0.0617813605016998,1,311.0
023J783203,37.23,272.8,1.1,0.08177671931800246,1,396.0
023J783204,33.26,120.6,1.3,0.20179393270568757,1,2624.0
023J783206,37.65,144.8,0.9,0.1807194524621608,1,1499.0
023J783207,49.88,140.2,1.0,0.16729019469627276,1,1177.0
023J783208,37.9,123.1,0.9,0.1908112964138461,1,1915.0
023J783209,37.55,115.5,0.7,0.18699415719334278,1,1748.0
023J783210,34.3,124.3,0.7,0.19442177011621287,1,2130.0
023J783211,33.42,103.7,0.8,0.1974180298505847,1,2311.0
023J783212,25.28,85.2,0.5,0.20390190277653653,1,2759.0
023J783213,27.83,82.5,0.6,0.2003580963961329,1,2513.0
023J783215,114.61,196.5,1.5,-0.016516989368575485,-1,146.0
023J783216,50.93,154.5,1.2,0.1620255788869645,1,1068.0
023J783217,25.63,76.4,0.5,0.20041695905359913,1,2522.0
023J783218,67.36,124.6,1.2,0.13835990628478617,1,752.0
023J783219,30.02,80.1,0.5,0.1938813832702007,1,2099.0
023J783220,34.22,76.0,0.8,0.1926601345667872,1,2015.0
023J783222,17.42,115.5,0.4,0.1979371388461032,1,2355.0
023J783223,23.49,132.2,0.7,0.1864169049555668,1,1723.0
023J783224,26.89,81.4,0.7,0.20867088281536433,1,3105.0
023J783225,38.63,149.8,1.5,0.1888537970308809,1,1815.0
023J783226,69.29,278.7,4.6,0.027960218071505172,1,221.0
023J783227,88.19,379.2,5.4,-0.04829950195445609,-1,99.0
023J783229,87.43,481.8,3.2,-0.07659842826219909,-1,62.0
023J783230,107.43,705.2,3.9,-0.13945716351939552,-1,14.0
023J783231,32.97,127.5,1.7,0.20360294283464658,1,2734.0
023J783233,86.36,274.4,6.1,-0.009574307938432725,-1,155.0
023J783234,34.99,152.1,2.1,0.18923724989509688,1,1839.0
023J783235,32.13,202.1,1.5,0.15611150348844705,1,969.0
023J783236,69.8,289.8,2.1,0.032778157833123434,1,237.0
023J783237,55.5,131.6,2.9,0.16602143635474403,1,1147.0
023J783238,56.63,316.2,2.4,0.041188395571145175,1,255.0
023J783239,47.54,220.9,2.3,0.12049878595311919,1,590.0
023J783240,93.62,1559.8,4.5,-0.16638610153174882,-1,11.0
023J783242,50.31,206.6,3.1,0.1311408588901548,1,677.0
023J783243,50.84,270.0,1.7,0.0769811824706862,1,375.0
023J783244,56.74,157.2,3.2,0.14854361244244035,1,860.0
023J783246,52.49,247.4,2.5,0.09624074494095775,1,448.0
023J783247,64.31,161.8,6.1,0.10634373497166927,1,495.0
023J783248,56.89,136.3,3.7,0.15191185484544295,1,905.0
023J783249,43.94,193.0,3.5,0.14603522007880487,1,826.0
023J783250,30.13,170.7,2.3,0.18237744994068944,1,1553.0
023J783251,64.33,228.7,5.3,0.07180742504765525,1,358.0
023J783252,58.91,203.7,1.7,0.11326297097269428,1,543.0
023J783254,52.94,183.9,2.9,0.14028982962819325,1,772.0
023J783255,42.44,149.3,3.0,0.18670259770636738,1,1733.0
023J783256,43.31,93.5,3.1,0.18403836901061182,1,1625.0
023J783258,72.65,213.5,3.1,0.07268376860171333,1,361.0
023J783259,91.37,302.2,1.7,-0.005496942579524378,-1,163.0
023J783260,94.72,457.8,5.2,-0.09202633990498432,-1,48.0
023J783262,69.69,319.6,3.9,0.00920557113001308,1,182.0
023J783263,58.65,227.8,3.4,0.08816072605797987,1,412.0
023J783264,29.97,209.0,1.5,0.1464738899138479,1,835.0
023J783265,29.52,193.0,1.5,0.1653355865404918,1,1137.0
023J783267,36.48,198.2,2.4,0.15449749471896623,1,943.0
023J783268,34.0,174.8,1.6,0.1690046118425088,1,1213.0
023J783269,48.86,373.6,4.8,-0.005782546047113368,-1,161.0
023J783270,45.34,284.7,1.3,0.06532631703817127,1,327.0
023J783271,47.68,148.6,4.4,0.1681143796116314,1,1194.0
023J783273,40.38,151.6,11.9,0.09118109163503535,1,420.0
023J783274,39.25,125.3,4.6,0.18862708097970804,1,1809.0
023J783275,56.64,164.5,2.2,0.15304067826755463,1,926.0
023J783276,23.72,96.3,1.0,0.21242841233530574,1,3284.0
023J783277,26.27,144.3,1.8,0.1988995516963138,1,2419.0
023J783278,81.34,245.6,5.4,0.0196671766719424,1,207.0
023J783279,37.72,140.3,1.9,0.19258699874894847,1,2011.0
023J783282,36.51,135.4,2.3,0.19686893022271668,1,2273.0
023J783283,50.76,179.3,1.6,0.15287938659565847,1,922.0
023J783284,35.11,94.9,1.3,0.20175337813578736,1,2622.0
