Unique ID,Cu,Zn,U,anomaly_score
014D783298,235.67,750.2,5.9,0.7922438752937189
023J781325,87.22,1334.8,21.6,0.7870121789422854
023I823079,372.97,407.6,10.9,0.7817053351751826
023J783145,57.23,3046,16.7,0.767034061578807
023J781134,166.05,741.7,3.5,0.7654682005026577
023I823092,193.3,506.8,4.9,0.7643380713569593
023J781029,188.17,464.7,6.3,0.758658492768006
023I781043,192.79,517,2.7,0.757238530460505
023J783007,146.13,789.8,2.6,0.7520269202439799
023J783192,205.86,322.1,7.5,0.7519354414743279
023J783240,93.62,1559.8,4.5,0.749742822151811
023J781133,113.84,655.9,4,0.7364062485766577
023J783002,93.27,1119.5,3,0.7293575919917258
023J783230,107.43,705.2,3.9,0.7228138841394577
023J781024,64.24,1335.1,2.4,0.7227891343542256
023J781025,61.14,1458.5,2.7,0.7214008506856004
023J783003,88.93,1085.9,2,0.7209705394991168
023J781030,97.52,788,5.7,0.7193194489630025
023I823085,263.29,156.1,10.1,0.709353974242896
023J783004,91.61,890.3,2.7,0.7083752469354446
023I823073,171.2,373.1,2.6,0.7074729111233262
023I823089,319.33,133.5,5.6,0.706474798950038
014D781332,117.21,468.4,1.5,0.7047337913830636
023J781336,113.39,456,2.1,0.7017359671985819
023J781082,79.35,391,15.8,0.6965235909175881
014D781178,67.12,163.3,51,0.6935970454665117
023I823083,113.6,435.2,2.2,0.6925272705261645
023J781066,83.24,603,2.5,0.692405593770551
013L783096,13.84,88.1,71.3,0.692165095299238
013M781062,27.37,147.2,95.8,0.6908332567805131
014D783448,173.75,181.2,7.3,0.6893805332868769
023J781233,188.84,157.1,7.5,0.6877899348673047
013M781582,85.62,169.1,30.2,0.6873796807127072
023I781047,135.61,388.1,2.1,0.6849058350251863
014D783176,92.03,401.6,10.7,0.6846491584859723
014D783646,256.36,73.6,1.6,0.6841782462536145
023J781004,31.3,626.5,6.7,0.6839875237306703
014D783212,90.79,115.8,34,0.6838997412282353
013M781009,44.97,179.9,44.1,0.6838974046730879
013M781059,28.55,167.5,72.6,0.6831601268394737
013M783114,22.68,234.8,31.5,0.6823977924848865
014D783234,36.31,124.2,130.1,0.6823044805804047
023J781057,31.49,996.2,2,0.6820828164958483
023J781031,107.26,463.4,1.6,0.6820364140737698
013M781063,16.01,121.5,65.8,0.68175305465425
023I823088,167.23,271,2.2,0.6810791261934741
023J783166,61.11,616.3,4.6,0.6792781955952665
023J783260,94.72,457.8,5.2,0.6753830605250465
013M781211,19.05,40,51.9,0.675146065547477
023J781124,60.4,580,0.9,0.6747083567005169
023J781009,148.38,175.8,6.8,0.674599853607255
023J781019,112.58,398.8,2,0.6738763978685384
013M781065,15.18,111.2,46.5,0.6738304984245608
014D783278,45.59,74,48,0.6725095139244432
023I823082,102.16,422.7,2,0.6709131041662241
023J783035,91.74,460.8,4.2,0.669976535611901
014D781308,97.21,138.6,21.1,0.6695611491697819
014D781211,21.4,52.1,52.9,0.6668371149828705
023J783149,98.29,406.2,5.3,0.6647528317977864
023J781028,255.79,115.9,1.6,0.6603706722813251
013M781085,38.16,389.8,12.4,0.660284296878481
023J783229,87.43,481.8,3.2,0.6599551488822613
013M781018,10.81,58.9,41.5,0.6579202785179129
023J783152,54.99,294.9,18.8,0.6577535844447745
013M781058,24.48,202.2,27.4,0.6573340997305253
014D783233,28.09,91.6,53.9,0.6566464029833362
023J781008,53.99,337.6,14.2,0.6566307163896857
014D783184,27.58,205.7,28.7,0.6559111072789984
023J781054,32.09,555.6,2.4,0.6558887580030485
023I781050,127.5,294.2,2.2,0.6552398362271872
013M781068,11.57,94.3,35.6,0.6544273391342846
013M781577,40.35,142.8,42.7,0.6538907332087158
013M781043,34,347.3,14,0.6536945485138106
014D783232,33.6,73.2,46.9,0.6532266892298242
023J781132,82.11,412.2,4.4,0.6512427132268644
023J783033,71.81,438.4,5.1,0.6501021196685537
023J781331,110.11,309.2,4.8,0.6498084234483749
014D781302,30.5,127.7,42.1,0.6482527623677421
014D781335,192.24,152.9,1.5,0.647076323662338
023J781070,99.06,285.9,7.8,0.6456229269611796
023J781078,130.47,254.5,2,0.6453467120782296
014D781147,31.95,95.6,43.4,0.6451964876739975
014D781307,93.79,132.9,19.5,0.6431507897459426
013M781199,63.35,355.5,9.6,0.6426567579750967
023J781326,113.86,231.1,4.7,0.6425925904123372
013M783093,20.69,131.8,34.4,0.6399964191030014
023J781044,71.5,427.4,2.9,0.6391240117321918
014D783359,120.73,104.9,9.1,0.6386537891780064
014D783442,29.22,176.5,28.6,0.6381848646313691
023I823087,123.28,275.3,2.2,0.6380724341750298
014D781473,153.34,173.2,2,0.6376865357300522
023J783150,65.53,451.4,3.8,0.6368093014364548
014D781219,28.62,145.8,31,0.6367988451934434
014D783236,29.32,76.1,39.6,0.6361605272181069
014D781515,130.16,175.6,1.1,0.6356738509243085
014D783471,104.47,271.1,6,0.63460626979058
023I781083,121.69,256.6,3.2,0.6344798687702687
023J783005,91.63,404.5,1.8,0.6330622124164484
023J783227,88.19,379.2,5.4,0.6316562225745183
023J781012,106.04,339.8,3,0.631543087258442
014D783644,116.63,23.1,1.9,0.6310790673281513
013M783163,10.83,105,26,0.6310191990206796
023J783156,89.88,361.5,4.2,0.6294417926223284
013M781257,16.63,97.3,28.2,0.6291481548059362
023I781082,107.42,258.7,4.8,0.6286681011867227
023J781023,57.48,442.2,2.2,0.6284195873611021
013L781057,54.55,130.9,27.2,0.6283737376000296
023J781088,84.09,283.4,11.9,0.6271117454846905
023J783032,77.79,358.8,5.8,0.6265381034948574
013M783118,13.75,96.7,27.5,0.6238300314044539
023I781057,109.93,258.3,3.6,0.6237570972518156
023J781036,91.05,161.1,14.6,0.6235257507235326
023J783146,26.75,339.5,8.9,0.6233394485608015
023J781259,117.91,228.4,2.6,0.6228043484600737
014D781472,129.02,176.9,2.1,0.6218764538225969
023J781273,48.91,469.6,3.2,0.6218648615444262
014D781288,59.78,69.5,25.3,0.6213450862046819
014D781266,108.07,122.1,9.6,0.6202330139302891
013M783089,31.3,326.4,10.9,0.6186991907908818
023I823078,113.7,252.7,2,0.6184284937148253
014D783337,66.28,84.1,21.1,0.617927106424811
013M783247,26.61,248.1,18.3,0.6167197178164853
014D783458,61.46,119.3,24.1,0.6162140960458484
013M781091,20.76,306.9,12.2,0.6151592131272308
014D783273,57.87,47.4,19,0.6141446997686725
023I781052,95.9,300.7,3.6,0.6125806499632338
023I781008,113.86,171.4,3.6,0.6124834621440005
023I823093,82.26,365.8,2,0.6110040715002717
014D781289,57.06,91.1,22.8,0.6104137415374236
013M781196,31.97,118.6,27,0.6103029794064531
014D783193,33.82,225.8,19.7,0.6098610279649498
013M781209,55.71,120.1,25.1,0.609823256322659
013M783439,19.8,81.3,26.7,0.6098223568221518
023I823086,105.52,282.8,1.4,0.6092280878415212
014D781212,18.5,71.4,27.3,0.6077710946605238
014D783464,75.6,233.3,13.8,0.6076061118591318
013M783100,19.38,183.7,21.7,0.6070041705318135
023J781033,99.86,305.9,2.5,0.6062536289671813
014D781054,77,354.1,2,0.6036104612016484
014D781286,60.5,94,20.7,0.6030248222438238
013M783091,30.05,332.7,7.6,0.6029982250182265
014D781210,50.3,89.1,23.7,0.602374563756305
023J781234,117.39,111.6,4.1,0.6018412777436197
013M783115,31.68,153.5,22.9,0.6011594455181473
023J781051,99,222.1,5,0.6011128897971719
023J783215,114.61,196.5,1.5,0.5998737099886376
023I781040,95.91,274.1,3.1,0.5989350343576114
014D781050,33.12,367.1,5.8,0.5981565783247424
023J781222,121.01,171.4,2.5,0.596722551234397
014D783462,60.59,78.9,18.8,0.5958890484487969
023I823076,110.01,217,2.4,0.5952563032177886
013M781056,19.28,110.6,23.3,0.5932999740310725
013L781180,7.27,352.5,0.7,0.5931418749684085
013L783157,59.94,51.4,15.3,0.5930210416457583
023J783233,86.36,274.4,6.1,0.5929310285584949
023J781191,116.15,174.8,2.2,0.5922529831421004
014D783196,14.68,129.6,21,0.591142090637972
023J781015,69.43,359.8,2.3,0.5902487885103782
023J783162,120.3,169.1,1.8,0.5897263579647437
014D781097,17.34,107.6,22.9,0.5893699790821788
023J783269,48.86,373.6,4.8,0.5891392666671755
023J781334,87.74,247.3,7,0.588949003866552
023J783259,91.37,302.2,1.7,0.5888536631995865
023J783153,54.48,380,1.8,0.5888051227010491
013M781108,68.33,148.4,17.3,0.588618865740084
013M781530,39.6,112.1,23.9,0.5877033111749428
014D783190,20.46,148.9,20.8,0.5875132538265635
014D781045,82.41,148.7,13.6,0.5858481603777581
014D783249,38.48,99.3,24.1,0.5847013303108882
013M781186,46.43,355.5,4.9,0.5846371511403801
023J783144,45.01,296.4,8.9,0.5844904335239008
013M781143,14.43,86.5,20.8,0.5837010431980353
023J781211,103.75,218.5,1.7,0.5833385983791162
023J781330,95.91,259,2.8,0.5809924755978203
023J783159,91.91,264.8,1.2,0.5805314144020742
014D781204,10.94,55.4,17.8,0.5789802061272774
013M781602,20.04,95.4,22.4,0.5786267958148107
013M783242,37.73,294.3,8.5,0.577356556208099
023J783151,69.9,324.1,3.8,0.5773482848380805
023I781037,91.47,245,3.1,0.5762233396440437
014D781196,19.4,54.9,21.1,0.5750608732958782
023J783262,69.69,319.6,3.9,0.5741511494900491
014D781415,99.69,100.2,1,0.5741041936949391
023J781332,92.21,193.1,5,0.5737677666756159
023J781022,71.04,328.9,2.1,0.5733271219963244
014D781357,99.82,207.8,2.5,0.5729370953588987
014D783152,104.87,143.5,3.2,0.5725153271643488
014D783485,89.3,261.9,1.8,0.5721678987195251
013M783098,22.93,105.3,21.1,0.57115457163239
023J781157,50.6,289.5,8.5,0.5709515741846912
014D781370,55.78,125.9,17.5,0.5704371880469621
013M781088,24.98,279.7,8.8,0.5699349533540683
013M781207,27.92,28.7,16.8,0.5693793810195672
023I781054,78.62,188.4,9.6,0.5689742348589061
023J781186,25.61,279,8.5,0.5684102370744991
014D781333,97.03,156.4,0.7,0.56835671803344
023J781053,90.19,194.9,4.9,0.5682660320227878
023J781074,79.94,286.9,1.7,0.5673043770829262
014D781339,46.3,355.4,1.2,0.5668831879735359
023J783031,77.05,257.2,5.8,0.5665665112735643
013M781057,21.53,132.5,19.8,0.5663792343144383
013L781162,11.36,338.6,0.9,0.5662822645717507
013M781099,21.79,293.1,8,0.5657694950224426
013M781236,43.13,314.3,6.2,0.5643669478220356
013M781287,10.63,118.3,16.8,0.564357861006825
013L783093,17.25,88.7,19.9,0.5638324161752224
023J783278,81.34,245.6,5.4,0.5636895439481198
014D781064,104.47,167.7,2.3,0.5634147004342426
013M781070,31.73,311.7,5.3,0.5623367643184475
014D783358,92.91,154.9,5.4,0.5623310783721293
013M781587,33.73,251.6,10.6,0.5612876661813891
013M783162,13.86,66.5,18.3,0.5609950014061746
013L783313,13.63,344.8,0.8,0.5607702013854055
013L781152,11.81,244.8,9.1,0.5606471648526499
013L781167,14.46,350.8,1.3,0.5601195987639671
014D781514,100.41,144.3,1.3,0.5601105977454961
023J781032,85.91,259.5,2.9,0.5586324502607158
013M781071,36.2,306.5,6,0.5572937856215402
013M781097,19.61,302.7,6.5,0.5569561766402735
013M783307,9.43,50.7,15.3,0.5553988087321307
023J783226,69.29,278.7,4.6,0.555396502548557
023I781048,74.42,271,1.6,0.5553568081813037
014D783444,86.11,255.3,2.7,0.5547804795152659
023J783194,59.37,325.1,1.5,0.5540324483580925
013M783069,17.91,140.8,17.4,0.5539115778226934
013M781106,37.53,269.7,8.9,0.5537354511452457
013L783310,13.17,330.1,0.6,0.5534859449387323
013M783212,62.19,182.4,12.1,0.5533242691121744
023J783109,39.67,142.9,17.8,0.553240061792361
013M781030,34.66,83,19.1,0.5524523421445323
023I783076,27.86,130,19.6,0.5519782061237545
014D781330,82.46,234.6,0.9,0.5514518490431571
014D783400,79.77,125.9,10.6,0.5512360772583977
023J783196,52.73,325,3.5,0.5510933528396379
023J781142,39.41,342.4,1,0.55080512526412
014D781496,95.6,104.4,1.1,0.5506747752306859
023J783236,69.8,289.8,2.1,0.5505785627869387
023I781088,32.09,327.6,2.2,0.5479767953984308
014D781209,32.44,83.5,18.6,0.547432669375096
023J781254,99.55,138.9,1.8,0.5473586658656495
014D783479,71.74,206.5,8.1,0.5470069622147661
014D783043,72.62,271.7,1.7,0.5454046151100562
014D781063,28.44,325.7,1.2,0.5451591829707962
014D781518,84.74,196.1,0.5,0.54435072438158
014D783282,86.46,112,7.1,0.5440293263401095
013M781324,41.21,189.6,14.8,0.5439589679909463
023I783008,65.6,261.3,6.5,0.5436492966682762
013M781593,29.89,188.1,16.2,0.5433825196640927
014D781051,25.29,286.1,6.5,0.5430013652078165
014D783631,89.3,118.6,0.7,0.5429332184693902
013M781217,8.56,46.6,13.5,0.5426314699554369
014D783254,37.75,63.3,16.4,0.5425067773457383
014D781179,36.99,161.1,15.9,0.5424452000033639
014D781260,92.87,109,4,0.5421917788891176
023J783238,56.63,316.2,2.4,0.542168325048917
014D783199,23.51,226.6,11.8,0.5417665307142946
013M783455,22.01,268.1,7.6,0.5414719124778512
014D781287,55.92,141.8,14,0.54144547730859
014D781272,65,81.9,11.6,0.5409117525612184
013L781134,14.57,308.8,0.6,0.5405872326883858
023J781184,42.26,322.5,3,0.540566066399797
023J783023,54.39,312.4,1.8,0.5404485859915178
023J783036,59.7,278.5,5.1,0.5398904202575231
014D781222,53.17,128.4,14.3,0.539567230219989
014D781323,88.29,166.7,3.5,0.5393001563415022
013M781316,27.33,256.6,7.8,0.5388798250762233
013M781019,20.39,242.5,9.1,0.5374616877598245
023J783048,49.78,244.5,8.7,0.537260866575436
013M781168,32.64,204.3,13.1,0.5367259111020889
013M783166,13.51,118.3,15.1,0.5365639089356695
014D781067,91.63,133.7,3,0.5364750519290442
013M783383,25.69,207.1,13.1,0.5362577310796369
014D781139,46.87,191.8,12.6,0.5361292353709397
014D783188,35.44,176.4,14.6,0.5359979626773379
023J781236,90.42,80.5,1.5,0.5359359237867547
023J781335,74.73,182.6,6.8,0.5356428434000756
014D783227,81.41,112.4,8,0.5350964464618112
023J781324,46.67,307.5,2.2,0.533774831332675
014D781040,86.24,108.9,5.7,0.5334112338210419
013M781008,36.17,154.4,15.6,0.5333118530782303
023I783134,84.32,222.3,2.3,0.5331987703531269
023J781091,71.72,249.3,3.3,0.5329481142403503
014D781194,11.9,64.5,14.1,0.532500599375606
014D781175,25.44,77.1,19.3,0.5322866373129558
013M781210,28.61,86,17.3,0.5322377265669314
023J783019,46.56,298.8,1.4,0.5321022943840329
013M781215,18.35,68.2,16.8,0.5316372960537088
013M783436,12.34,55.5,13.6,0.5311409205294673
014D781255,46.9,51.5,11.4,0.5311217836184694
014D781096,32.38,200.9,13.3,0.5308079566309446
023J781085,62.7,232,7.3,0.5303641843361832
014D783357,74.79,127.8,10.1,0.5297877582963918
014D781292,80.44,113.4,8.3,0.5296555478066793
014D783200,20.89,128.3,16.8,0.5288996452502427
014D781470,91.41,160.8,1.8,0.5287625518254053
014D783020,87.28,178.7,3.1,0.5286188484273292
023J783010,55.48,283.7,3.7,0.5280349090727795
013M781084,20.63,290.2,4.8,0.5268312267555111
023J781016,87.16,182.8,1.5,0.5259351519637961
023J783060,26.91,306.4,3,0.5255827235552649
013M783231,51.81,243.6,7.1,0.5254078046318358
014D781362,82.54,189.3,3.5,0.5252284589648765
014D781199,6.07,92.7,10.2,0.5240910812297173
013M783211,19.43,177.2,13.7,0.5239396905230486
013M781066,17.1,100.2,15.9,0.5235540047063227
014D783353,54.69,104.2,12.1,0.5230769050953658
013L781165,10.15,274.7,1.4,0.5227841552103611
023J783015,48.05,233.7,9.1,0.522408352608955
014D781337,72.28,230.4,1,0.5217641784588712
013M781617,26.62,83.7,16.9,0.5216016227070184
023J783202,69.8,241.2,2,0.5215753601183624
023I781086,70.41,226.4,2.9,0.5213741677242926
014D781505,50.42,278.6,0.9,0.5210341786203709
014D781250,39.29,64.7,13.4,0.520904234017505
014D783365,80.07,177.1,0.9,0.5207701874706133
013L783311,6.76,240.6,0.3,0.5206333719630979
023I783075,44.2,159.3,12.3,0.520489285467382
014D783480,55.88,115.2,12.4,0.5203877118235999
014D783336,49.62,114.5,13.7,0.5195953530874233
013M781089,19.09,222.9,9.2,0.5193018022102638
014D781329,78.84,181,1.1,0.5192693884112055
014D781500,77.28,194.1,0.9,0.5192046203186603
013M781069,11.33,133.4,12.9,0.5187638543614952
023J783013,54.81,246.2,6.4,0.5182634304031305
014D783226,59.1,193,9,0.5181494414840634
023J783012,55.79,268.3,3.6,0.518133547926764
023J783270,45.34,284.7,1.3,0.5180304035818909
023J781318,58.37,249.9,5.1,0.5176937752325333
014D781283,86.48,92.5,3.3,0.5175906623663405
023J781038,74.73,212.5,1.4,0.5172417598678
014D783240,54.06,110.7,12.4,0.5171342076939915
023I783324,49.49,284,2.9,0.5169305775657508
023J781018,75.72,209.3,1.4,0.5168919195334266
013L781151,25.91,298.5,0.8,0.5166424498012715
023J783016,51.27,276.3,2.9,0.51658749242304
013M783410,11.62,68.4,12.4,0.5161711498142333
014D783238,79.11,112.5,6.8,0.5157626412537553
014D783371,87.16,114.6,3.3,0.5156435025109701
013L781176,8.01,243.6,0.7,0.5154412198500076
023I781087,61.53,238.6,6,0.5150030382066173
023J783075,44.41,153.5,12.9,0.5149638754530839
014D781144,21.59,94,15.7,0.5148295464594135
013L781164,10.9,270.6,1,0.5141741160233991
014D781369,64.51,226.3,5.6,0.5141124565873318
013L781166,14.42,292.7,1.6,0.5139205577340941
013M781087,9.58,110.3,12,0.5139050272267235
014D781331,81.23,172.6,1.1,0.5135677760974494
013M783438,54.93,111.4,11.9,0.5134031399398243
014D781254,56.84,51.3,8.7,0.5126666319570767
014D783431,86.04,114.1,2.9,0.512617892852697
014D781311,68.87,88,9.2,0.5124445451249624
023J781274,37.12,274.5,3.1,0.5123358915916314
023J781170,85.56,166.2,2.6,0.5123197206465686
023J781043,53.46,270.3,2.3,0.5122705184304613
014D781284,83.66,116.9,5.9,0.5120547134975268
014D783538,84.2,187.6,1.8,0.5117974871451038
023I781009,88.18,111.3,2.4,0.5117176062822503
023J783251,64.33,228.7,5.3,0.5115492955724069
014D783439,80.93,147.6,5.2,0.5112987940273253
023I781237,9.68,53.2,11.3,0.5110008816541308
023J783258,72.65,213.5,3.1,0.5106729520183488
023J783047,40.3,201.2,10.1,0.5106729230768227
014D783449,76.84,180.7,3.6,0.5102566540149823
023J781083,74.65,203.9,2.1,0.510247351915793
013L781175,7.43,236.9,0.6,0.5099599273800604
013L781171,10.98,261.6,1.4,0.5098747606056999
013L781135,17.65,297.3,0.8,0.5097340217023192
013L781093,50.3,122.5,12.3,0.5096921132821204
014D781376,36.99,159.6,13.1,0.5096647759602211
023J781093,86.75,146.5,1.7,0.5096282211372963
014D783197,20.74,199.2,11.5,0.5090521614784308
013M783159,23.88,160.6,13.9,0.5085458584125566
014D781338,85.64,156.7,1.6,0.5084031955719123
014D781340,63.1,245.5,2,0.5076656587142468
023J783243,50.84,270,1.7,0.506375538149376
014D781160,49.74,162.8,10.5,0.5062734721381782
014D781350,81.13,188.3,2,0.505864650868978
023I783135,60.31,191.2,7.1,0.5057207326501101
023I781089,27.83,274.5,2,0.5057007067663906
023J781282,40.28,255.5,4.5,0.5056086558095056
013M783456,37.58,65.3,12.1,0.505372605534066
014D781220,20.73,111.5,14.6,0.5053514335788133
013M781231,21.61,267.4,3.7,0.5049926638377592
014D781436,70.17,60.2,0.8,0.5049861654272664
014D783638,63.23,241.2,1,0.5046779942166434
023J781271,81.1,166.1,3.3,0.5044564955767826
013L781163,9.44,244.3,0.8,0.50341304352365
014D781336,48.78,271.7,2.4,0.5032705699738224
023I781071,83.23,156.7,1.4,0.5030942466345687
023J783168,58.84,249.9,2.1,0.5026138767648284
014D781200,12.72,137.3,11.8,0.5021936308272638
013M783152,22.14,141.5,14.5,0.5018628045254332
014D783228,70.72,121,8.8,0.5018037079026283
013M783158,24.49,172.4,12.1,0.501688054431737
014D781189,49.74,60.7,10.6,0.5016541639288828
023J783203,37.23,272.8,1.1,0.5015800013020597
014D783214,32.04,69.3,13.9,0.5011298128979507
013M781314,26.06,201.2,10.1,0.5006408128556499
023J781010,30.37,100.9,14.5,0.500280619895302
013M781229,29.13,233.6,6.9,0.4998226896410437
013M781345,24.59,194.3,10.4,0.49970195826142877
014D781218,18.95,54.7,12.8,0.4996773609755303
013M783249,22.21,242.6,5.4,0.49924699418039603
013L781172,10.98,243.2,1,0.4987034052802297
023J781223,84.55,107.9,2.4,0.4980318581748511
023J783165,41.79,269,1.2,0.4975337660663996
023J783074,22.53,147.3,13.8,0.49660732623816867
013M781583,51.39,185.3,8.7,0.4963461063274777
013M781256,25.21,183.1,11.3,0.49626405892038966
013M783155,20.75,135.6,14,0.4961417347422394
023J783051,49.99,257.1,1.9,0.4954090760467464
023J783263,58.65,227.8,3.4,0.4951959945620823
014D783235,17.41,73.3,13,0.49501386507680945
014D781274,84.2,97.9,2.6,0.4946880975347446
023J781312,64.54,201.9,4.9,0.4941303385423856
014D783407,83.88,114,2.8,0.4939340464259991
013M781214,27.46,42.8,11.1,0.49308580927201057
014D783211,30.54,147.8,14.1,0.4928912396161318
013M781078,22.2,256.6,2.9,0.4922843582851127
023J783273,40.38,151.6,11.9,0.4921756289850268
013L783163,60.15,223.3,1.7,0.49180841622857774
023J783020,60.33,225,1.7,0.49180841622857774
014D783189,23.62,246.9,4.6,0.49180815249997234
013M783306,12.73,91.4,11.5,0.4917780644336223
013M781312,26.62,250.6,2.8,0.4917752053938011
014D781098,21.74,150.9,12.9,0.49119748654376766
014D783370,80.38,105.4,2.9,0.4911206107457599
013M781600,29.14,176.6,11.2,0.4907779629797509
014D781216,52.92,85.2,10.1,0.4906079464718015
014D783356,55.64,73.8,8.8,0.4900206424000249
023I783131,65.42,208.4,4.3,0.4899164349423312
013L781129,13.01,240.2,0.6,0.48990067149513145
023J783173,32.13,268.2,2.6,0.48989344816510383
013M781280,33.02,185.6,10.4,0.48978072602547634
023J781027,42.42,258.2,1.4,0.4897660957629932
013M783088,25.75,188.6,10.2,0.4894159313039812
013L781179,8.44,219.8,0.8,0.489302572277197
014D781060,21.83,257.5,1.8,0.4892844898501147
014D781233,64.18,104.3,8.8,0.489270053175016
014D781509,57.68,216.5,0.7,0.48916624719406776
014D781104,43.57,164.6,9.7,0.4888366755172983
013M783457,49.74,95.9,10.8,0.48861489199041896
014D781373,72.21,121.3,7.1,0.48855109410978814
014D783175,42.65,233.7,6.2,0.48851508146664563
023J781120,43.62,237.9,5.3,0.48843401669038816
014D781378,39.81,131.1,12.7,0.4879480783030986
014D783350,55.89,96.9,10.2,0.4873876856261356
023J783246,52.49,247.4,2.5,0.4871159756791044
013L781177,11.86,235.5,0.9,0.4869755800737835
014D781080,32.4,71,12.3,0.4868865819905635
013M783072,13.41,89.6,11.4,0.4867059199470085
014D783182,26.63,196,9.2,0.4865342528188311
014D781116,38.09,180.5,9.5,0.48577832977636015
014D783408,75.78,159.6,3.1,0.48565946731050685
014D783179,13.71,52.8,9.8,0.4855291862065195
023J781062,50.08,246.4,1.3,0.4852796036764142
014D781102,36.33,162.2,10,0.4852680702504594
023J781013,76.85,158.6,2.7,0.4852362033741308
014D783210,25.36,109.1,13,0.48506017355369774
013M781599,18.34,79.4,12.1,0.4843179471717543
014D781223,26.75,94.4,13.5,0.48393931122846884
014D781305,45.77,126.8,10.7,0.4833268539682226
014D781298,72.2,93.5,6.2,0.48332021203845554
013M783218,20.28,239.6,4.2,0.4832075616654883
013L783025,13.14,232.8,0.9,0.48310003005474755
013M783213,27.67,179.3,10.2,0.48308156485734466
023J783022,52,229,1.9,0.48303695768725796
023J781052,75.2,146.2,3.4,0.4830323390052528
014D783451,46.75,243.8,3,0.48301172981742646
013M781413,21.53,32.4,9.2,0.48300479271092595
023J781315,35.17,116.4,12.5,0.48243449660091614
014D781094,33.8,167.9,9.9,0.48206186062672707
014D781510,57.13,217.6,1.1,0.48179712785731416
013L783231,15.12,75.5,11.4,0.4815720070578597
013M783305,15.49,66.9,11.1,0.48152274722488997
014D783483,67.95,179.5,3.9,0.4813409661906761
014D781502,46.18,232.9,0.6,0.48105096574179834
014D783331,65.6,81.4,6.5,0.48101979971403985
014D781165,57.42,135.7,9.3,0.48092362506644476
013M781052,26.44,209.5,6.8,0.48025292874390446
013L783312,12.33,225.5,0.5,0.48022490784181393
014D783244,65,123.7,8.1,0.480096089886674
013M783099,8.32,57.4,8.6,0.47985070704596017
014D783049,43.95,228,3.8,0.47970498571556464
023I783032,37.63,238,0.7,0.4794951222608204
023J781269,70.83,182.2,2,0.4790003855356333
013M781315,17.05,126.2,12.1,0.4788605985245051
014D781375,45.1,165.9,8.6,0.47884292558181607
014D781358,68.81,189.5,1.7,0.4784483807556087
023J783044,34.07,112.2,12.1,0.4783965111094562
014D781086,30.24,145.7,12.3,0.47778649499515286
023J781048,61.78,209,1.8,0.4777125501204507
023J781047,73.69,170.9,1.8,0.47770638937636095
014D781055,32.67,246.4,0.9,0.47740264638012636
023J783247,64.31,161.8,6.1,0.4770129856483929
014D781503,62.03,193.5,0.8,0.47679628255341416
013M781304,15.15,215.4,4.3,0.4766386818463094
013M783096,5.84,126.9,5.9,0.4765927276585654
013L783258,12.07,50.9,8.7,0.47647901036536117
013L781071,51.05,31.2,0.8,0.4764192350124019
013M783094,10.16,95.6,8.7,0.47633734297836894
014D781176,30.52,124,12.8,0.47630114166868587
013M781042,24.71,87.8,12.4,0.4757405342640677
013M781197,22.84,156.3,10,0.4752374247352139
014D783185,18.55,186.3,8.2,0.4749182005976591
023J783198,37.71,239.4,2,0.47478302326506583
023J781058,73.85,134.9,2.8,0.47477953624228014
013L783049,43.26,224.1,3.6,0.4744679342766196
014D783202,6.22,59.2,6.5,0.47440057700562027
013M781077,28.35,233.1,3.3,0.4743915356450661
014D781310,72.94,90,4.3,0.4742672114574369
023I823047,73.27,123.9,0.9,0.47422616447292437
014D781095,28.13,171.4,9.5,0.4741746944810798
023J781049,67.74,197.9,2,0.47416039880139127
013M783349,12.27,30.7,6.4,0.4736862558550798
014D783066,41.96,238.2,2.4,0.47344857547641955
014D783352,59.23,75.9,6.6,0.4733932450279183
013M783205,34.29,229.8,4.8,0.4733827885784193
013L783006,9.35,194.6,0.5,0.47330629068021957
013L781142,19.54,241.4,0.4,0.4731265465139319
014D783042,48.57,224,2,0.47289163922976307
014D783463,60.2,200.9,3.4,0.47284145441727815
014D783177,51.75,188.4,6.3,0.47264498295102275
014D783548,76.66,126.8,1.9,0.47258676118910276
023J781272,21.34,240.4,1.4,0.4723725291477898
013L783250,4.17,26.4,0.4,0.4722949036635896
013M781138,2.93,28.4,1.8,0.4722893965331382
023J783157,48.08,234.4,1.5,0.47214879602100807
013M783090,23.97,223.9,4.8,0.47193232662376333
014D781162,30.02,197.3,7.2,0.4718302880975015
013M781169,33.46,189.3,9.1,0.4716925754079873
023I781060,73.57,164.6,2.4,0.4714395776412051
014D783419,63.08,69.7,5.1,0.47137418278342863
023J781268,68.37,175.7,1.6,0.4713589347053024
023J781076,44.68,230,1.4,0.4710014664069253
023J783103,65.94,145.9,6.1,0.4708273155911905
013M781594,24.14,49.4,9.9,0.47080354834164934
014D783276,43.3,67.5,9.4,0.47064069525633734
014D781277,72.37,167.2,1.6,0.47063075385838854
013M781320,19.18,133.5,10.6,0.47055799856974234
013M781003,25.39,168.2,9.7,0.4704842886398705
023I783003,58.6,193.1,4.6,0.47037619535602315
023J783252,58.91,203.7,1.7,0.4700937496473679
013L783200,60.74,133.7,7.4,0.4700721265257894
014D783178,38.17,171,8.7,0.46996150855857005
014D781252,36.36,79,10.6,0.46976624141443135
013L781123,11.4,198.8,0.6,0.46976585350311906
013M781180,41.04,218.1,5.1,0.4697325667894568
013M781037,10.9,57.1,8.2,0.46965575691780553
013M781225,9.35,30.8,6,0.4689339778668439
013M783217,9.35,84.8,7.7,0.46877890705750774
013M781330,16.81,240,2.3,0.4685873553432502
013M783240,39.83,184.8,8.3,0.46833592123672635
023I821004,69.14,104.5,1,0.46828490424415115
014D783473,66.98,133.3,5.9,0.4679169596704538
014D781133,52.96,127.6,9.2,0.46767491510803694
013M783230,27.62,222.2,4.9,0.4672664654291344
013M783104,17.06,215.2,4.9,0.46710823317826755
023I783031,36.93,225.8,0.8,0.4668656586937534
014D781242,54.71,90.2,8.1,0.4665681219019554
013M781556,37.03,53.2,9.2,0.466354400126756
013M781134,13.78,75.8,8.8,0.46628320579159915
014D783269,54.28,51.1,5,0.4661737677859305
013L783167,71.69,152.6,1.6,0.46613110781704364
013L781173,11.99,194.1,0.5,0.4661181034765407
014D781173,36.76,93.4,10.6,0.4660805296972025
013M783070,9.51,115.6,7.5,0.4658156401847833
014D781372,35.59,123.9,10.8,0.46564403575173635
014D783260,28.23,63.1,10.6,0.4656241063279543
013L781003,49.32,45.1,0.3,0.4655426290992333
014D783590,49.53,46.1,0.3,0.4655426290992333
013M783387,27.33,126.7,11.7,0.4652530731381298
013M783097,7.35,117.6,6.8,0.4651649209874954
013M783238,43.86,216,4.5,0.4650128355812811
014D783270,56.3,64.7,5.6,0.4648050776086277
013M783149,4.42,32.4,3.4,0.46455756209166904
023I821046,53.38,210.5,1.5,0.4645533748751492
013M781302,22.43,178.9,7.7,0.46441025540861697
023J783026,29.06,224.6,3.6,0.464379689987198
013M781112,11.48,85.7,7.7,0.46418018413644785
023J783079,50.32,175.9,6.4,0.4640625443424348
013M783109,20.86,214.8,3.6,0.4638870254464833
014D783245,29.64,115.5,11.4,0.4637679381503026
013M781051,60.79,167.6,5.7,0.46357952431015326
014D783369,70.12,92.1,1.5,0.463561197171311
013M781614,13.31,216.3,2,0.4634311445289878
014D781246,5.07,25.4,0.8,0.46331873950699104
023J781075,39.19,222.6,1.2,0.46326621651515615
013M781072,20.04,155.7,9,0.462932358173884
023J783239,47.54,220.9,2.3,0.46285793466694297
014D783476,56.32,123.5,7.7,0.4627308022599463
014D781203,10.59,74.5,7.2,0.46271599178733
014D783258,25.96,192.7,7,0.4625183258198081
013M783074,27.14,153.4,9.9,0.46245162861258077
013M783250,12.03,113.8,8.3,0.46228870509573744
023J783077,38.22,202.9,5.6,0.46216913930913733
013M781090,26.79,201.6,6.1,0.4620575156815118
013M783232,32.33,218.6,4.4,0.4618954621207026
014D781471,70.61,146.3,1.5,0.46183021399207297
013L783094,17.28,78.1,10.4,0.4617235480937974
023I781115,27.75,145.8,10.7,0.4616978622257949
014D781360,68.97,164.2,2.3,0.4614359144186086
013L781148,19.14,230.8,0.6,0.4613161976620309
023J783191,32.35,229.3,2.7,0.4611370839339687
013M783358,29.42,98.1,11.3,0.46096533958473157
023J781014,53.4,46.4,1,0.46089004626418395
013M781095,40.26,161.9,8.1,0.46063274057624876
014D783455,36.5,49.6,7.3,0.46052359071096854
014D783340,30.68,129.1,10.9,0.46050739124414597
023J783040,61.41,136.6,6.5,0.4604978009134107
014D781294,39.22,176.8,7.3,0.4604777869214017
014D781024,32.73,206,6,0.460317724017608
014D783262,26.65,59,10.5,0.46030742554274845
013M781578,19.06,113.4,10.3,0.46022297955295577
013M781609,10.76,50.6,7.1,0.4599428344247311
014D783194,22.41,130.4,10.9,0.45993799399239416
013L781002,43.46,44,0.3,0.4598525174859908
014D783345,30.57,98.8,10.9,0.45957388838320845
014D783354,37.27,59.4,9,0.45927843916933253
013L781174,8.62,179.2,0.6,0.4592339654187283
013L781139,19.25,222.5,0.5,0.45904845177044373
013L783024,11.98,190.3,0.6,0.45903702807290503
014D781213,12.91,45.4,7.1,0.45902581046848706
013M783130,59.82,119.8,7.1,0.45878819580663244
013M781588,19.53,89.4,9.9,0.45858455181099517
014D781291,51.82,88.5,7.3,0.45836227352678205
013L783335,5.96,26.8,1,0.4582167385253279
023J783078,39.43,201.1,5.8,0.45796217214535034
023J783154,37.05,168.8,7.7,0.4579005614568064
023J781138,16.81,225.3,2.2,0.45783352924396703
023J781183,50.48,196.5,4.4,0.45755707765755654
013M781303,11.86,185.9,3.9,0.45749529891825075
023J781011,63.85,162,3.7,0.45732875238758697
023J781146,11.64,58.4,7.6,0.4569895309895895
014D783116,27.58,157.9,9.3,0.456918526540155
014D783347,54.21,114.9,8.1,0.45668357163075973
023I783063,51.47,196.2,3.6,0.45666173583990155
014D781328,72.23,131,1.6,0.45665391795877774
014D783208,15.08,102.4,8.7,0.45663178160285556
014D783597,5.89,29.7,0.2,0.4566237316691053
013M783351,19.13,53.8,8.7,0.45643219432118054
014D781224,34.92,64.9,9.5,0.45640065174639466
014D781267,45.39,76.9,7.2,0.45616258346716343
023J783014,46.44,204.2,3.6,0.4560495719301718
013M781045,29.7,197.3,6.6,0.45601904405972116
023I781067,67.69,151.6,1.1,0.45594916401944485
014D781190,37.56,123.1,9.7,0.45594733068035503
013L783092,23.65,113,10.6,0.45538911010541333
013M781002,21.53,115.5,10.2,0.455380596291445
014D781318,55.16,163.9,5.6,0.4551210747039004
013M783338,6.58,24.6,0.4,0.4550153512752567
013L783282,31.36,16.3,0.7,0.454964760393286
013M783116,15.25,165.2,5.5,0.45480525055597903
014D781163,49,145.3,7.2,0.454790181366389
013M781238,18.49,223.1,2.7,0.4547731580400246
013M783120,37.41,164,7.7,0.4547478095773042
023J781080,43.71,216.5,1.6,0.4543105111052891
023J783180,15.07,58.8,8.2,0.4540194709932504
014D783498,36.2,60.7,7.9,0.45398478062106074
023J781077,51.22,206.5,1.7,0.45393051156326625
014D781239,48.97,106.9,8.4,0.45386296889768596
014D783279,16.32,42.9,7.3,0.4538415041285739
013L781128,11.91,177.1,0.4,0.45383014115308273
013M781111,35.3,87.7,9.6,0.45368173276966234
023J783172,12.39,208,1.8,0.4536551911875682
013L783028,13.81,198.1,0.8,0.4536348634683223
014D783584,22.17,22.1,0.2,0.45327206149288685
013M781611,7.6,38.9,5.8,0.45319685116937736
023J781264,66.42,162.3,1.6,0.4530080473321788
023J781040,59.01,182.5,1.5,0.45252544322438915
014D781092,30.63,137.9,9.6,0.4525188694166516
013M783284,6.94,26.4,0.3,0.4524406524855284
014D781198,21.47,84.8,9.6,0.4523763824549677
013L783234,4.33,35,0.2,0.45234691621579454
013L781118,15.48,199,0.3,0.4522446936262856
014D781303,16.33,62.7,9.1,0.45222489436457197
023J783242,50.31,206.6,3.1,0.45221586172990735
014D783452,34.11,137.3,9,0.4521826318016222
013M783415,15.89,73.3,8.5,0.4521658818009932
014D783534,67.55,124.6,0.8,0.45215195981781525
013M783103,27.96,153.4,8.8,0.4518458156861763
013M781223,19.5,60.5,8.7,0.4517742441314917
013M783355,27.45,103,10.4,0.4516390936132669
023I823071,63.59,168.8,1.5,0.45162337597504437
013M781194,23.97,169.3,7,0.45155493569342314
014D783060,50.67,209.7,2.2,0.4514974716995628
014D783246,17.58,56.9,8.9,0.45140096750880276
013M781597,36.51,64.3,8.8,0.4513295892946652
013L781130,12.92,187.5,0.4,0.45127443637438375
013L781059,22.5,12.8,0.6,0.4510833077694605
023J781042,67.01,161,2.7,0.4510340802965845
023I821032,54.73,181.2,0.9,0.45102758731568965
013M783423,20.34,203.4,4.1,0.45087524124447037
023J783071,34.36,211.1,0.8,0.45087161368560646
014D781320,63.08,110.5,5.9,0.45081138288618705
023I783093,43.83,73.6,6.9,0.4506227392265436
013M783169,3.34,46.3,2.2,0.45061794444347836
013L783314,18.5,214.2,0.6,0.4505488640964233
023I783233,19.41,119.9,8.8,0.450468515897086
013M781346,18.82,156.2,7.6,0.4504644782730306
013M783309,13.8,75,7.6,0.45029926235082046
023I823094,36.05,213.7,1.9,0.4501731823769148
014D781114,16.91,63.3,8.9,0.4501186377591587
013L783002,12.59,194.5,1.4,0.4501019643079622
014D781342,42.55,198.8,0.6,0.45009844238962804
013L781154,9.73,187.7,1.2,0.45004258651878537
014D781483,67.2,106.5,1.4,0.4500169152098277
023J781206,55.83,69.7,1.2,0.44978370370437354
013L781127,16.86,211.7,0.6,0.44931448390604817
023I783132,50.45,202.3,2.6,0.44930804707628874
013M783176,5.37,35.5,3,0.44923086387991024
014D783594,45.57,54.9,0.3,0.44922891285230054
014D783535,45.89,190.2,0.5,0.4491454460679787
013M781343,48.36,96.8,7.9,0.4491299612146644
014D783198,13.33,110.3,7.2,0.44902896336230974
014D783213,65.41,91.6,4.7,0.4488742266972045
013M781585,56.5,85.1,5.7,0.4487852737705869
013M783468,34.46,148.4,8.5,0.448712299448553
013L783309,11.26,20.5,0.2,0.4486914465619397
014D783328,52.58,70.6,5.3,0.4486663631419744
014D781208,12.86,64.9,7.2,0.4486167807518645
013M783470,35.47,67.4,8.2,0.4484765705293774
013L781051,24.28,80,8.7,0.44844912962547945
013L781073,13.33,21.6,0.2,0.44807738913553474
013M783379,22.13,153.7,8.2,0.4478756055547022
013M781162,24.69,182.1,6.3,0.4474541739726761
013M781060,11.93,94.8,6.8,0.44733278846746816
014D781446,53.69,167.4,0.7,0.4472269176628007
023J781140,38.06,205.1,1.1,0.4471052325998235
013M781110,22.05,156.8,7.6,0.44708117159467137
013M781203,22.14,128.4,9.3,0.447002466652697
023J783076,38.68,132.4,8.6,0.44687392021169753
014D783470,57.01,171.3,4,0.4468078913399847
013M781278,66.12,143.6,1.3,0.4466876627302856
013L783205,26.74,202.5,0.5,0.4466073245246992
023J781139,9.97,45.6,6,0.44635799825037886
014D783632,67.18,122.2,1.1,0.44617659100020507
014D783277,33.06,72.5,9.5,0.4461414118583399
014D783539,56.16,180.5,1.7,0.44605141453967234
013M781202,40.96,118.1,8.6,0.44584966914118435
014D783533,57.43,81.8,0.6,0.44570472576111037
013M781598,15.39,81.5,7.3,0.4456998680385368
014D783138,57.48,135.5,5.8,0.44558204514811817
013M781038,8.3,58.6,6.6,0.44557467478514695
013M781212,8.64,39.9,5.5,0.44554240681558693
014D783512,60.59,79,2.3,0.4455283767552332
013L783151,14.53,203.3,1.5,0.4452518277170625
023I783243,67.63,134.2,2.8,0.44519861359784585
013L781104,9.25,20.8,0.3,0.44516153083135046
014D783180,22.58,101.3,9.5,0.44509660965933073
013L781092,45.28,166.1,6.2,0.4450961961438625
023J783218,67.36,124.6,1.2,0.444996814335276
023J783059,9.52,167.6,0.8,0.44486483287459755
023I781031,55.08,183.6,1.5,0.44476021056842546
013L783173,63.06,106.4,1.3,0.44470462315225295
014D783609,11.73,22.8,0.2,0.44460086654699316
013L781054,63.19,149,3.3,0.4445926555780301
014D783173,35.46,81.4,7.9,0.444536760908104
013M781311,16,201.8,3.2,0.4445322513885436
014D783259,22.27,122.3,9.1,0.444458078303001
014D783468,63.91,146.5,3.8,0.444423669098055
023I781005,57.69,181.1,2,0.4444155640032064
013M781517,7.38,25.5,0.3,0.44437894388440824
023J781229,33.56,64.7,8.6,0.4443753072990865
013L783095,14.85,101.2,7.2,0.44431368442845437
023I823066,61.23,154.3,1.1,0.44409228301259845
013L783105,13.23,66.6,7.1,0.4440424221988447
023I823002,34.12,69.8,7.9,0.44395623799409617
014D781394,43.27,177.1,0.7,0.44372214672815774
013M783153,21.25,93.6,9.4,0.4434257858652197
013M781286,19.96,137.9,7.8,0.4433724923247034
023J783254,52.94,183.9,2.9,0.4430668909918689
013M781233,18.3,212.4,2.8,0.44305629299300786
023I781084,49.09,135.1,6.7,0.4430301505967828
014D781270,63.28,111.7,4.9,0.4430030441830772
013L781169,9,178.3,1.5,0.44296159553642744
023I781055,59.46,162.1,2.9,0.4429211170518611
014D781207,17.16,78.1,8.3,0.4428075485039403
013M781584,28.23,136.3,8.1,0.44270478251411155
014D781052,12.32,186.4,2.7,0.4424943444881491
013L781153,5.76,104.5,3.9,0.44240492194495773
014D783593,12.01,21,0.3,0.44228236973042473
014D783222,28.5,65.1,8.1,0.44208054008643455
013M783412,48.42,66.4,5.7,0.4419628302261655
023J781067,29.25,27.7,0.4,0.44196031160358407
023I783251,67.67,142.5,2.3,0.4414212580814679
014D781484,66.13,113.7,1.3,0.44136018763574764
013M781262,8.1,26.8,0.2,0.44125099365070103
013L781138,16.74,195,0.5,0.4410103922603095
014D781192,15.57,40.6,6,0.4409460685695471
014D783550,51.14,190.8,2.7,0.44077474130161887
013M781380,7.68,24.6,0.3,0.4407069156058799
023J781220,20.07,190.6,3.6,0.44069028377563957
014D781010,14.39,113.1,6.8,0.44068097461441663
014D781057,45.69,193.3,3.2,0.4405462866863312
014D781263,65.1,98.5,4.6,0.4405360468189671
013M783110,21.34,193.7,4.3,0.44044604569120616
014D783224,41.41,86.5,7.5,0.4404077670981102
014D781099,21.14,116.5,8.5,0.4401710062099639
023J781063,53.31,173.6,1.2,0.4401609311829461
013L783292,9.73,40.3,5.4,0.4400635345832111
013L781119,18.8,196.7,0.5,0.4396146193394981
023J781231,65.73,115.5,2.8,0.4395747417513509
013L781149,12.44,139.7,5.5,0.43936936325847836
013M781028,23.56,93.9,9.1,0.43911687338445327
023I821020,47.75,185.7,0.9,0.4389893945230274
013M781006,30.44,133.1,8.8,0.4387178677771534
014D783362,63.21,115.5,4.7,0.4385808659226004
013M781208,29.81,57.7,7.3,0.43856974228963846
013L783252,4.35,41.7,0.4,0.43855595702854383
014D781137,40.64,57.1,5.8,0.4384728757854337
023J783024,34.05,201.4,3.8,0.4383943238559819
023I783065,48.33,198.3,1.5,0.43833469597757085
013M781284,11.35,99.5,6.4,0.43816770593157944
013M781016,20.2,160.1,6.5,0.4381295069729626
013L783023,18.13,207.7,0.8,0.43807159003161966
014D783030,24.81,74.9,7.9,0.4378819107596534
014D783191,10.38,73.1,5.9,0.43786405724522426
014D781073,34.2,203.8,1.7,0.4378296213048743
023I781198,52.81,180.9,2.4,0.4377907388085989
013M783171,16.56,88,7.4,0.4376855123819507
013L781126,17.51,194,0.4,0.43761702822018594
023I783245,61.71,138.8,2,0.43747976027097124
013L783306,9.65,26.6,0.2,0.43743578040960085
014D783565,9.3,20.1,0.7,0.4373257549592431
023J783249,43.94,193,3.5,0.4373215005412573
014D781205,20.65,88.2,8.3,0.437321442025369
013M781218,5.74,37.7,2.3,0.4373172725349211
023J781039,47.43,197.2,1.6,0.4372775667686871
013M781335,32.61,187.3,5.6,0.4372228120766175
014D783034,25.15,179.7,5.1,0.4371637682156673
023J781017,60.05,147.7,1.3,0.4370937787113795
014D781093,15.23,139.9,5.6,0.43707689005143985
014D783620,15.21,24.7,0.2,0.4369314766685909
023J783264,29.97,209,1.5,0.43688283070621425
013L781075,6.14,32.8,2.3,0.4367579943234977
013M781182,49.58,57.5,3.2,0.4367115159075074
014D781120,30.88,120,9.2,0.43666502950832725
014D781109,41.91,121.9,7.4,0.43660575411185004
014D781476,64.16,108.8,2.8,0.43660148676586125
014D783162,62,102.5,3.3,0.436426878619104
013M781173,36.48,194.2,4.8,0.4363318208673266
023J783009,33.16,208.2,3,0.43632998814011326
023J781152,15.25,102.8,6.9,0.43623673076038766
013L781122,8.85,154.6,0.3,0.43619762346158325
014D783215,40.66,79.8,6.8,0.43597185834580815
014D781356,65.98,123.6,1.8,0.4356732433307332
013L781074,21.28,22.2,0.9,0.4356574535974451
014D781243,24,49.1,7,0.43555332982423844
013M781339,28.35,147,7.3,0.4355441267693346
013L781050,41.18,54.1,5.3,0.43543433943775545
013L783374,60.34,144,3.5,0.4354226987674443
013M781020,32.67,173.8,6.4,0.4353711365922968
014D783187,9.45,134.5,4.6,0.43536530862818623
023J783008,25.32,203.2,2.5,0.4352691492943744
013M781073,16.45,175.3,4,0.43526490115825645
014D783166,31.08,118.2,8.6,0.4352535742732628
014D781226,32.73,58.4,7.2,0.4352164734612207
023J781328,21.33,199.9,2.1,0.4350111089276965
023J783244,56.74,157.2,3.2,0.4348131081776218
013L783165,47.76,58.4,0.8,0.4346722570142332
014D783170,12.49,20.2,1.7,0.4346218695516655
013L781042,17.1,21.3,0.3,0.4346119603099288
013L783019,8.29,130.8,0.2,0.4346086806215177
014D781313,44.31,119.8,7.1,0.43454851136911016
014D783574,8.45,22.7,0.5,0.43448408664120725
013M783400,3.44,51.9,0.8,0.43446813226718983
013M783077,35.34,177.4,5.3,0.4344024055865843
014D783351,57.58,81.9,4.1,0.4342989380296783
023J781050,67.43,129.2,2.4,0.4340663149659463
013M783388,20.89,55.7,7.5,0.4339865980772082
014D783491,60.22,151.1,2.9,0.4339698401990873
014D781297,32.66,129.1,8.9,0.4339119502764691
013L781011,13.11,27.5,3,0.43388433291690726
023I783138,57.84,133.8,5,0.43388201421441336
013L781159,8.12,151.1,0.4,0.4337985059278565
013M783285,8.89,24.5,0.3,0.43378516718022253
014D781182,21.86,188.8,4.9,0.4337054732213921
013L781046,13.01,32.6,5,0.433652151487729
013M781283,25.81,80.6,7.8,0.4336021472777976
013M783275,5,60.6,0.2,0.43358240445913454
023I781165,4.3,52.7,0.6,0.4335141710665853
013M783119,25.17,164.5,5.9,0.4334072031032417
014D783474,61.25,100.9,4.5,0.43320158719796287
023J783080,45.64,159.8,5.2,0.43313810886093373
013M781576,11.81,121.8,5.8,0.4330761784190575
013L781044,21.39,29.2,0.3,0.4330255480573083
013M781015,5.48,35.7,1.8,0.43289513072705604
014D781396,46.62,170.8,0.8,0.4326894000046025
023J783163,60.66,131.5,1.1,0.432662862321928
013L781107,25.87,26.1,0.5,0.4326602572170709
014D781119,21.67,112,8.1,0.43255191516069075
014D781385,65.35,122.2,1.9,0.43254820298917585
013M783350,11.08,39.6,5.3,0.43252514834395
014D781193,26.33,57.1,7.7,0.432450222691176
013M781366,11.9,158.8,0.5,0.4323419524209095
013M783168,5.9,47.4,2.7,0.43214937056637776
013M783044,4.75,49.1,0.4,0.4321105685518571
013M781232,32.86,195.2,3.7,0.43206701035535483
014D781367,56.12,140.7,4.5,0.43200674959939867
013M783071,15.83,138.6,6.2,0.4317494368541621
013L781048,12.93,43.3,5.8,0.4317416953760894
013L783327,7.15,32.7,0.2,0.43167752518502744
013M783210,27.81,134.3,7.6,0.4315009647588035
023J783248,56.89,136.3,3.7,0.4314448657746192
014D781319,55.04,108.5,5.5,0.43139174090539223
023J781164,59.48,144.8,1.6,0.43111978157091585
013M781307,19.74,189,3.3,0.4309391208390845
014D783230,22.61,39,5.7,0.43093741041956385
013L781160,8.19,141.4,0.7,0.4308949896000345
014D783027,58.6,133.4,1.3,0.430823040614749
013M783209,20.95,143.8,7,0.4308147735886779
014D781434,52.69,88.8,0.8,0.43072175499006626
013M783334,10.96,28.1,0.2,0.4306934314703099
023J783116,20.82,167.8,0.4,0.43068385495339384
023I781093,40.82,190.8,3.5,0.43066697789648317
013M781589,19.81,92.6,7.7,0.430653868744571
014D781397,40.87,183.1,0.9,0.43063443284441927
013M783095,12.31,108.8,6.2,0.43054286946178566
014D783450,34.96,60.2,6.7,0.43052655161591313
014D783109,29.85,169.8,6.2,0.4305064277046508
023J783283,50.76,179.3,1.6,0.4304773340244037
023J781238,58.84,98.6,1,0.4304618694350119
013L783337,7.22,28.7,1.4,0.43041865685219743
014D783643,61.25,94.5,2.1,0.4303242553980449
023J783275,56.64,164.5,2.2,0.43031604235250753
023J781283,55.48,136.2,4.5,0.43017801716870996
023I781211,5.7,39.6,0.6,0.43012336089859
013M781031,21.48,81.9,7.5,0.4301195164537261
013M781549,6.47,33.5,0.6,0.4298877754014758
014D781122,27.07,36.2,5.4,0.4298555896944883
023I781075,48.59,179.3,1.8,0.4296730626640626
023J781092,60.27,148.1,2.2,0.4295306975388189
023J783127,16.8,84.5,7.2,0.4293841944773452
013M781268,10.79,26.7,2.2,0.4293738684155416
014D781322,56.67,152.3,1.6,0.4293704685962874
023J781045,58.46,105.3,1.7,0.4292812186418888
013M783064,13.16,60.5,6,0.42923559203859085
023J781056,60.93,131,4.2,0.4291614048831985
014D781398,57.3,117,0.7,0.4290165614904899
013M781515,8.78,25,0.4,0.42890554178197515
013M781505,10.31,24,0.4,0.4288788408127853
023J783267,36.48,198.2,2.4,0.42885922590109593
013L781077,26.67,25.3,1,0.428755024118521
023J781253,53.8,138,0.9,0.4287081471713007
014D783555,44.08,135,6.6,0.428704273258777
023I783059,48.44,179,1.5,0.4285307341320366
014D783556,38.83,187.8,3.9,0.4284841419331946
013L783153,22.99,199.5,1.6,0.42847015830180063
014D783055,9.25,24.3,0.8,0.42844080041766025
013L781136,14.8,167,0.9,0.4284313083831392
014D781499,38.36,49.2,0.4,0.42837753410005924
013M781159,32.53,74.3,7.5,0.4283699542188553
023J781084,46.96,164.2,3.7,0.4282609468950894
014D781262,49.48,73.9,4,0.4282510778931355
023I781219,37.56,176.9,4.3,0.4281925261143083
014D783280,42.76,94.4,7.1,0.4281312780707892
023J781079,47.21,180.1,1.5,0.42806365676919267
023J783083,57.57,135.5,4,0.42805430495952773
014D783447,57.94,154.5,2.5,0.42800279152138465
013L783009,5.13,83.6,0.3,0.42794963431615174
014D781383,59.75,107.7,1.7,0.4279396192585214
013L781157,19.18,167.7,0.4,0.4279394008968081
023J783027,55.07,138.5,4.3,0.4278228351244868
023I823057,59.04,144.6,1.8,0.4277656220786778
014D781448,33.86,175.2,0.6,0.42750609032117964
013M781290,18.3,94.8,7.3,0.4273564170971874
014D781459,56.38,124.2,1,0.42730157469043634
023J783235,32.13,202.1,1.5,0.4272452171316151
014D783289,47.41,69.2,5,0.42723773188412606
013M783313,13.86,80.6,6.3,0.42720270302968466
014D781177,28.18,98.7,7.9,0.4271575627788165
014D781258,48.74,57.1,2.5,0.4270653449976947
023J781291,17.9,201.8,1.8,0.4269560008734538
013L781158,8.34,134.4,0.4,0.426817007523335
014D783319,50.79,76.3,3.7,0.42681103177096996
023I783012,58.21,141.9,2.1,0.4267996948848737
014D783203,6.6,94.1,4.1,0.42664521243147513
013M783216,26.51,161.4,5.4,0.4266395624282007
014D783549,57.61,106.3,1.4,0.42661408796087963
013M781192,50.57,99.5,6.3,0.4265972790177456
014D781253,24.05,42.1,5.7,0.4265871954519328
014D783373,61.82,125.7,1.7,0.4265703322083018
013L783158,47.99,176.8,2.5,0.42649192906385486
023J781333,59.25,131.1,4,0.4264332461606982
014D781353,53.27,92.7,0.9,0.42632696460226016
013M781471,8.57,26.2,1,0.4262789880554345
023I781158,13.67,165.1,0.9,0.42627701698784776
014D781455,39.66,161.4,0.4,0.426002927945379
023I783350,6.24,81,0.2,0.42596258292804356
014D781068,55.28,156.7,1.9,0.4259546450066002
014D783248,18.16,68.6,7,0.425901826438472
023I823051,22.39,164.6,0.5,0.425844015245416
023I781205,47.93,81.1,5.3,0.4257971521923805
013L781102,6.99,34.4,0.3,0.4257622427372871
023J781137,8.92,34.7,4.1,0.4256819745884426
013M783150,9.08,47,5.3,0.42567175808317
013M781353,6.62,61.8,3.2,0.4256582331847211
023I781197,48.67,156.7,4.5,0.425598435254643
013L783291,20.14,27.9,0.4,0.42557268325420305
013M781347,22.39,110.3,7.6,0.4255282380407858
013M783386,29.97,128.4,7.4,0.4255256412161529
013M781365,16.16,165.2,0.5,0.4254838443076854
013L781039,14.65,148.2,0.3,0.42546153605280457
013M783063,11.24,137.4,4.1,0.4254486137265975
023I781254,5.53,46.4,0.4,0.42543022353319554
013M783359,6.81,39.9,2.2,0.4253494062449045
013L783326,6.21,36.6,0.4,0.4252872118822258
014D781487,48.18,70.5,0.9,0.42519002690466656
013M781154,24.75,125.8,7.2,0.4251655712530817
023J781289,21.23,190.4,2.1,0.42502750144497137
023I781285,11.53,26.7,0.6,0.42500613850248653
013M783236,22.58,179.3,4.2,0.4248713985107343
023I781073,34.46,33.6,2.1,0.42479797142771925
014D783105,31.29,200.4,2.1,0.42479326911560594
013M781503,7.71,29.5,0.7,0.4246517144069104
013M783048,5.73,46.1,0.6,0.42463080857944996
013M783013,5.24,41.3,0.8,0.42455511696789977
013M783279,6.1,37.4,0.4,0.4245233362541065
014D783639,43.02,163.6,0.9,0.42448167306664536
023J783095,31.54,195.1,2.8,0.42441369675495855
013M781004,32.87,82.5,7.4,0.42440966048773665
013M783083,17.29,170.4,4.2,0.4243995764286725
013L783015,8.59,134.6,0.7,0.42439132415375025
014D783108,29.23,178.1,4.8,0.42432786712204174
013M783229,13.75,179.2,1.7,0.4242970110786658
023J781153,13.2,50.7,5.8,0.4242396891449389
013M781470,11.23,25.7,0.5,0.4240868371344903
014D781437,7.08,38.5,0.1,0.4240524855545265
013M781557,13.18,75.5,5.9,0.4240140813659809
013M783226,27.69,182.8,4.2,0.4239116511061183
013L783172,55.6,106.7,1.6,0.4238906645871391
023I783159,55.31,147.1,1.8,0.42389065540042165
014D783467,41.56,152.8,6.3,0.42385452711589117
013L783026,15.16,169.8,0.9,0.4238494700358595
014D783527,59.68,113.4,2.8,0.4238226876528662
014D783377,52.14,83.3,3.9,0.4237079019669464
013M781396,6.19,48.2,0.2,0.42341025229311946
013M783157,7.38,34.5,2.9,0.4233038026951695
013M781612,19.69,62,6.8,0.4232959770816765
014D783406,52.97,85.5,2.9,0.42329391287865503
023J781310,46.9,172.2,2.9,0.4231403966949803
013M781558,19.49,88.8,7,0.42300590382276715
013M783204,20.03,183.5,2.5,0.42294499632431204
013M781305,31.12,187.2,4.6,0.4228934517143812
023J783107,56.51,115.2,4.8,0.42281038290437856
023I781169,6.4,108.2,0.9,0.4227169177914496
014D783494,13.56,26.8,0.6,0.42255618052035443
014D781433,9.31,29.6,0.3,0.4225222960537039
014D783113,25.32,153.7,5.9,0.42239283651584053
014D783425,55.87,98.9,3.4,0.42233227041803445
013L783162,46.89,168.1,1.1,0.4222638597075498
013L783353,13.63,25.8,1.1,0.42211071653621757
013M783462,23.6,68.4,7,0.4220546242877045
014D783626,24.83,31.7,0.4,0.42194287121793916
023J783084,43.9,87.8,5.7,0.4219374577679266
013L781098,12.05,27.7,0.4,0.42193727287310395
013M781013,5.65,52.9,2.3,0.42179365214775594
023I783058,44.41,160.2,1.1,0.42168191861917576
013L783330,13.1,27.7,0.4,0.42161867175287654
013M781092,24.11,152,5.4,0.4215882015049987
023J783037,42.25,179.3,2.5,0.4215597424257665
023J783184,34.97,102.8,7,0.4214913669889022
014D783036,30.95,160.7,5.5,0.42147198603422753
023I781276,47.77,174.4,1.7,0.4214415906866743
023I823031,33.57,181.5,1.2,0.4214094724279798
014D781150,41.99,59.4,4.6,0.4213792011948574
023J783216,50.93,154.5,1.2,0.42133114173309766
013M783391,44.16,163.8,3.5,0.42130646905924846
013L781131,9.59,147.9,2.6,0.4212869807485626
023J783030,44.83,169.1,2.9,0.42126201245107103
014D783123,47.87,143.6,5.1,0.42096517885534934
023J783197,42.13,172.7,1,0.42093693562409856
023J783070,33.42,175.2,4.3,0.42088927592373454
014D781363,57.29,127.5,4.2,0.42083011580931884
023I783018,25.3,169.3,0.6,0.4207755499442764
014D781273,49.11,76.5,3.1,0.42066820282532325
023I823052,44.84,77.7,0.6,0.420664173177559
023J781006,15.08,168.8,2.4,0.4206439944519212
013L783014,6.72,76.9,3.7,0.4205833617424418
014D781447,19.65,159.8,0.4,0.42056437206303215
013M781358,11.42,138.7,0.4,0.42055889935423124
013M781607,8.7,41.1,4.4,0.4205528861953954
023I781027,52.64,118.4,0.8,0.4205163516192026
023J783195,27.49,100.5,7.5,0.4204791626664224
014D783268,47.42,69.9,2.9,0.42041468553894007
013L781105,30.97,33.5,0.7,0.42041421579325966
014D781134,28.01,50.3,5.7,0.4204002835106664
013M781318,23.26,150.8,5.5,0.42028754333804463
013M781334,39.26,150.7,6.3,0.42028061312041093
023I823058,52.4,120.6,0.8,0.42023031382669035
023J783054,38.21,186.5,2.7,0.42019337477816904
013M783167,11.82,41,4.6,0.4201026758030473
014D781019,56.22,132,3.7,0.4200484648214848
013M783220,34.29,174.3,4.7,0.4199901279764627
013M781135,8.25,31.7,2.7,0.41997925161554456
014D781506,51.11,151.1,1.1,0.4199566666496275
014D781508,30.86,162.8,0.4,0.4199394123917126
014D783256,43.64,133.7,5.5,0.419898975026855
023J781035,53.38,139.9,3,0.4198141847422182
014D781368,54.84,92.6,3.2,0.41974916882912217
014D781089,23.5,122.5,6.8,0.4197250437258242
013M783375,13.91,158.6,3.5,0.41966401643576884
023I781020,52.09,91.5,1,0.4196469624507289
013M783416,6.21,54.9,2.7,0.419617992165886
013M781100,31.28,167,5.3,0.41957284618528673
013M781264,24.03,32.6,0.3,0.4194596751982686
013M781039,12.41,112.1,5.4,0.4194431422892428
014D781346,52.55,132.3,0.9,0.4193944749218794
014D783436,47.65,61.1,2.7,0.4193941808367506
023I823080,53.92,118.8,0.9,0.41935339463422117
014D783478,52.59,105.8,3.9,0.419215513635935
014D783292,12.99,27.9,1.1,0.41919900127230575
013M781319,28.87,154,6.5,0.41918072899983183
023I783364,12.39,141.5,0.5,0.41917135620978396
013M781299,20.75,162.9,4.2,0.4190207912510289
023I823044,7.28,41,0.2,0.4189543702718374
014D783033,11.13,144.1,3.3,0.4189414058151799
013M781122,5.17,48.9,1.5,0.4189326054175678
023I783240,40.19,174.7,1.8,0.41892342038466085
013M781133,35.5,63.7,5.8,0.41887258524530857
013L783073,7.85,123,0.4,0.41883735576709247
013M781234,30.31,181.5,3.2,0.4187928254074658
013M783022,4.96,48.7,0.8,0.41871779866357944
023I781059,59.63,127.6,2.4,0.4186705807887131
013M783185,6.13,79.9,2.1,0.4186546247720635
014D781215,9.84,58.2,5.2,0.4183998116318981
013M781076,37.18,167.8,4.8,0.4183402037189487
023I781247,6.23,78.2,0.4,0.4183060661003201
023J781198,46.28,79.2,0.9,0.4182791084354609
013M781539,11.2,41.9,4.5,0.4182050204714195
023I781226,6.86,40,1.4,0.418153379020862
023I781126,5.26,51.7,1.3,0.41812173546040343
023I781092,25.97,191.7,1.6,0.4180864206073587
013L783130,13.17,144.7,0.7,0.41804816879912365
013M783302,7.06,114.1,1.4,0.4180465120622396
023J783265,29.52,193,1.5,0.41802113407957037
023J783043,41.52,165,4.1,0.4179298499049276
023I823008,13.1,132.2,3.9,0.41792347866184076
023J781303,48.07,161.7,2.7,0.4177273193480259
023I783089,59.1,127,2.7,0.4176427254910617
023I783362,13.52,147.3,0.7,0.4175417726719202
014D783580,17.77,28.3,0.4,0.41752877377225245
013M781093,25.53,175.1,2.8,0.41750788710129316
023I783173,38.65,177.6,2.1,0.41746584386613506
014D783655,10.9,27.1,0.7,0.4174623864960914
023J783237,55.5,131.6,2.9,0.41733528426531813
013M783057,9.55,27.9,0.7,0.4172404811703293
023I781111,30.75,174.8,1,0.41722280280089946
014D783610,20.01,31.8,0.3,0.4172108241754194
013M783065,32.7,186.3,2.8,0.4172084348026203
014D781460,54.5,107.8,1.1,0.4170617864369929
014D781172,29.42,76.1,6.7,0.417032515471627
023J781171,47.71,75.3,1,0.41696074685718465
023I781025,54.15,118.6,1,0.416920639261732
014D783339,39.17,66.3,5.4,0.4168464980146271
013L781125,13.76,140.6,0.7,0.4168369697092042
023J783117,20.21,170.8,1.1,0.41683512523622024
013M783031,11.6,141.4,1,0.4168019409292439
013M781317,13.4,89.1,5.6,0.41675402968507014
013M783329,16.36,31.1,0.2,0.41669734907112743
013L781140,7.6,117.3,0.4,0.41667917510315744
014D783413,52.17,89.3,2.5,0.4166137748368666
014D783459,41.29,58.9,3.7,0.4165786525455168
023J781258,51.42,130.7,0.8,0.4165531223588145
013M781484,6.44,43.9,0.7,0.4164941414471114
023J783133,23.04,66.3,6.7,0.41647877304449565
013L783393,43.86,64.5,3.2,0.41643572709294785
013M783187,10.9,32.9,2.9,0.41641417100019656
023J781073,41.41,48.6,1.8,0.4163192934384689
013M783208,16.02,152.2,4.6,0.4163120100684892
023J783128,17.5,63.1,6.4,0.41629136735184713
014D781271,46.62,78.6,3.9,0.41626274940707186
013M781360,9.7,115.5,0.2,0.4162023506952069
023J783112,44.21,159.7,1.4,0.41617950818338756
023J781313,45.43,152.7,4,0.41608142981707796
023J783207,49.88,140.2,1,0.4160665259237894
013L783206,43.72,84,0.5,0.41600620675843736
023I783302,10.91,127.3,0.3,0.4160043079012977
014D783242,43.95,72.4,4.5,0.41594794918146094
014D783390,41.37,89.2,5.7,0.4159123018942964
014D783537,54.11,97.5,1.1,0.415911401580045
013L783255,6.71,53.5,0.2,0.4158046587320664
023I781069,47.26,141.6,0.9,0.4157807539692247
013M781033,40.47,161.8,4.1,0.4156243218413587
023I823060,53.33,128.8,1.2,0.41560065884278236
013M783390,30.18,105.7,6.8,0.4155962275092533
023I783386,45.83,104.2,0.6,0.41556740270344344
014D783334,37.59,76.1,5.9,0.41552337552711954
014D783416,56.61,122.2,2.7,0.415441742524198
013M783029,18.97,172.7,1.1,0.415403167177509
013M781206,48.39,92.6,5.1,0.41531659162967477
013M783165,9.65,53.8,4.9,0.4152842817159719
023J783271,47.68,148.6,4.4,0.41524234100843077
013M781412,10.74,28.2,0.7,0.4150473650825259
014D781043,54.74,124.2,4.4,0.4149702298252483
013L783042,25.84,170.8,3.7,0.41495086739642667
023I781194,24.16,176.6,2.1,0.41472568740628474
013M781362,15.36,147.5,0.5,0.4146563264835388
013M783199,17.89,66.8,6.4,0.414649948100617
014D783606,34.06,56.6,0.3,0.41461963067936664
023I781070,48.27,88.4,0.9,0.41461815195640417
013L783170,33.14,164.5,0.9,0.4146067536048838
013L781038,19.6,152.6,0.4,0.41456066400059977
013M783452,9.49,35.3,3,0.4145500625976703
013M783160,11.11,64.7,5.1,0.4145403031473866
013L783016,6.42,95.3,1.5,0.4145349462576135
014D783204,7.58,90,4.4,0.41450799317558434
023I781023,34.48,161.2,0.9,0.4144949390355027
014D783100,27.89,158.4,5.2,0.41448105296447757
013M781244,18.6,170.4,2.5,0.41445847525776286
014D781008,20.29,151.8,5.3,0.41443017999755477
023J783268,34,174.8,1.6,0.41435210877755335
014D783054,10.45,28.1,1.2,0.4143263033880099
014D783562,53.59,129.3,1.1,0.4143249289681009
023I783237,15.63,63.6,5.9,0.4142474950880499
014D781015,34.5,163.1,4,0.41408004731298437
023J783053,27.99,190.1,2.2,0.4140602830170494
023I783005,19.78,184.7,1.6,0.4140592110348512
023I783291,13.94,47,5,0.41402745508049477
013L783308,9.4,30.8,0.3,0.4139995763648194
013M781606,14.56,80.9,5.5,0.4139329405535309
023J781279,54.56,117.6,3.4,0.4138913882523582
013M781499,7.24,37.1,0.4,0.41386117286176194
023J783042,20.35,161.1,2.9,0.413784494705431
023J781155,15.03,66.4,5.8,0.4136781363294665
023I781260,44.04,67,1.3,0.41358222216327467
013M783073,15.19,90,5.5,0.41354216821348283
023I783312,8.02,114.4,0.3,0.4134606948225346
014D781206,12.74,78.1,5.6,0.41342607268079673
013L781004,33.34,51.4,0.3,0.4133800992352157
013M783451,15.74,149.2,4.3,0.41333053180922524
014D781513,50.1,123.2,0.7,0.41332687441083876
014D783372,52.78,97.9,3.6,0.4133239058080326
013M781529,27.84,49.1,5.3,0.4132612387038245
013M783427,29.21,174.1,3.2,0.41325580140017387
014D781327,39.12,89.3,5.8,0.41324313377362903
014D781259,46.36,70.2,2.5,0.413218149461751
013M781514,7.5,37.3,0.3,0.41317149542888965
014D781126,32.4,146.4,6,0.41314438462997743
023I783352,14.45,142.1,0.8,0.41304598835896983
014D783150,43.22,155,4.3,0.41299718171524535
013M781613,11.3,124.2,3.6,0.41294344174116365
023I781277,39.29,173.7,1.5,0.41290834732021064
014D781142,29.02,71.8,6.5,0.4128894738270613
014D781083,7.27,32.9,0.9,0.41281171465701993
023I783022,36.43,156.9,0.7,0.4128013291784698
014D781017,39.3,137.2,5.3,0.4127777713965
013L781168,15.55,170,1.1,0.41277532293833996
014D783432,48.39,74.7,1.7,0.41273957154508656
014D783490,52.24,117.6,3.5,0.4126694729367564
013M783414,22.74,71.2,6.4,0.4125496980626647
013M781322,25.23,145.8,5.2,0.41251916245813375
013M781553,18.34,157.5,4.8,0.4123889312678369
023I781056,53.03,126.4,3.2,0.41233723519815246
014D783255,31.19,56.3,5.4,0.41232697319452055
013M783192,6.06,54,0.7,0.4122843475160905
013M781364,16.15,134.3,0.3,0.41227119643065885
013L781064,22.7,38.7,3.7,0.4122614350748208
013L783224,7.29,107.1,2.1,0.4121156456889204
023I783331,39.37,163.3,1.3,0.41204491081680217
013M783154,7.27,111.1,2.6,0.4120313014792593
023J783174,17.63,186.3,1.6,0.4119943233307948
023I783210,32.37,164.9,1,0.41196427490244586
013M783348,26.99,154.8,5.3,0.41194119335519935
014D783604,8.75,35.3,0.2,0.41192392553329
013L783288,8.05,97.4,0.2,0.4119030972871086
013M781246,16.14,145.9,4.3,0.41190212932441195
013L783097,21.32,116.7,6.7,0.4118405234752514
013L783070,43.83,81.2,0.9,0.4118321745387262
013M781054,26,95.2,7.1,0.4117763039770743
013M781559,7.48,119.2,2.4,0.41175451349275033
023I783194,27.68,163.2,0.8,0.4116999966108154
023J781065,34.8,166.8,1,0.4116906518367461
023J781196,43.83,144,0.9,0.4116498753720832
013M783151,9.6,60.9,4.7,0.4115349100326409
013L781096,7.64,110.5,3.2,0.4115128931720326
014D781003,6.8,46.1,0.9,0.4114821741326964
023I783118,9.95,61,4.6,0.4114680993202852
013L783083,8.58,34.6,0.2,0.41141803757221973
023J783134,19.27,132.6,5.1,0.4113047418072291
013M781498,7.84,32.3,0.4,0.4112696259738228
013M781074,17.87,103.1,6.3,0.4112476422956445
013L781147,6.66,80.6,0.9,0.41123654211201416
013M783076,12.75,74.8,5.4,0.41121921831222863
013L783147,31.85,164,1,0.4111108352123297
013L783106,21.07,144.7,0.6,0.4111019328761474
023J781230,32.57,74.5,6.6,0.4110969612994037
013M781485,18.22,167.1,1.2,0.41108426361986916
013L783010,6.13,52.8,0.4,0.41095485835265216
013M781075,30.62,165,3.6,0.41091826813676624
014D783536,45.28,130.1,0.7,0.41088541593956907
013M783337,9.69,35.3,0.2,0.4106220873611313
014D783492,45.45,118.7,5.1,0.41054643245457834
013M781227,18.2,107,6.1,0.41048381250934246
014D781395,39.71,149.7,0.7,0.4103618543738438
013M781291,22.87,124.8,6.1,0.41033275123151064
023J781327,48.9,156,2,0.41027052285468935
013M781351,14.43,43,4.4,0.4102434869892381
023I781018,51.32,135.1,1.7,0.4102257163273519
013M783248,14.59,83.2,5.4,0.41013669976326145
014D781131,17.03,45.2,5.1,0.4100928600052753
014D783589,13.68,36.1,0.2,0.4100702142952891
013M783170,17.12,64,6.1,0.4100401830724753
014D783252,24.03,39.7,3.6,0.410039928025417
023I781213,10.82,154.1,1.9,0.4100123738253998
014D781265,41.31,63.4,2.9,0.4099439007589203
013M783172,13.2,56.3,5.2,0.4097867769431688
013M781574,6.8,69.1,1.4,0.40974341229416483
013L783391,14.78,146.1,1,0.409682442790768
013M783460,35.83,55,3,0.4096681089563637
014D783195,11.18,52.5,4.6,0.4096380781653097
013M783108,31.29,158.2,5.1,0.40962079483618163
014D783595,33.52,54.1,0.4,0.4095907468495216
013L781084,16.95,52.1,5.5,0.4095768246139994
013L781079,25.18,31.1,1.1,0.4094728687655132
013M783143,6.57,79,1.1,0.4094618214284488
014D783499,41,50.9,1.6,0.40937076474555467
013M783475,16.59,118,5.8,0.40925634763586555
023J783140,19.78,168.4,1.8,0.4092411242819961
014D781197,10.06,71.6,4.8,0.4092360797055719
014D781315,40.73,56.7,2.7,0.4091761287982235
013M783198,18.86,91.9,6.2,0.4091212037931932
014D781456,41.33,143.8,0.6,0.4089818989773243
023I821012,14.58,139.2,0.9,0.40892842084429465
023J781068,50.51,153.5,2.1,0.408902324258888
014D781477,53.81,99.8,2.1,0.40886161624827416
023I783366,24.58,160,0.9,0.4088477884273814
013M783458,26.38,59.7,6.2,0.4087977692964377
013L783322,7.88,32.9,0.6,0.4087915306075084
014D783415,48.46,86.6,3,0.40871513573369606
014D781135,7.4,42.5,2.1,0.40867147053754144
014D783409,51.34,109.8,2.9,0.40865899884431617
013M781468,13.03,142.6,1.2,0.4086105743110216
014D781304,17.7,53,5.5,0.40860505187684293
013M783085,15.08,142.1,2.7,0.40858036023652716
023J781270,45.51,76.2,1.8,0.4084386129919553
014D781013,15.17,95.2,5.3,0.4084266254483267
023J781144,20.33,164.1,1.4,0.40838096529830653
013M783020,12.93,140.6,1.4,0.4083647613227035
013M781260,10.18,30.1,0.4,0.4081832813330224
014D783272,41.67,97.5,5.4,0.4081412056364453
023J781037,47.42,144.6,3.2,0.4081341149869298
013M783354,11.13,62.8,4.5,0.40810059522513537
023J783175,14.77,130,3.8,0.40808283300941284
013M783175,9.91,57.6,4.5,0.4079938723331595
014D783660,12.69,41.6,4,0.40798304534152263
023J781298,25.87,159.5,4.8,0.40789485647135343
013M781258,7.72,34.1,0.6,0.40779634930368625
014D781148,28.1,67.5,5.5,0.4077758941825493
013M783030,14.98,140.5,1.2,0.4076661910420542
014D781468,48.91,80.9,1.6,0.40765513224613614
013M781184,28.61,160.1,3.8,0.40764019310037714
023I781266,48.34,85.5,1.1,0.4075596658041862
014D781462,45.82,92,0.9,0.4075364077796152
014D783225,21.34,73.9,6.3,0.40749689310008996
023I823026,24.2,141.8,0.5,0.407492144754934
014D783128,43.78,128.3,4.9,0.4074255741567528
013L783091,23.09,116.4,6.6,0.4074043021355941
013M783203,7.22,76.3,3,0.4073932878201243
013M781295,39.05,155.3,1,0.4073916542457843
023J781100,28.19,160.3,2.9,0.4073640484238019
014D781007,14.3,96.6,5.2,0.4073535550427604
014D783466,25.28,53.6,5.6,0.40730164128327334
014D783389,48.7,95.8,4.1,0.4072594460741572
013L781062,24.31,134,0.4,0.40719917046375426
013L783110,30.98,164.9,1.2,0.40719147481472484
014D781486,47.1,108.9,0.8,0.4071109236481374
014D781058,22.19,161.9,2.3,0.4070551978299336
013M781455,22.12,33.2,0.9,0.40689314498703927
014D783435,12.53,30.4,1.2,0.4068638190584355
023I821037,25.43,140.4,0.4,0.4068591181006743
013M781014,12.85,124.1,3.8,0.40678303113167424
023I781178,14.93,139.7,1.2,0.4067824829052546
023I781170,8.84,129.8,1.9,0.40676534433509465
014D781276,46.11,154.4,1.6,0.40671451619908894
014D783338,26.07,84.9,6.7,0.4066772958236896
023J783087,47.82,100.6,3.7,0.4066716511314754
014D781159,41.59,93.1,5.2,0.40664515721360023
013M781288,9.86,101,3.8,0.40659685770936177
014D783083,35,56.1,2.9,0.40655309999084216
023J783058,28.06,135.1,5.3,0.40651050477099343
013L783031,9.75,112.6,0.5,0.4064854418232834
014D781256,9.36,37.8,2.6,0.4064571596117933
014D783346,21.9,56.1,5.8,0.40644477918310895
013M783034,12.19,125.9,0.6,0.40637092432818817
013M781010,22.89,156.8,4.2,0.4063618629092965
023I781274,27.89,167.8,1.4,0.4063578030715403
013L781060,8.15,32.5,1.8,0.4063528961750659
013M783156,15.14,32.1,1.5,0.40634119918933426
023I783066,35.1,156.8,1,0.40620077807217136
014D781132,32.01,76.4,6.1,0.4061845396868226
013M781126,8.71,32.7,0.6,0.40617437244567595
023J783097,34.29,103.9,5.4,0.4061511942184408
013M781142,11.08,64.6,4.3,0.40614487672449073
013M783330,12.79,38.1,0.2,0.4061110256275319
013M781146,13.42,114.2,4.5,0.4060729656467303
023I821028,46.36,114.6,0.8,0.4060494757781753
023I823048,38.89,147.9,0.8,0.40604680505479873
013L783278,32.25,44.4,0.8,0.4060203935223806
023I783242,49.58,138.4,2.8,0.40600847973518095
023I783067,49.34,137.6,2.8,0.4059315261849269
014D781048,32.56,80.6,6.1,0.4059246393599108
014D783417,42.97,72.3,2,0.4058955978710419
023J781208,44.45,115.4,0.8,0.4058729314154533
013L781040,12.15,131.7,1.1,0.40574604085702687
014D783446,53.06,119.4,2.1,0.40573520797798707
013M781164,43.42,108.3,4.9,0.4057243722088964
014D783575,12.63,31.5,0.7,0.40570631189228873
023I781248,20.63,33.6,0.4,0.4057052394042579
013M781469,9.86,31.4,0.5,0.4056977044363296
013M781156,11.57,61.3,4.4,0.4056320167877638
023J783179,6.73,51.3,1.5,0.4055882014623096
014D783628,29.76,47.6,0.6,0.4055637637033393
014D781245,33.56,103.4,6.3,0.40555617152920465
023I781058,40.84,162.9,2.2,0.4055401475484512
023I783238,7.58,55.4,4.1,0.4054845402236009
013M783459,17.01,30.8,1.2,0.4054628227077344
014D783403,48.27,81.5,2.7,0.4053925121181132
023I781156,6.81,73.4,1.1,0.4053207168721997
013M781375,8.61,35,0.3,0.4052957736281091
013M781332,20.24,158.7,2.7,0.40529433799111947
014D783591,11.89,33.6,0.3,0.40522566024566586
023J781304,44.32,139.7,3.1,0.4051995362423642
023J781210,43.99,94.9,0.8,0.40518802955315003
013L781091,7.81,98.9,2.8,0.4050764473519527
014D781237,18.88,43.1,4.8,0.4050598924939947
023I781122,6.56,55.4,1.5,0.40503586153597687
013L783007,8.37,113,0.9,0.40501202775974143
013M781491,10.1,34.2,2.3,0.4049979484075833
013M783478,8.87,37.7,2.2,0.40499228372644397
013L781066,19.69,36,0.3,0.40497467056369696
013L783385,11.14,31.4,0.7,0.4048551387215813
023J783170,35.86,166.9,2.3,0.40480113523553113
013L783156,9.09,48.7,3.9,0.40478284738500553
013M781259,9.99,30.7,0.5,0.4047446069164909
023J783135,34.39,117.3,6,0.40474122653866723
023J783187,15.91,148.9,3.2,0.40469982620914347
014D781435,20.06,33.2,0.5,0.40467238840237635
013M783014,22.43,139.2,5,0.4046673525913315
014D783025,14.21,31.9,1.1,0.40466171205223467
014D783122,45.47,115.8,3.6,0.4046338932145019
013M781492,8.56,60.6,4.1,0.404549491931683
013M781024,7.41,110.1,1.9,0.40454555235566175
013M781245,26.03,171.1,2.5,0.40445520352073
014D783106,35.67,157.5,3.1,0.4043677241455344
014D781264,40.54,75.6,3.3,0.40432743659570713
023I783119,14.65,63.4,5,0.404256573526685
014D783302,35.05,60,3.6,0.4042433596702929
014D783115,7.28,104.9,1.6,0.40422657556544783
023I783007,26.04,170.7,1.6,0.404201404060847
014D783092,43.62,134.7,1.1,0.4041838444510317
023I783085,44.2,117.5,0.9,0.4041549473698171
013M783339,8.55,31.4,0.8,0.4041523530555932
023I781259,44.76,125.5,0.8,0.40415131869164134
014D781011,7.36,34.1,1.3,0.40410774875058664
013L781133,8.72,105.1,0.6,0.40409419549886866
013L783331,8.6,33,0.4,0.4040816326277373
013L781108,22.59,41.9,0.4,0.4040687963379041
023I783189,38,78.5,0.5,0.4039800256092138
013M783183,10.42,72.1,4.1,0.40395353942442763
013L783273,15.94,135.2,0.5,0.4039492367545829
023I781063,37.89,154.3,1.3,0.4039314647446581
023I783383,19.14,143.9,0.6,0.403868356969357
013L783194,10.92,95.6,0.2,0.4038120025013954
013M781222,40.29,74.9,3.3,0.4036921091355106
023J781059,52.24,114,2.2,0.40361604559873915
014D781130,19.14,110.3,5.9,0.40357280033320214
014D781280,43.73,95.3,4.8,0.40355037416516687
014D781371,43.05,98.5,4.9,0.4035497353791339
013M781113,12.63,69.6,4.9,0.403528168919263
013M781532,14.68,49.8,4.3,0.403518414654188
013L783285,8.29,68.5,0.2,0.40350280249917925
023I783378,41.45,105.6,0.7,0.4034578963305336
014D783530,38.58,98.8,0.4,0.4034454686615475
014D781046,45.9,116.8,4.2,0.403435210690199
013M781105,22.16,89.3,6,0.40334225016248654
014D783651,12.71,32.6,0.6,0.4033406977076491
023J783029,47.43,142,2.7,0.40333930958904
014D781158,18.57,121.6,5.2,0.4033165912385841
023I783186,27.81,151.6,0.7,0.4033052647849
023I783002,30.63,162.3,1.4,0.403289671064448
013M781174,23.82,91.4,6.3,0.40326539823401836
023I821011,38.41,138.6,0.8,0.4031856679254356
014D781507,37.2,134.4,0.5,0.40304345426369054
014D781504,40.56,142.5,0.9,0.40302396798785833
023I783284,8.85,67.8,0.1,0.40297148081388456
013M783353,12.36,50.9,4.2,0.4029069011762695
014D783475,42.74,106.3,4.2,0.402883723063551
014D783392,51.98,112.1,2.2,0.40287758962062414
014D781296,43.62,84.2,4,0.4028726423096745
013M783234,20.03,155.7,3.1,0.4028677698579514
013M783325,11.14,31.6,0.7,0.40282532438500884
013L783262,8.32,90.1,3.8,0.40278955018769763
023I783126,45.4,83.6,2.7,0.40276586122795754
023J781126,22.96,134,0.5,0.40275566121875167
013L783013,8.21,98.5,2.8,0.4026991031130125
013L783189,14.52,133.1,2.5,0.40265132985411284
023J783206,37.65,144.8,0.9,0.40263726815790135
014D781115,29.21,93.8,5.8,0.40259565040701567
013L783046,25.1,167.8,1.9,0.4025324446407834
023J781193,45.19,120.9,0.9,0.40248175719643736
014D781106,25.45,107.6,6,0.40237561026798
014D783367,33.04,137,5,0.402371908555646
014D783207,12.54,85.5,4.2,0.40236894212753593
014D783379,43.97,80.5,2.7,0.40231422367968045
023J783131,29.63,65,5.3,0.4022368708399511
013M781293,9.05,79.4,3.8,0.4021375016420464
014D783067,8.68,31.9,0.8,0.4021260622618486
014D783104,10.23,32.2,1,0.40210872174420986
014D781355,48.31,108,1.2,0.4020075070745857
023I783200,11.01,43.1,0.1,0.40198628935532715
013L783230,35.94,65.7,0.8,0.4019835886017514
014D781257,10.16,30.2,1.3,0.40196552854026024
013L783127,8.52,88.3,0.2,0.4019144018517019
013L783198,51.63,114.1,2.1,0.40187710936887916
014D783528,47.65,85.5,2,0.4017844744859436
014D783028,49.94,135.4,1.6,0.4017439151773963
013M781255,17.8,119.4,5.2,0.40171888278173534
013M783406,7.56,53.3,3.1,0.40167078309558163
013M783225,18.81,130.9,4.5,0.4016554162850127
013L781008,18.91,37.3,0.3,0.4016548036884527
014D783355,24.38,45.1,4.4,0.40160525093944577
014D783333,33.54,52.1,3.6,0.40160247027075
013L783216,8.24,39.3,0.3,0.40159332518725654
014D783332,40.11,62.8,2.1,0.40158124656280403
013M783028,14.53,133.3,1.3,0.4015455377765488
014D783457,28.94,62.1,5.2,0.4015360631295965
023J781003,12.51,42.3,3.3,0.40153353971776445
023J783143,32.39,170,2.2,0.401521161781047
023I783339,41.85,109.3,0.6,0.4014320003523266
013M781555,23.05,107,5.5,0.4013942643573224
013M783413,10.54,75.8,4.1,0.40135966887788577
013M783389,21.54,115.3,6.2,0.40135773020432064
013L783022,16.24,130.8,0.5,0.4012727007851114
013M781516,11.61,39.6,0.2,0.4012250058019971
023I781144,12.51,130.1,1.4,0.4012229421035805
014D783251,22.72,43.2,2.9,0.4012067538799412
023J781226,37.31,60.2,1.1,0.4011950244199051
013L783146,27.29,151.7,0.7,0.40119154356352094
013M783202,22.51,98.4,6,0.4011581447188723
013M783403,28.74,111.9,6.1,0.4011438188603447
023J781148,8.54,43.5,3.5,0.40114281529599544
013M781118,29.75,139.3,4.9,0.40112647873225776
013L783352,9.03,31,1.3,0.40109389353645325
013M783448,23.82,150.4,2.8,0.40109251137599466
014D781111,30.86,107.7,6.3,0.4010662284444859
013L783003,7.34,90.4,0.7,0.4010633369745309
013L781144,11.6,120,0.5,0.401041076565124
013M783223,36.07,153.4,2.9,0.4010296427201926
013M783393,32.98,155.9,4.4,0.401012301490781
023I781098,35.36,55.9,2.1,0.40101212663960417
023J783250,30.13,170.7,2.3,0.4009792706793727
023J781007,25.8,73.5,6,0.4009570660482712
014D781036,40.88,134.9,4.8,0.4009447373100842
013M783347,12.63,45.2,3.8,0.4009391017668899
014D783659,17.62,43.3,4.4,0.40093616550023853
023I823038,12.62,39.4,0.2,0.4009321139429507
014D783154,21.04,47,4.8,0.400926761134926
013L781145,9.9,104,0.4,0.40091417526442374
013L783204,28.31,47.5,0.6,0.40091251304197406
013M781352,12.89,85.7,4.8,0.4008713582164623
013M781228,6.86,82.9,1.7,0.4008694283243409
023I783363,9.81,90.7,0.2,0.4008652969504782
013M783257,9.87,115.4,1.1,0.4008404618118745
013M783369,8.61,111.5,2.1,0.4008356664485373
023I823032,33.89,145.3,0.8,0.40078431639926454
013L783071,10.23,105.7,0.4,0.40075311882733916
014D783294,41.06,64.9,2.1,0.4007411982528146
014D781183,29.37,158.1,2.9,0.4006939678987908
023I783394,21.5,150.3,1,0.40064993278922467
014D781299,14.82,49.7,4.2,0.40064312672518776
014D781379,18.23,131.8,4.6,0.40063949677346106
013M783046,7.49,72.4,0.3,0.40063698111903434
014D781516,40.46,108.5,0.6,0.4006343558922829
023J783064,18.2,166.5,1.8,0.40058268797778673
013L783289,14.16,70.1,4.9,0.4005655622172096
013M783392,19.97,115.7,5.6,0.4005575434761626
013M783371,23.22,149.3,4.2,0.4005545413364212
013M781398,9.46,43.7,0.2,0.40052852263737027
014D783607,9.35,43.8,0.2,0.40052852263737027
023I781263,17.68,137.5,0.7,0.4005149622909212
014D783578,11.32,33.8,0.4,0.4004676285391642
013L783085,18.52,132.1,4.2,0.4003758244199659
023J781219,41.46,72.8,1.8,0.40036779072819
013M783429,30.43,131,5.8,0.40034799623511896
014D781146,26.5,64.3,5.8,0.400316843158465
014D781480,44.35,118.6,1.1,0.40026102841406863
023J783085,22.15,106.6,5.4,0.4002546445104716
013L783112,22.32,147.9,1.1,0.4002283811984341
014D783559,44.41,139.5,2.5,0.4002022650713531
023I821026,41.84,89.5,0.8,0.40016053520563644
023J781090,45.85,146.5,2.1,0.4000554268925956
014D783264,38.17,66.5,3,0.4000371454543604
014D781388,45.76,82.1,1.7,0.40002075048449365
013M781247,20.22,147.8,3.5,0.3999994641879561
023J783105,34.8,157.6,2.8,0.3999960008948487
013M781289,9.44,91.9,3.2,0.39999483714262174
023J781323,35.19,153.7,2.9,0.39996126713919183
013M781242,11.25,130.5,1.7,0.39994504930119507
023I821049,26.93,155.1,0.8,0.39991777489088903
023I781046,35.06,153.1,1.4,0.3998496492194998
013M781603,32.55,133.1,5.2,0.399844096551863
013M781508,11.72,36,0.6,0.3997495569757202
023J781288,28.53,163.2,1.8,0.39973393267579305
013M781297,10.15,118.7,2.1,0.39968942917942074
023I783154,40.87,139.1,1.2,0.3996573518383994
014D783316,42.08,84.9,4.3,0.39964329445661784
013M781248,14.82,123.9,3,0.3995929911920674
023J781168,33.18,54.3,0.8,0.399582449353821
013M783038,7.46,62.3,0.6,0.39954758300702553
014D781408,8.65,37.6,0.6,0.3995382507720097
023I783176,49.99,133.1,1.7,0.39950066051588246
014D781366,41.7,92.6,4.6,0.3994961055784134
014D781498,39.61,117.3,0.5,0.39948770492215946
014D781091,19.45,147.2,3,0.39948243953704615
023J781175,20.1,39,0.4,0.3994811125441379
013M783453,10.73,31.7,1.7,0.39945539739433067
014D783023,46.12,124.3,3.4,0.39940172761350445
013M781522,8.21,39,0.6,0.39938128267057355
013M781325,10.7,106,2.5,0.399353771126972
013M781428,14.46,33,1,0.39934863028740686
023I783254,43.48,127.5,1,0.39932905059904616
013L783245,8.8,70.9,0.2,0.3993281256659873
023J783256,43.31,93.5,3.1,0.39931835160945034
013M783180,11.49,36.8,2.2,0.39930427909972543
023I783264,10.5,102.2,0.4,0.39930396197304513
013L781090,14.85,33.7,0.8,0.3992989623346004
014D783209,10.43,79.1,3.8,0.39929750270623304
014D781136,11.85,88.1,3.9,0.3992955421263268
013M781177,25.63,140.4,3.4,0.39929122874071926
023I783175,28.88,158.6,1.1,0.3992910242126301
014D783427,36.53,75.9,0.9,0.3992726776681711
013M781147,18.28,37.6,2.8,0.3992659916022293
014D783114,27.3,148.3,4.6,0.3992552085252657
013M781493,21.21,140.6,2.9,0.39923983584787004
014D781494,39.93,146.7,1.3,0.3992151369452952
014D783656,25.58,37.1,1.1,0.3991559735890352
023I783088,37.33,143.7,1.1,0.39911015910558356
023J781284,43.68,128.1,1.1,0.3991067883960055
013M783328,9.38,37.4,0.6,0.3991038705731504
023I781157,8.04,97.3,0.9,0.3991007900965624
014D781006,40.12,154.5,2.5,0.3990819819229985
014D781155,21.94,71.1,5.5,0.3990767218034944
014D781225,15.22,72.4,4.6,0.39907528738355824
013L781007,21.4,45.4,0.3,0.39906595986763477
023I821039,33.98,136.6,0.5,0.39906410080003146
014D781038,35.97,74.6,3.3,0.3990155412246237
013L783114,12.08,119.6,0.5,0.3989864503060027
013M781109,8.6,67.8,2.9,0.3989705904314653
014D783148,40.03,133.3,4.3,0.3989245997965212
013M781424,34.3,57.2,2,0.39889038219419265
013M781308,10.51,117.7,2.3,0.39885777622147917
023J781180,31.87,130.4,5.4,0.39878606022397506
023I781196,39.49,144.1,1.1,0.39876077994446824
014D783410,42.03,94,4.8,0.3987272227124527
013M783304,35.1,54.7,1.7,0.39871906358673126
013M781271,11.12,36.9,0.4,0.3986852083523893
014D783037,31.59,95.6,5.6,0.398619819035968
014D783183,18.45,109.8,5.4,0.3985440814212364
014D783378,44.62,82.1,2.6,0.39854399997935935
013M781185,32.64,141.4,4.8,0.39853760860752935
013L783077,15.71,127.1,0.4,0.3985277271958601
023J781089,36.03,156.6,1.5,0.39849918987491606
013L783066,14.22,115.3,0.6,0.39847131672504593
013L783168,43.73,124.8,1.1,0.3983995229469118
013L783079,7.5,70.4,0.4,0.3983607605835486
023I783124,37.76,136.9,3.9,0.3983397956337073
013M781275,27.63,51.5,0.4,0.39830914916963583
014D781295,22.91,44.3,3.5,0.3982679160142504
023I783333,40.12,95.8,0.8,0.39825035753022053
014D783266,37.49,70.8,4.1,0.39824629199120376
023I821005,43.14,91.1,1.2,0.3982386267533074
014D783546,49.28,93.2,2.6,0.39820668675508775
013L783069,14.83,112.2,0.5,0.3981748883883234
013M781294,23.28,146,1,0.39816253074292396
023I821013,39.24,143.2,1.4,0.398136912186957
013M783380,27.41,114.2,5.7,0.3980936519944488
014D781479,47.67,100.8,1.5,0.39806776398947835
013L781015,11.8,35.3,0.4,0.3980339860407056
013M783356,10.11,44.6,3,0.3980325295781719
013M781102,20.94,133.1,4.8,0.3979955571968912
023I783353,12.09,110.3,0.4,0.3979489742582227
013L781078,11.96,68.3,3.9,0.3979377774935621
023I783380,37.82,127.4,0.5,0.3979046536468975
013M781616,20.48,75.6,5.6,0.3978918291308085
013L783017,7.6,93,0.7,0.39787886365464287
013M783082,13.16,112.9,3.4,0.3978654776762413
023J783034,22.05,149.1,2.6,0.3978543449225077
013M783107,10.27,110.6,2.1,0.39784947613725835
023I823037,36.31,106.7,0.5,0.3977807615784801
014D781490,43.46,108.9,1,0.39776302010536185
013M783032,7.52,59.6,0.6,0.3977509842396045
013M783112,11.02,103,2.8,0.3977430359760574
014D783634,13.76,33.2,0.9,0.3976833585454238
013M783067,18.51,150.4,2.8,0.3976307843846043
023J781207,28.49,88.2,0.3,0.39762948913834195
014D783516,43.13,82.8,2.4,0.3975927970711048
013M781204,19.62,42.8,3.1,0.39757291759374597
014D781125,13.7,67.3,4.9,0.3975711086452322
013L783150,36.02,76.6,0.6,0.39754435731494253
013L783128,27.8,157,1.1,0.3974983044445105
023J781094,42.2,156.4,2.3,0.39747612310464814
014D781389,49.86,124.4,1.5,0.39740707549673565
023J783106,26.08,151,3.5,0.3973775462798506
013L781009,16.14,36.2,0.3,0.3973683661288362
013M783036,17.44,152.1,1,0.3973553158325964
013M781344,27.06,80.6,5.5,0.39726668637040463
014D781416,35.11,69.5,0.8,0.3972136351955733
013M783289,9.64,38.3,0.6,0.39721270881487614
013L783199,34.93,159.6,2.3,0.3971965768844598
023J781276,46.33,134.5,1.9,0.3971939695145843
014D783145,43.9,104.9,2.6,0.3971586152925438
013M783417,10.36,92.9,2.9,0.3971095513304472
014D783418,40.46,69.1,1.9,0.39709841931924356
023I781110,46.96,123.2,1.4,0.39708583488424076
013M783422,17.69,140.2,3,0.3970692069354861
013L783182,28.85,46.1,1.1,0.3970508559918881
014D783073,36.99,122.2,0.7,0.39701144887093603
013M781575,25.64,146.9,3.5,0.39699411387950867
023J783158,36.62,145,1.4,0.39697778769211417
023I823067,13.76,36.9,0.4,0.39695686171628686
023J783223,23.49,132.2,0.7,0.3969398156644954
014D783554,38.61,107,3.7,0.3968944228883784
014D783531,34.42,84.6,0.4,0.3968811439682559
014D781169,21.78,139.1,4.3,0.3968292440618405
014D783558,37.41,128,4.8,0.39682169934966793
013M783207,16.98,129,4,0.3967797354061709
013M783483,10.8,42.5,2.7,0.39675617500263854
014D781187,32.74,60.8,4.4,0.39672654908398985
014D783112,20.07,104.7,4.9,0.39666895400324464
023I783252,41.28,101.6,0.9,0.3966653340020845
023J783255,42.44,149.3,3,0.3966541229136948
014D781457,38.07,92.5,0.7,0.39665325051016387
014D781171,31.03,100.6,5.4,0.39664798914317306
023I783033,34.18,84.8,0.4,0.39661271043700386
023J783073,37.9,119.3,4.7,0.3965818485412868
023I783323,7.46,82.7,0.4,0.39656357821105187
013M783135,14.32,32.9,1.7,0.3965626315731711
013L783109,14.13,68.6,0.2,0.3965456269431491
013M783466,30.45,108.6,5.7,0.3965445193864727
023I781234,10.01,79.1,3.4,0.39653842049423454
013M781580,20.03,34.5,1.9,0.3964750080702617
023I823068,39.33,91.8,0.7,0.3964429844039375
023I783040,38.98,124.3,0.6,0.39642511840528916
014D783056,50.41,95.7,2.6,0.3964077467994122
013M783173,16.82,84.2,5.4,0.39638720650783826
023J783209,37.55,115.5,0.7,0.3963625634267194
023I783340,29.52,67.7,0.5,0.3963345202416546
023J781182,40.46,146.9,3.7,0.39630633986810704
013M783287,10.04,35.6,0.4,0.39624536409540656
023I821036,39.6,110.3,0.7,0.3961912142561843
013M781079,22.07,146.7,2.5,0.39618668901162635
014D783376,40.63,85.5,3,0.39616515998031204
013L783287,8.86,41.6,0.3,0.3961613596437298
013M783092,14.33,117.7,3.4,0.39614977591315864
023J781296,15.09,110.1,3.2,0.3960860485405841
023I823055,40.58,114.9,0.8,0.3960761639545861
013M783117,21.73,94.2,5.8,0.3960711902067952
014D783489,45.94,126.7,1.4,0.3960487187297264
013M781379,12.76,34.9,0.5,0.3959970123939257
014D781428,10.87,34.8,0.7,0.3959876588868377
014D781240,34.79,79.3,4.4,0.3959730205180936
014D783383,40.43,76.5,2.2,0.3959681841509778
013L783375,31.99,47.5,1.1,0.3959577667546602
023I783098,31.51,104,5.1,0.39593405338497
014D783625,31.13,61.5,0.5,0.3958149883705129
023J781256,39.65,91.5,0.8,0.39580138251671354
013M781388,15.08,69.3,0.2,0.39578674254299234
014D783297,39.19,65.9,2.6,0.39575191632905204
014D783120,42.92,114.6,3.4,0.395713277205636
013M781272,9.78,37.5,0.4,0.3956983096126106
013M783148,8.26,54.7,3.1,0.3956959863537272
023I781151,9.8,37.2,0.5,0.39565066425549855
013L783004,12.26,120.8,0.8,0.3955862993290243
013L783058,28.39,143.2,3.3,0.3955735419295742
014D781105,21.31,92,5.8,0.3955702410496864
013M783440,14.22,41.6,2.8,0.39554289853963487
013M781476,9.43,37.5,1,0.39553866264987575
013L783217,7.71,53.8,0.3,0.39552184273151236
023J781214,37.22,113.5,0.7,0.3955118414092103
013M781518,12.59,34.9,0.5,0.39547113177599735
014D783295,19.64,34,1.5,0.3954263313254782
013M783015,22.23,117.1,5.1,0.39542208276648827
023J781280,49.45,108.7,2.4,0.3954186689598839
023J783119,26.39,146.8,1,0.3954007274130934
023J781096,35.18,155.3,2.1,0.3953881434754759
014D781230,9.83,65.7,3.1,0.395375787840377
013M781027,39.29,115.6,4.4,0.39532119861977766
014D781275,35.7,65.4,1.7,0.39527976470621373
014D783509,9.4,35.7,0.7,0.3952264132688375
014D783076,28.92,123.7,5.2,0.39522281604738074
014D781138,38.95,83.9,4.5,0.3951837592161677
013M783235,37.03,143.8,3.6,0.39514535486247787
023J781123,12.66,72.6,0.2,0.39513321267562507
014D783622,14.5,40.6,0.3,0.39511414863977845
014D783507,40.49,79,2.2,0.3950740730694685
023J781151,9.78,68.3,3.5,0.3950616398280223
013L783253,11.9,118.9,2.5,0.3950552216518388
023J781311,37.17,143.5,3.3,0.39504964996284375
013M783342,28.75,80.6,5.3,0.39499437212572047
013M783467,38.05,82.8,4.3,0.39498065880377525
013L783113,15.14,123.8,0.8,0.39496430746751415
023J781117,17.63,145,1,0.3949585840259477
013M783473,8.45,83.3,2.8,0.39493202773829955
014D781445,36.36,90.3,0.5,0.39491044914727064
013L783284,13.59,92.8,0.2,0.394845808460325
023I783351,14.59,106.4,0.5,0.3948248893619797
023J783274,39.25,125.3,4.6,0.3947296396403541
013M781044,26.26,144.5,4.4,0.3946774602790017
023J781119,10.39,61.2,0.2,0.39465738313769655
013M783047,8.44,92.2,0.4,0.3946110405023148
014D781107,23.99,87.8,5.4,0.3945393185871852
014D783493,40.14,98.4,4.3,0.3945207553630064
023J783225,38.63,149.8,1.5,0.39450292358918126
023I783155,32.33,135.9,3.6,0.3944775916551987
013M781050,37.96,112.7,4.2,0.3944650263794062
013M781350,29.57,119.4,5.3,0.3944107171045765
014D783563,26.3,105.4,0.3,0.39437582393467724
014D781028,45.11,107.4,1.9,0.39436439538374257
013M783374,39.03,130.5,4.5,0.394356566849701
013M781083,29.04,141.8,4.3,0.39433494389904056
023I783017,39.73,99.1,0.8,0.39432525169640825
023I781127,31.33,124.4,5.3,0.3943008691519824
023J781248,38.41,91,0.9,0.3942804728112492
013L783082,8.36,57.6,0.2,0.39427585650748165
014D783167,32.51,64.8,2.9,0.3942418279616843
014D783022,50.49,111.7,2.2,0.3942373314538877
023I783250,25.67,145.9,1.4,0.3942100064247562
014D783547,40.28,91,1.4,0.39419449934353235
013L781067,12.28,61.8,0.2,0.3941923802195368
013L783276,10.87,40.5,0.6,0.3941580181122092
023I781028,41.41,131,1,0.39415683454283273
013M781605,8.26,47.9,2.5,0.39414876383309044
014D781324,50.03,111.4,2.5,0.3941477273007429
013M781119,29.83,70.1,3.2,0.3941466017132607
023I781172,7.47,92.4,1.2,0.3941367678506887
013M783239,32.19,144.8,3.7,0.3941366543602037
023J783234,34.99,152.1,2.1,0.3941194707249653
023J781265,42.11,151.2,1.6,0.39411501029290624
013M781479,9.49,36.7,1.5,0.39401124314512376
014D783293,30.1,64.4,3.3,0.3939883882533375
023J781277,33.46,141.5,1.4,0.3939438933734274
014D781306,27.75,53.8,4.3,0.3939408519065559
013M781082,25.85,78.7,5.8,0.3939354382251524
014D781365,43.67,133,2.6,0.39387362367377093
023I781217,7.29,56.5,1.9,0.39387178791111493
013M781475,22.88,144.5,1.7,0.39384510978589476
013M783200,24.31,105.9,4.9,0.3938171042253094
014D783091,10.7,39.4,0.6,0.3937841020969599
013M781342,31.85,114.7,5.3,0.3937799305526495
014D783551,40.97,151.2,2.4,0.393772336427871
013M783017,10.42,106.7,1.4,0.39374807746352936
014D783592,28.84,62.3,0.5,0.3937441270739638
014D783057,38.86,70.7,2,0.3937405431205455
013M783399,33.77,143.6,2.9,0.3937264470759969
023I823025,14.75,95.7,0.3,0.3936950749801026
013M783362,17.26,42.9,3,0.39368679237999094
023I781210,8.14,65.8,2.5,0.39367186673005095
014D781352,30.13,70.6,0.6,0.3936641378752055
023J781190,41.83,150.6,1.6,0.39366019242700223
014D783438,42.79,88.4,2.2,0.39360869816745914
013M781166,24.81,116.4,5.3,0.39359940340401905
023J783138,36.03,77.5,3.4,0.393577400441169
023J781002,24.76,55.2,4.9,0.3935106022828446
023I783097,32.94,142.2,1.2,0.39348580548762657
013L783080,7.43,53.7,0.4,0.39348187657707623
014D783397,34.27,61.4,1.7,0.39348020438891124
023J781158,36.82,133,1,0.39347146435132335
014D781191,22.8,55.2,4.9,0.3934348181314141
013M783343,28.23,56.7,3.8,0.39342856056031617
014D781418,33.68,58.2,1.4,0.3934281550362533
013M781443,32.68,62.5,0.9,0.3934141162242614
013L783235,9.03,57,0.2,0.3933140583929201
023J781305,28.17,154.4,1.5,0.3933124493928871
013M781615,16.87,153.4,2.3,0.3932951114806173
023I783014,37.43,132.9,1.1,0.39326318522055226
013L783244,16.45,43.3,3.3,0.39325357055324905
014D781235,14.24,61.9,4.1,0.39325180432198503
023J783045,37.15,127.8,4.4,0.3932502583895838
013M783444,19.74,134.9,2.6,0.39319755782274307
013M783179,9.77,43.2,2.1,0.3931845835230583
013M781011,7.74,80.7,0.7,0.39317474785138884
014D783414,28.57,64.9,2.9,0.3931670066363584
014D783253,20.61,51.8,4.9,0.3931414103214465
013M783052,12.2,113.2,0.7,0.3931377833492039
023J783092,35.29,145.4,1.7,0.3931090070466839
014D783487,48.51,125.8,1.9,0.39310853207204266
013M781560,12.03,66.7,3.4,0.393037859014149
014D783119,43.32,100,2.1,0.3930370582869729
014D781229,11.45,65.5,3.7,0.3929981581259198
014D781427,13.85,37,1,0.3929696781315165
014D781278,41.83,107.8,1,0.39296855693953836
023I783255,36.93,132.5,1,0.3929647921292615
014D783553,33.76,138.1,3.5,0.39294991766636983
013L783030,9.36,70.2,0.3,0.3929473455407262
023J781322,33.12,155.4,2.6,0.39294421019861503
023J783139,29.68,156.8,1.7,0.3929369565089315
023I783313,12.56,104.1,0.6,0.3929223969832879
013M783023,18.13,137.7,1.2,0.3929170262517334
013M783280,10.43,74.4,0.3,0.39288887598397904
013M781497,8.89,94.7,0.5,0.39288706759402137
014D783011,40.18,102,1.1,0.3928349572638567
023J783111,24.19,145.6,1.9,0.3928297775119003
023I781202,11.93,111.9,0.7,0.3928021320082118
013M781219,8.97,69.8,2.5,0.39271514538749197
013L783387,9.09,106.5,1.1,0.39270642731997446
023I781270,14.67,119.7,1,0.39265936749612923
014D781012,29.38,82.7,5.2,0.392614433890124
013L783254,14.31,65.9,0.2,0.392606455023806
014D783623,17.84,46.3,0.2,0.3925973254242193
014D783405,35.35,68.9,1.8,0.392587822691664
023J781060,41.99,149.6,2,0.3925696499328796
023I783239,20.21,121.7,4,0.3925536591928342
023J783208,37.9,123.1,0.9,0.3925454242062161
014D781410,33.85,72.4,0.7,0.3925379691423521
014D781488,40.65,131.5,1.1,0.39252718810094356
013M783195,10.81,42.9,2.2,0.39252584991090034
013L781120,15.39,115.6,0.5,0.39250939551552355
013L781056,44.23,97.4,2.8,0.3924824639373041
013M781326,18.51,151.3,2.3,0.3924819812127919
014D783412,44.27,96.6,2.7,0.39245418478561805
013M781482,8.36,41,1,0.39245057296152813
013M781298,10.52,80.6,3.5,0.3924029654301992
023I823014,44.5,114.3,2,0.3923762841221554
023J783114,41.3,146.7,1.6,0.3923726798735873
023I783329,20.19,130.7,3.1,0.3923646256406184
023I823034,30.83,143.2,0.9,0.392333104950576
013L783316,37.55,131.8,1.2,0.39232185763134636
014D783300,33.52,70.7,4.3,0.3923179961012764
013M783367,30.04,143.1,4.3,0.39229897642801254
013M781457,9.91,35.3,1.1,0.39227023404051437
023I821025,35.23,86,0.7,0.3922698394657134
014D783015,46.57,121.5,2.1,0.39225857515629714
013M781023,8.06,48.6,2.1,0.3922353809731548
013L783135,13.63,116.6,0.9,0.39221907432869163
014D783342,13.08,65.6,3.8,0.3922137651647542
013M781423,12.68,34.6,0.8,0.3921341115037776
023J783104,26.61,132.3,4.4,0.39207519065675794
023J781177,28.25,59.5,0.5,0.3920084773687211
014D783544,29.82,68.4,0.7,0.392000741498776
013L783040,24.39,139.2,2,0.39199427522066654
023J783098,38.6,141.9,2.7,0.3919400505022977
013L783274,12.31,50.7,0.2,0.39192936172488596
023I783204,22.53,114.4,0.5,0.39192539304424445
023J781224,29.82,62.7,0.7,0.3918846506285254
014D783576,13.62,35.6,0.7,0.39188273408927937
013M783008,34.14,83.9,2.9,0.39187267444482493
023J781308,31.59,138.8,1.3,0.39185446261967183
023I821035,36.21,101.4,0.7,0.3918141594697669
023I823023,14.2,65.1,0.2,0.3918094291764924
023I783168,42.14,127.4,1.4,0.3917955092575041
023I823028,36.83,106.9,1.3,0.39179267639701126
013M781337,19.39,113,4.7,0.3917920490528871
023J781232,39.44,90.2,1.4,0.3917645057631048
013L783242,13.71,37.9,0.5,0.39175773049239804
023J781199,36.63,101.3,0.7,0.3917535992706311
014D783169,23.68,111,5.1,0.39173809163198237
013L781047,9.63,47.8,2.5,0.3917279710309623
014D781348,34.82,82.4,0.5,0.39170884730608363
014D781186,32.34,70.5,4.4,0.3916922286628897
023J781320,44.34,119.4,2.4,0.39169154283132446
014D781047,22.68,105.8,3.7,0.39163043689646926
014D781117,18.04,54.4,4.7,0.3915873847701625
014D783326,34.1,83.8,3.2,0.3915866074563357
023I783157,31.42,153.5,2.7,0.3915860893354325
013M781265,25.59,149,2.6,0.391540033163105
013M783382,19.95,96,5.1,0.3915221776084129
023J781135,25.76,134,0.9,0.39149855106073317
023I821044,12.1,59.5,0.2,0.3914642299061858
013M781191,29.84,133.8,3.6,0.3914290910018778
014D783327,37.63,82.9,2.9,0.39142069051415257
023I823033,36.03,108.7,0.6,0.39141081652457027
023I783019,16,105.1,0.3,0.39139638610598215
013L783324,9.98,42.8,0.3,0.39138878241597386
023I821008,39.24,95.3,3.7,0.39138526349336067
014D781464,15.16,39.6,0.5,0.39136960674236143
023J783160,28.23,75.9,0.4,0.391334477212673
023I783035,36.45,121.1,0.8,0.3913283147278667
013M781176,20.1,142.1,1.7,0.39131375159157555
013M781104,9.94,38.5,1.9,0.39127248004143844
013L781070,11.83,43.4,0.3,0.3912290679770445
023I783279,10.28,54.1,0.2,0.39122457719388215
014D781078,10.68,63.9,3.4,0.39117280453496284
023I823009,39.61,111.9,3.2,0.3911684998737474
013L781076,46.09,96,2.2,0.3911309702188211
014D783024,46.44,130.4,2.2,0.3911302118013533
013M783419,14.17,72.3,3.9,0.3911270532622409
013M781313,23.12,123.5,4.6,0.3910988122812484
023I781204,8.52,94.9,0.9,0.3910962770063515
013M781276,23.25,49.1,0.3,0.3910490216381069
013M781367,14.73,96.7,0.4,0.39101418828187257
023I783256,24.46,120,0.6,0.39101345088871503
023I783042,30.13,113.4,0.4,0.3910134015544254
023J781309,29.51,158.2,2.1,0.39101035558233693
014D783156,8.47,35.1,1.3,0.3910065583980736
014D781482,36.27,91.4,0.7,0.3909756219646869
023I783327,17.31,137.9,2.4,0.390960877323295
013L783212,35.88,78.5,1,0.3909585859218515
014D781390,40.94,107.2,2.1,0.3909553277633314
013M781155,11.05,55.7,3.1,0.3909461590653603
023J783018,36.71,150.4,1.9,0.39092214921948204
013L783078,16.03,122.3,0.6,0.39091207487721513
014D783495,14.89,41.3,0.6,0.3908990005809866
014D783137,17.31,42.1,2.1,0.39086894319147125
013M781263,22.48,66,0.3,0.3908483063641045
014D781002,17.94,155.6,2,0.39083533389800135
023J781103,39.4,131.4,1.3,0.39083107731554634
013L783140,28.3,63.5,0.5,0.39080992604233095
013L783038,17.4,140.5,2.1,0.3907977737257837
023J783279,37.72,140.3,1.9,0.3907697218711137
014D783155,10.02,37.5,1.5,0.3907466766761325
023I821031,34.9,118.7,0.7,0.3907454417273988
023J781095,39.72,151,2,0.3907362742187585
023J783220,34.22,76,0.8,0.39069658605327495
023I783322,18.08,135.5,1.1,0.39067715463412117
014D783640,36.65,131.8,1,0.39066003364624285
013M781378,17.37,41,0.4,0.39061890777672664
014D783132,27.47,55.9,3.6,0.3906187849498944
013L783117,31.56,131.7,0.6,0.390615751234812
013M781371,17.05,40.4,0.4,0.3906108742799145
013M783331,17.1,37.4,0.8,0.3905586534706611
023I783326,21.74,137.8,1.6,0.3905558093285171
014D781247,27.36,54.5,4,0.3905550377827328
013L783076,9.15,76,0.3,0.39055186818973486
014D781174,16.33,60.7,4.7,0.39053713496904713
014D783045,36.8,103.4,1.4,0.3905298676111101
013L781115,11.5,72.7,0.3,0.3905215575612555
023I783393,15.65,128.9,0.8,0.39052093001074
013M783246,19.1,108.1,4.5,0.39051707912569045
023J783086,22.8,124.8,3.6,0.3904948031426287
013M781586,31.34,110.9,5,0.3904756206639312
013M781277,13.15,35.8,0.8,0.3904626398174685
014D783219,23.26,56.6,4.7,0.39044299033128793
014D781474,29.38,72.7,0.5,0.3904328555958553
023I783054,30.27,92.7,0.4,0.3904228510551001
013L783277,23.46,47.5,0.6,0.3904227213647542
023J783088,26.46,130.5,3.7,0.39042025679683123
023I781119,34.51,134.8,1.8,0.3904066063539983
013L783229,32.68,64.2,0.8,0.3903979043994511
013L783256,7.66,44.1,1.5,0.39038928040901866
014D783573,15.25,40.7,1,0.39037226986742635
013M783368,8.71,39.7,1.4,0.390359004613424
023I823027,28.54,116.9,0.5,0.3903429418343671
023I783006,36.66,149.9,2.2,0.3903161381904246
013L783107,23.81,120.8,0.6,0.39031549842968366
013M781548,27.22,151.7,2.7,0.3902883664216667
013M781116,15.76,66.4,4.4,0.3902820626298003
013L783251,10.24,44.5,0.3,0.3902722330565757
013M781017,14.16,68.9,3.3,0.39024243248324536
013M783485,16.65,60.1,4.8,0.3902411666165233
013L783034,11.49,106.6,0.7,0.39021629773217276
014D783443,38.83,112.2,1.2,0.3902135139637229
013L781014,13.43,101.4,0.5,0.3901620180321008
013M783269,7.98,68.1,0.7,0.3901567754276651
023I821033,34.25,117.6,0.7,0.3901534395483432
013M781382,10.41,47.5,0.3,0.3901245266382155
013M783035,15.37,117.8,0.9,0.39011455579214555
023I781282,38.1,149.8,2.1,0.3901015994361659
013L783211,26.23,56.9,0.4,0.3900769403293283
013M781253,9.66,65.2,2.8,0.3900761017902316
013M781590,20.51,61.3,4.8,0.3900578845274165
013M783137,19.7,39.1,1.6,0.3900433909333373
013L783043,20.7,123.6,3.9,0.390042783986891
014D781451,26.31,112.9,0.4,0.3900147162367103
023J783017,39.22,149.3,2.1,0.3900034805352083
013M781117,16.05,83.6,4.8,0.3899952146808709
013M783315,31.02,70.1,3.9,0.3899732702767302
014D781077,14.69,116.6,2.5,0.3899549474804134
014D781140,9.93,59.1,3,0.3899526404952123
023I783165,29.95,107.1,3.6,0.3899396272079549
023I823016,22.37,108.4,0.5,0.3899378683417883
023J781300,30.05,67.1,2.1,0.38991919136786984
013M781103,16.24,87,4.5,0.38991261338829625
014D781430,30.62,63.1,0.8,0.3898392382920537
013M781390,13.24,42.8,0.3,0.38980270673754286
023I783296,19.66,103.9,0.4,0.38979821087578037
013L783116,10.7,62.9,0.3,0.38974425519265593
013M781430,13.2,87.4,3.2,0.38973755995203363
014D783503,30.95,68.9,2.7,0.3897134356452252
013M783243,12.26,122.2,1.9,0.38969774024022863
023I781011,42,81.8,1.9,0.3896948903290605
023I783287,8.35,47.4,0.5,0.3896828121223031
023J781156,17.19,142.1,2.2,0.38967820307395346
023I783174,33.31,140,2.8,0.3896762864516011
023I781240,23.98,103.6,4.2,0.38965515397005185
023I783060,32.37,135.4,1.4,0.38963380672140474
023J781071,30.58,151.7,1.7,0.3896257284881592
014D783220,20.23,63.4,4.9,0.3896235972746677
014D783171,27.6,48.4,2,0.3896097859318832
023I783045,35.61,99.8,0.7,0.3895858133317627
013M783428,35.74,111.7,2.9,0.3895762921485791
014D781402,29.91,102.7,0.5,0.3895153648250734
013M783335,19.55,46.6,0.3,0.38951503680709254
013M781220,10.77,63,2.8,0.3895126924134352
023I783083,40.37,96.6,1.4,0.3895025635564624
013M781047,42.7,130.5,3.8,0.38948009601555444
023J783038,35.12,130.2,4.1,0.38947845406806897
023J783219,30.02,80.1,0.5,0.38947533734986145
023J781215,32.17,56.9,1,0.38946207283578854
023I783249,17.31,150.4,1.5,0.38941507278558285
023J783067,20.8,134,2.1,0.3894069738962888
014D783050,39.3,150.9,2.2,0.3893901180728373
013L783036,39.88,149.1,2.1,0.38938127189010174
013L783074,9.93,82.1,0.3,0.38936322048200483
013M781040,16.64,61.6,4.5,0.38935476050883944
014D783117,21.63,44.2,1.5,0.3893390529085266
013L783126,11.8,98.3,0.4,0.3893309168958545
023I781019,37.9,83.1,1.1,0.38931025838907807
023I823020,30,115.7,0.6,0.38929450797635207
023I821023,28.33,111.1,0.6,0.3892907369233741
013M783292,9.64,40.1,0.7,0.3892369841298324
013L781005,26.07,51.1,0.6,0.38923654529793766
014D783070,30.3,66.3,1.4,0.3892253512566904
023I783105,37.11,99.7,3.1,0.3892212636478964
013L783338,11.9,47.2,0.3,0.38918303234230417
013L783192,25.75,103.9,0.4,0.3891426739332713
013M783039,8.69,39.1,0.7,0.3891337038146531
023I823065,35.59,105.9,1,0.3891041312247874
013M783365,35.77,118.3,2.9,0.3890915239924977
014D783505,29.18,55.6,2,0.3890768954966367
013L783154,32.25,135,1.3,0.3890694847191612
014D783440,43.81,97.6,2.5,0.38904817106000783
023J783049,18.04,155.2,1.8,0.3890321632798449
014D783031,7.46,52.5,1.3,0.3890004130982999
013M781579,9.67,41,1.4,0.38899135641539284
013M781136,11.43,80.9,3.5,0.38898436017286797
023I823042,27.41,77,0.3,0.38897070790198207
013M783336,14.11,35.1,1.3,0.3889573588076918
023J783210,34.3,124.3,0.7,0.3889349505038493
013L783395,22.8,44.9,1.8,0.3889310892156631
023I823029,33.23,81.2,0.5,0.38891208021951024
023I781185,14.84,42.9,0.4,0.38885312539928124
023J781294,16.26,133.2,1.7,0.3888393183244778
013L783240,14.87,40.7,0.8,0.3888329836764595
013M781137,9.32,66.7,2.1,0.38881612542591876
013L783246,8.69,55,0.3,0.38881382888004906
014D783542,30.28,60.8,2,0.3888097987254085
014D783619,13.16,38.6,0.4,0.38879902146194983
013M781456,33.09,75.1,3,0.38879848139598067
014D783420,28.48,50.8,1.4,0.388742481626034
013L783115,19.33,116,0.6,0.3887411651485597
013L783226,19.24,43.1,0.4,0.3887392457717841
014D781127,10.32,53.3,2.8,0.38873385422349593
014D781033,34.71,91.7,2.9,0.38873022845504807
014D783520,33.25,66.3,1,0.3886966402414756
013L781143,10.78,97.9,0.8,0.38869148879865445
023I823030,28.71,113.1,0.6,0.3886528748480887
013M783265,9.24,94.1,0.9,0.3886443437390507
013M781542,22.99,134.4,2.2,0.3886224488036981
023J781097,40.19,97.9,3.5,0.3886063974326617
013L783344,10.66,69.6,0.5,0.38860474638750636
013M783268,10.57,69.3,0.5,0.38860474638750636
013M781189,23.74,125.9,3.9,0.3885957800877792
013M783042,8.24,61.5,0.5,0.38855119866150817
013L783259,16.45,78.4,4.6,0.38854525283420527
023J781118,16.26,124.3,0.7,0.3885149469698142
013M781458,23.23,106.8,3.8,0.3885026486852019
014D783165,18.41,126.1,3.6,0.38847948546047045
013M781596,22.18,70.2,3.8,0.38844377623951604
013M781500,7.89,57.1,0.6,0.38841747224200746
013M781296,11.41,111.3,2,0.38841658972052934
013M781190,16.47,71.4,4.6,0.3884121065325798
013M781273,20.76,45.7,0.5,0.38841190142291837
013L781027,21.14,52.2,0.3,0.3883843802200901
023J783094,36.23,147.3,2.2,0.3883588209159882
023J781319,36.34,126.1,3.7,0.38832241504581905
013L783197,37.05,78,2.1,0.38830635621080617
013M781230,13.57,75.9,3.6,0.3882986650887049
013L781065,10.88,58.8,0.3,0.3882690084769956
014D783098,7.98,73.9,0.7,0.3882545879808675
013M783016,12.15,115.6,1.5,0.38818209924099484
014D781393,32.04,119.6,0.8,0.3881776386514456
013M781309,19.34,130.5,1.4,0.3881618754395204
023J781172,11.26,68.4,0.4,0.3881553250147808
023I783030,16.63,112.5,0.5,0.3881304587216072
023I823019,33.91,87.2,0.6,0.38812584914906645
014D781123,21.88,84,5.2,0.3881222087282498
014D781042,43.4,124.4,2.2,0.38811280750463123
014D783047,34.38,79.4,2.3,0.3881104807812291
014D781238,28.24,76.5,4.8,0.3881041711828622
014D781124,26.53,79.5,5.2,0.388101354741054
014D781251,26.99,60.9,3.7,0.3880854267371745
014D781386,19.75,41.8,0.7,0.38807670257220017
023I781255,12.64,40.9,0.6,0.3880697100808138
023I823049,24.77,105.7,0.6,0.3880653370978721
013M783266,9.79,85.8,0.5,0.38804416281154436
013L783342,16.09,117.5,0.5,0.3880400006529428
013M783026,17.07,145.2,1.7,0.3880327927885516
014D781088,24.34,82.2,5.1,0.38801173383523563
013M783402,18.13,126.9,3.2,0.38799008517032524
013L783394,32.76,68.1,1.3,0.38791911499638276
014D781343,33,118.8,0.7,0.387892785783851
013M783288,21,41.5,1,0.3878457715847302
023I781014,30.41,136.3,2,0.3878029186744309
014D783540,30.87,68,1.2,0.38775863204973665
023J783136,23.64,106.8,3.4,0.38774036222517927
014D781110,22.61,67.4,3.4,0.38773123120471376
023J783178,16.68,43.2,2.7,0.38768283650441254
023I823054,31.54,116.8,0.7,0.38767798950138294
013M781323,26.49,125.6,4.7,0.387676715466033
014D783329,34.56,89.9,3.8,0.3876563923259664
014D783344,26.16,56.2,3.9,0.3876432920222232
023I783185,23.1,125.5,0.7,0.3876367323423865
013M783277,10.56,78.2,0.5,0.3875729498476267
013M783251,13.95,87.8,3.4,0.3875722767641579
014D781020,29.91,100.6,4.3,0.38757046064108
023J781287,18.63,124.9,3.1,0.3875413760643757
023J783082,28.27,113.2,3.7,0.38753583607543524
013M781520,10.81,44.6,0.5,0.38753490842889016
023I783349,17.03,105.9,0.4,0.3875338718403283
014D781085,23.24,118.6,4.3,0.3875164049721897
013M783476,22.49,70.1,4.1,0.3874952749453721
014D783125,34.32,116.4,3,0.38747423402371556
023I781033,36.42,134.1,1.9,0.3874553066089056
023I783183,27.85,64.9,0.9,0.3874467743334718
023J783089,22.31,115.2,4,0.3874456467285171
013L783396,27.12,60.2,4.2,0.38738914904787297
013M781385,19.93,46,0.6,0.3873819298777156
023I823035,25.24,103.2,0.4,0.3873687236517618
013L783018,9.41,88.4,0.7,0.3873420194294525
014D783111,19.59,129.3,2.6,0.38733115434879484
023I783177,34.75,122.9,3.6,0.38732884428231606
014D783074,26.61,95.9,0.4,0.38725872754205143
013M781478,13.48,43.3,0.6,0.38722467493345153
014D781300,13.68,46.1,2.6,0.38719563607008534
023J781160,33.94,74,1.1,0.38716302416703363
013M783345,17.61,75.2,4.8,0.3871530991005562
014D783514,41.14,93,2.3,0.3871101056085522
023I823053,30.96,113,0.5,0.38710511988257124
013M781537,14.52,83.2,3.9,0.38709739610817945
014D783477,28.52,105.2,3.8,0.3870959852820446
014D783130,22.22,111,3.1,0.38705484821600233
014D781449,25.86,121.7,0.5,0.38700387618976234
013L783340,8.79,45,0.5,0.3870015641059726
013M781026,22.35,115.6,3,0.38697371084714793
013M781368,10.86,41.8,1,0.38695930152101
023J783055,38.89,127.3,3,0.3869247492319751
013L783249,15.11,105,0.8,0.3869236919359653
013L781150,17.37,135.1,2,0.3868925936723534
014D781170,18.21,75.4,4.6,0.38689019157461
014D783368,29.51,93,3.7,0.3868893437645465
013L781019,9.1,58.6,0.3,0.3868718024808464
014D783127,34.48,85.6,2,0.38686427675206164
023I783112,35.37,109.3,3.4,0.38686275653890445
023I823050,23.33,64.9,0.3,0.3868531819088948
013M783053,8.91,91.8,0.7,0.3868242406962927
014D783318,30.9,66.6,1.8,0.3868167308928323
014D783062,36.56,111.3,1.4,0.3868027123674962
013M783123,28.07,114.4,4.1,0.38680160405767683
013L783266,9.01,48.9,0.6,0.386790017749588
013L781094,12.44,43.8,2,0.38678925285913485
013M781595,19.73,91.1,4.9,0.3867876336282251
023J781257,24.04,48.5,0.5,0.3867861688942039
023I783053,22.08,76.1,0.3,0.3867760829799802
023I783388,23.94,116.5,0.7,0.3867745618890606
014D783013,36.14,90.6,1.4,0.3867738501748137
014D783360,28.8,58.3,2.2,0.3867594886424474
023J781195,41.21,108.9,1.5,0.38673389234769445
014D783323,32.32,63.5,2.5,0.38671327515624054
014D781157,28.09,114.3,4.4,0.38667486674490553
013L783267,15.98,117,3.1,0.38667354691880546
014D783518,34.01,74.5,1.5,0.3866539683687867
014D783158,12.37,49.5,2.6,0.3866389032554756
023I783205,13.83,72.5,0.3,0.3866164040113824
013M781274,10.33,50.2,0.3,0.38657136317489915
023I781212,11.61,94.3,2.3,0.38652678856172296
023I821038,21.71,91.8,0.3,0.38652442164717205
023J781262,30.05,78,0.9,0.38652031162761885
013M781466,37.18,83.6,3.5,0.3865179695411472
013L783137,14.87,107.3,1.4,0.38650801265121565
013M781573,15.16,97.6,3.5,0.38648992557619644
023J783282,36.51,135.4,2.3,0.3864877903973455
023I783011,36.54,134.6,2.3,0.3864877903973455
013M781538,10.73,80.7,2.6,0.38648465190698766
013L783332,33.16,76,2.8,0.38645449830769196
023I821024,30.39,88.9,0.5,0.38640166127587444
014D781103,21.56,73.5,3.2,0.3863921051952938
014D781228,8.83,70.1,1.9,0.386387221698495
014D781039,27.49,60.5,3,0.38635369637216993
023J783124,21.17,113.4,4,0.3863432803516308
013M781447,22.43,47.8,0.7,0.38630450777509545
014D783572,20.78,41.6,1.3,0.38629971500716653
014D783239,26.58,47,2.3,0.38629692245101854
013M783291,9.51,39.7,0.8,0.38629557791644487
013M783182,10.77,76.2,2.5,0.3862653326563918
014D783402,41.8,99.3,2.5,0.3862561721456209
013L783339,14.01,95.9,0.4,0.38622856308474335
023I781280,41.84,92.1,1.9,0.38622852044060646
013M783437,22.89,69.2,4,0.3862272197961952
023I783220,13.02,87.1,0.3,0.38622247724764075
023J783099,27.86,140.5,1.9,0.3862219304583624
023I783158,36.21,111,1,0.38619947027788637
014D783616,29.86,57.1,1.8,0.3861933001954223
013M781451,12.73,44.2,0.6,0.386159836270902
023I781153,11.29,107.3,1.2,0.38615903570926047
023I781012,31.77,145.1,2.2,0.3861551110853639
023I783344,26.28,120.9,0.6,0.38613101390007387
023I821027,32.9,102.8,0.7,0.38611658809594124
023I821009,33.16,86.6,0.9,0.3861010591473237
013M781327,27.33,106.2,4.2,0.3860977298301522
013M781571,10.63,100.4,1.3,0.3860903511894404
014D783422,34.57,84.9,1.3,0.38608386002471023
013M781416,10.11,40.7,0.9,0.38608175654357196
023I783395,34.3,129.2,1,0.3860215094440811
023I783207,19.34,115.9,0.7,0.3860091691429048
014D783168,30.19,85.3,3.6,0.3859703417347194
014D781014,27.9,116.9,3.4,0.3859587916144818
023I821040,12.63,70,0.3,0.38594205317781977
013M783435,16.09,117.2,3.5,0.3859390330986976
023J783211,33.42,103.7,0.8,0.38593869076947745
013M781193,23.23,70,3.7,0.3859322744447291
023I783102,36.7,82.6,1.7,0.38593106821055656
014D783016,30.59,69.6,1.3,0.385903858686043
013M781127,32.74,69.2,2.4,0.38590240828501465
014D781382,28.94,64,1,0.3858776131327408
013L783222,8.86,53.7,2.2,0.3858748007535463
023I783365,31.85,109.3,0.6,0.38583500195879766
013M781465,15.18,57.2,3.3,0.3858216727103254
023I781072,41.59,126.4,1.5,0.38581633120298087
014D783140,35.84,84.7,2,0.3858159393740113
023I783171,30.65,112,4.5,0.3858158080427141
014D783500,24.51,47,1.5,0.3858149224766754
014D781517,12.81,85.9,0.3,0.38581182579384043
023J783056,23.39,101,0.5,0.38578705881716413
013L783175,27.26,63.5,4,0.38578235294821034
014D783454,14.94,46.6,2,0.38577442388027344
013L783232,13.6,103.1,0.7,0.3857724308558077
013M781160,17.84,95.4,4.5,0.38576232971424695
013M781420,20.76,46.1,0.7,0.3857617294400121
014D783284,14.27,40.7,1.6,0.38571254606720307
023I781099,24.98,57.2,4.5,0.3857030789828656
013M781462,24.88,53.6,3.6,0.38568296965751175
023I783055,20.62,100.5,0.4,0.38567735477816706
013M783009,31.57,122.4,4.3,0.3856579727768859
023I783325,38.56,132,1.5,0.38565776503524235
013M783177,17.7,100.5,4.1,0.3856550350196096
013M781540,13.83,114.4,2.1,0.3856359866843365
014D783314,35.63,106.9,2.2,0.3856057260475789
013L783012,7.99,71.4,1.6,0.38559987389627687
013M783043,12.82,98.7,0.5,0.3855975233060214
014D783488,34.22,102.7,1.3,0.3855880069625883
023J781176,31.55,113.2,0.7,0.3855854722362905
023I783078,28.24,101.3,4,0.38552885664692776
013M783322,29.23,62.1,1.5,0.3855081801755095
013M783113,11.86,58.2,3.5,0.3855044600530605
013M781452,14.02,46,0.6,0.385503265348367
013M781552,19.03,125.9,2.9,0.38549394392875785
013M781124,30.57,67.8,1.9,0.38549123335757124
023I783357,13.1,44.2,0.6,0.38548857636875
013L783183,15.16,46.4,0.4,0.3854794702125567
013M783190,10.65,40.4,1.3,0.3854530426968588
013M781566,20.84,119,3,0.38545170222395475
023I781175,8.22,52,1,0.38542902166147586
023J783222,17.42,115.5,0.4,0.38541958177395896
013M781394,13.48,97.8,0.5,0.3853691505138962
014D783325,33.46,78.2,3.5,0.3853676667856223
023I783314,27.84,132.9,1.1,0.38536401442832696
014D781440,33.82,94.1,0.7,0.385357460552241
023J781162,13.72,42.2,0.5,0.3853113320078758
023I783216,17.44,126.6,0.8,0.38529375689578665
014D781475,27.07,48.6,0.8,0.3852694149811915
014D783159,23.3,108.2,4.2,0.385257652579227
023J781147,9.63,56.6,2.5,0.38525399283778333
013M781563,20.92,106.1,3,0.3852497966855275
013L781032,14.06,44.7,0.4,0.38524963443685356
023I781017,41.05,124.7,1.8,0.38524828452573606
023J783065,26.99,106.4,3.1,0.38524404723060796
023I781199,26.95,132.4,1.1,0.3852177806296027
023I783043,12.82,71.4,0.3,0.3851942282475962
023J781275,27,129.7,3.2,0.38518851085019296
013L783372,19.51,44.4,0.7,0.3851778568153069
013M783276,12.08,69.6,0.4,0.3851091107319074
013L783185,39.81,118.6,1.7,0.38509215471268904
014D781407,25.3,61.5,0.4,0.3850766540517132
013M781356,8.62,79.8,0.7,0.38504367773744114
023I783039,15.09,91.7,0.4,0.3850349824974116
014D783603,15.01,51.6,0.3,0.38503465423052213
013M781096,11.09,87.3,2.3,0.38501848271487504
013L783298,12.62,108,0.7,0.38500389252432465
013M783442,14.52,71.4,3.2,0.38498514033967607
023J783102,25.07,106,2.8,0.3849369330725882
013M783333,18.63,41,0.7,0.3849366259885364
013M783193,9.68,97.1,1.2,0.3849330592769399
013M783272,10.06,52.6,0.3,0.3849294926747584
013M783409,25.55,112.9,4.6,0.3849267220462089
013M783450,11.9,86.1,2.4,0.3849238564949664
013M781483,12.02,86.4,0.5,0.38492220608210526
013L783177,28.69,87.8,4.1,0.3849068737631526
023J783199,30.28,117.3,0.7,0.38489176735011515
013M783258,13.22,113.1,1.2,0.38487294972799857
014D783283,36.82,82.2,3.8,0.38487174970975757
014D781344,35.38,110.4,0.9,0.3848682639461786
013L783103,11.46,79.3,0.5,0.38486031227541434
013L781100,10.98,82.8,0.4,0.3848467658693019
013L781022,14.86,90.9,0.6,0.3848177866433279
014D781495,26.78,70.9,0.5,0.3847955165663292
023I783379,28.82,82.1,0.5,0.3847903688830323
013M783066,22.88,115.8,2.7,0.38476376175651267
013L783180,10.98,49.1,0.6,0.38474534309306985
013M781425,28.17,56.9,1.5,0.3847337396495623
023I783338,27.97,121.2,0.7,0.38473276284426766
013L783122,19.12,113.9,0.6,0.3847284337969346
014D781492,12.55,43.5,0.4,0.38472400251028627
014D783157,26.97,113.1,4.5,0.38467885340476793
013L783055,34.15,81.4,1.4,0.3846614039551408
023I781257,25.04,108.4,0.6,0.3846573756240226
014D783424,19.64,42.7,1.2,0.38463257708087234
023I781016,36.95,119.7,1.6,0.3846282821757277
013L783169,31.23,76.5,0.8,0.38462295300604427
013L781103,10.36,44.5,0.5,0.38461180500788655
023I781183,16.04,44.5,0.3,0.38460704832500253
013M781107,25.28,52.1,3.3,0.3846028331724313
023I783024,27.44,124.3,0.6,0.38458744203418344
023I783199,21.58,66.7,0.4,0.38458207433386965
023I781275,38.91,100.7,1.9,0.38449923904531097
014D783611,13.93,44.9,0.4,0.3844774120689201
013L783202,29.74,108.9,4.5,0.3844675062493773
023J783277,26.27,144.3,1.8,0.38445716892374837
013M783049,12.79,104.5,0.9,0.3844537614650719
014D783048,31.85,116.7,3.8,0.38444714469382596
014D781034,28.72,92.4,3.2,0.3844462201815538
013M783443,12.82,69,2.5,0.3844453213680644
014D781485,24.46,70.5,0.6,0.3844381261554957
023I823005,21.91,103.5,2.6,0.38442400719247716
023I781206,22.4,71.8,3.1,0.3844220435783228
013L783355,9.86,43.1,0.7,0.3843805690776402
013L783072,11.9,70.8,0.4,0.38436624756799265
014D783525,27.79,56.9,1.3,0.3843600873212989
014D783038,30.58,130.4,4.4,0.3843559596421999
014D783649,26.6,49.1,1.5,0.3843094704077034
023I781286,34.04,126.5,1.4,0.38427649361314875
014D781316,23.35,66.2,3.9,0.38425058408063717
023I821042,19.67,72.1,0.3,0.38423208589481694
014D781079,16.19,103.9,2.5,0.3842129890157625
013L783063,20.01,130.8,2,0.3842089385835555
023I783034,28,114.4,0.7,0.3841210691744111
023I783212,19.86,129.3,1.1,0.38412063560200804
013M783058,19.97,127.4,1.2,0.3841125636810926
013M783132,9.04,71.4,1,0.3840769911172149
023J783050,28.8,140.1,2.2,0.3840732929796472
023I783260,13.2,51.9,0.3,0.38406957952592624
013L781026,13.67,53.1,0.3,0.38405631045409205
013L783333,13.69,53.5,0.3,0.38405631045409205
023I783196,14.84,60.9,0.3,0.38401806926054427
023I783290,10.86,67.8,1,0.38401727978614664
023I783387,31.25,119.4,0.8,0.384013498698059
014D783296,16.28,49.6,3.8,0.3839994499593435
013M783178,31.89,107.5,3.3,0.3839557184677419
023I783036,22.69,98.4,0.6,0.38394117625039204
013L783300,13.61,94.3,0.5,0.38388870871782144
014D783051,40.31,130.6,1.6,0.3838596673644147
013L783099,16.89,77,4.1,0.38385778357411565
014D783648,9.11,56.7,0.6,0.38383598914386985
013M781338,11.6,48.7,2.2,0.38380367577139685
013M783377,34.33,109.9,2.7,0.38375923689205527
014D783078,15.21,47.7,0.6,0.3837511951569575
014D783010,28.81,78.1,0.8,0.38370352818706677
013L783208,17.25,110.1,0.5,0.383694718667298
014D783018,35.12,106.5,2.2,0.3836881113825814
013M781157,15.08,47.7,1.9,0.38366656752500145
014D783087,30.92,116.3,3.5,0.3836322431400781
013L783384,15.24,42.2,1.3,0.3836314792212806
013M783253,10.61,73.6,1.4,0.3836060682293617
023I781132,12.35,113.3,1.6,0.38360386395930346
013M781550,13.37,95.1,2.5,0.38358785253679917
023I781214,14.75,114.1,1.3,0.38358732734909085
023I783272,11.84,49.2,2.2,0.38358286263335767
023I783195,16.18,68.5,0.3,0.3835649756743127
014D781145,16.5,64.4,4,0.3835599541344275
013M781414,21.6,59.6,3.3,0.38353825271676095
013M781531,21.62,64,3.9,0.38353823127623143
023I781162,10.68,91.7,1.2,0.3835291306590611
014D781467,32.88,72.3,1.1,0.3835182625841239
013M783018,11.48,110.1,1.5,0.3835173100139332
013M781415,11.58,61.4,0.6,0.3834433020208375
014D783586,17.18,45.4,0.4,0.3834122087288041
023I781138,12.73,107,1.2,0.3834067773255795
013M781410,10.56,66.1,0.7,0.38339971121862987
013L783210,14.54,63.2,0.3,0.3833892552763773
013M781349,25.44,72.8,4.3,0.3833477768860562
013M781569,9.76,76,2,0.383343217146203
014D781082,32.69,91.1,0.7,0.38333958153496334
013L783323,13.91,45.6,0.5,0.38333284089832703
013L781112,16.45,68.8,0.3,0.3833312916203105
014D783522,12.36,40.6,0.8,0.383316853772269
013M781389,11.15,62.7,0.4,0.38331102841275033
023I783354,10.51,60,0.6,0.38330542835021136
013M781195,21.11,84.3,5,0.38329431942587394
013M781237,11.94,104.5,1.8,0.38327258260741803
023I783198,22.6,58,0.4,0.3832166799268969
014D783599,16,107.4,0.6,0.3832128458755275
023J783091,28.04,63.3,1.2,0.38318916914461904
023I783369,24.26,121.1,0.8,0.3831700236564919
013L783166,27.35,131.2,1.1,0.3831431302992661
023I781258,33.56,94.1,0.6,0.3831426210493349
023I783143,29.14,93.2,3,0.3831349990923949
013L783190,11.36,102.5,1.2,0.38311696685083324
013M781340,14.58,52.4,2.9,0.3830924920209417
023I783191,25.85,100.7,0.6,0.38307431954897475
013M781502,7.85,53.3,0.8,0.38307014097857844
013L783053,20.19,100.4,0.6,0.3830701305925703
023I781182,16.06,46.5,0.3,0.38306842002850816
014D783428,39,98.5,1.5,0.3830668505125962
013M781568,8.72,64.2,1.9,0.38304008850974197
014D781450,15.31,57.7,0.3,0.38303011107053275
013M783363,16.26,100.9,2.8,0.3830285629895567
014D781151,21.53,81.2,4.6,0.3830188434238326
023I783114,26.69,119.1,0.8,0.38301631372533324
013M781409,9.67,68.3,0.8,0.3830150983320422
013M781240,19.83,115.2,2.9,0.3830089579613005
023I781103,29.62,79.8,0.8,0.38300100311404645
023J783213,27.83,82.5,0.6,0.3829986242239293
013L783100,19.14,116.3,2.7,0.3829900276080872
023J781307,39.6,129.5,1.5,0.38298691278787506
013M781239,22.89,78.9,4.4,0.3829816547801342
014D781152,20.57,80.1,4.7,0.3829776071206775
013M783219,21.16,121.7,2.5,0.3829566942278739
014D781156,14.59,58,3.4,0.3829542992970238
013M781331,11.71,98.2,0.9,0.38295416690828576
013L783243,14.47,48.1,0.6,0.38294193593214165
023J783217,25.63,76.4,0.5,0.38293976156646303
023I821010,31.84,102.5,0.9,0.38290136292655874
014D783163,11.36,49.5,2.2,0.38288122147301906
023I821034,25.74,93.9,0.4,0.38287228005775154
023I783337,32.31,85,0.8,0.3828701629849404
014D783343,14.25,80.5,2.8,0.38286925820128065
013M783405,13.73,68.3,2.7,0.3828583225069444
013M781513,14.95,46.5,0.9,0.3828561834005501
014D781399,26.74,86.6,0.6,0.3828512393410505
013M781459,11.83,68.8,2,0.3828287988587448
014D783380,31.36,64.8,1.8,0.3828200479882722
014D781185,22.28,93.4,3.6,0.3828048725211822
014D783482,27.15,84.1,4.9,0.38279131454914567
023I781249,21.08,74.1,0.4,0.3827775012146466
014D781463,33.66,95,0.9,0.3827759132192286
013M781123,13.92,49.3,2.6,0.38274093713994184
014D781037,27.85,86.4,3.4,0.38273398644837586
023J781159,21.41,52.9,0.5,0.3827303720167641
023I783110,33.22,131.3,3.5,0.38271387625593406
023J781299,35.04,109.6,2.7,0.3827052253783969
014D783263,26.41,66.3,3,0.3827021375204286
023I821030,36.59,96.1,1,0.38269044752015763
013M781477,12.67,41.9,0.7,0.3826841779413063
013M783278,10.61,73.5,0.8,0.38268226235322095
013L783379,21.88,74.4,2.8,0.3826535951303554
013M783471,14.79,48.4,2.4,0.3826311173848908
014D783160,31.85,89.8,2.7,0.3826050120669914
014D783080,8.6,50.7,0.9,0.3825996481470107
013L783263,10.81,72.6,1.2,0.3825994554658541
013L783145,25.68,90.7,0.5,0.3825848362797613
014D783600,28.68,107.2,0.8,0.3825746091337788
023J781285,36.77,98.6,3.5,0.3825739590055922
014D781282,38.25,94.6,2,0.3825707110556779
014D783118,23.97,65.3,4.2,0.38257044131165496
014D783291,26.22,77.5,3.7,0.3825689734166718
023J781249,31.87,72,1.2,0.3824571934404578
014D781374,29.1,71.7,2.6,0.3824343906123713
014D783596,25.86,78.3,0.4,0.3824336447097169
013M783033,12.14,98.4,0.9,0.38239714476648673
013M781419,36.94,85.1,2.3,0.38237911670799307
013M781055,15.74,95.8,3.6,0.38237801245011716
014D781403,21.36,76.3,0.4,0.3823665025572859
023I783111,26.32,101.2,3.4,0.38234519593520694
013L781117,20.04,98.7,0.4,0.38233852724376255
013L783279,12.97,42,0.9,0.38233231931839984
014D781359,20.59,45.2,0.8,0.3823286982306547
014D781354,26.24,68.5,0.7,0.3823247887529941
023J781109,27.35,91.7,3.6,0.3823229390722923
014D781167,29.67,108.6,4.1,0.3823066063738357
013M781034,19.77,122.9,2.4,0.38227873320088324
023I781109,31.59,95.1,0.8,0.3822755792151814
013M781359,9.44,65.1,0.4,0.3822510883999204
013L783037,17.02,129.6,1.1,0.38223088715453224
023J781150,17.3,66,3.8,0.3822173399148837
023I783217,22.14,102.7,0.7,0.382201453599884
013M783003,13.7,86.1,0.6,0.38218420202479336
023J781317,29.81,121.9,3.8,0.382144365005537
014D783511,35.83,99,1.5,0.3821284665059928
014D783287,26.66,69.2,3,0.38210096716552777
014D781166,31.14,116,3.9,0.3820681561116868
014D783216,21.43,56.3,3.3,0.38205371542645356
023I781133,14.19,113.5,1.5,0.38204440525758054
013L783120,13.32,92.2,2.3,0.3820433715061524
023I783294,10.1,40.9,1.2,0.3820364947104442
013M783260,9.48,59.3,0.5,0.38200555263400954
013M781486,22.34,87.5,3.3,0.38198619243440396
013M781418,30.36,71.7,1.9,0.381985335727946
013L783143,17.9,65.4,0.2,0.38197756201059696
013M783312,17.14,67.6,3.7,0.38197196313082604
023I783304,13.5,89.9,0.4,0.38196929535919405
013M783037,15.54,116.1,1.2,0.38194596858851143
023I783080,39.19,114,1.9,0.38194582574818553
013L783390,13.92,72.5,0.6,0.3819197040579105
014D781404,24.16,93.4,0.5,0.3819065082914085
013M783270,9.44,73.6,1.1,0.3818899625572634
023I781229,15,91.7,2.1,0.3818898658652349
014D783131,32.22,98.6,3.1,0.3818858075400856
013M781402,11.85,67.5,0.9,0.38187510355961146
023I783164,34.07,114.3,1.8,0.3818711194041532
013M783296,9.76,62.7,0.5,0.3818516737830942
023I783192,20.56,51.8,0.6,0.38184865861931
013M781148,12.95,69.8,2.3,0.38184319691056273
013L783293,9.42,47.1,1.1,0.3818430295019992
014D783658,20.09,43.4,1.6,0.38183672541414626
013M781399,11.22,63.8,0.4,0.38181977340980006
013M781080,16.75,118.7,2.5,0.3818138455991248
014D783288,25.39,68.5,3.8,0.38180775004786544
023I781034,34.28,127.8,2.6,0.381795989045414
013M781450,15.2,51.5,0.4,0.3817853999577789
013M781397,13.15,69.5,0.4,0.3817796425619593
013M783477,15.33,63.2,3,0.38177909846104846
013M783316,14.02,85.8,0.6,0.3817733803818132
013M783144,11.79,45.5,1.9,0.38176972328336545
013L783149,19.02,128.1,1.3,0.3817641556606596
013M783420,14.17,68.7,2.5,0.3817428143337229
013M783019,13.8,103.4,1.1,0.38174186624935236
014D781493,26.23,89.9,0.6,0.3817302219944085
014D783627,30.14,110.3,0.7,0.38164581819257143
013L783184,10.23,61.2,0.4,0.38163384245566273
013L783032,8.85,77.1,1,0.3816123581158205
023J783284,35.11,94.9,1.3,0.3816033424842748
014D783587,23.83,59.2,0.6,0.3815699534763333
023J783204,33.26,120.6,1.3,0.3815627879143746
013L783213,13.52,73.8,0.6,0.38155328153415213
014D781027,37.22,122.6,2.2,0.38155287734885773
014D781234,24.46,83.1,3.7,0.38152931745921825
023I781186,32.47,82.3,0.8,0.3815098476153207
014D783217,26.44,114.7,3,0.381498364013955
023I781107,31.16,113.3,0.8,0.3814911425955612
013M781329,19.87,89.9,4.2,0.3814863628804106
013L783271,10.83,53.9,0.5,0.3814526933576775
013L783228,15.18,49.6,0.4,0.38144709471544735
013M781032,15.32,43.2,1.1,0.38140116121286766
014D783099,13.49,43.9,1,0.3813999220532868
013L783260,21.37,51.9,0.5,0.3813663608222363
023I783187,24.11,82.8,0.4,0.3813662789430393
013L783377,30.59,75,2.5,0.3813461184251064
013M781333,13.32,92.4,2.2,0.3813367864067724
014D783374,33.72,77.8,2.2,0.38132020626038754
023I783310,20.24,57.9,0.3,0.3812863748319718
014D783035,13.18,69.6,2.2,0.38124205777942277
014D783231,18.24,59.4,4,0.38121907281619977
023I783215,20.22,70.5,0.6,0.3812104320341054
013L783275,15.04,76.1,0.6,0.3812091143228828
014D781453,24.42,81.4,0.5,0.38120809099073816
013L781033,19.38,48.2,0.5,0.38120102563051667
013M781254,10.68,49,1.9,0.38117798146733267
013M781369,8.8,52.2,0.9,0.3811776673070337
013M783255,9.76,79.5,1.1,0.38117203580434633
023J781247,24.12,79,0.6,0.3811622351030659
023I781120,16.78,65.7,3.2,0.38116172078892974
013M783293,13.4,68.8,0.9,0.38114686687354526
013M781025,21.98,88.4,3.3,0.3811405367973415
023J781114,24.63,126.9,1.1,0.3811298288644376
014D783647,35.52,95.8,2.1,0.3811295021988498
014D783608,22.01,79.7,0.4,0.38110852764764724
013L783320,22.2,53.7,0.9,0.3810682339386327
023I781154,12.61,109,1.2,0.38106386270216663
013M783122,14.13,71.3,2.6,0.3810407742266081
013M783005,14.33,68.5,0.5,0.3810104042323109
013L781111,22.07,61.2,0.5,0.38099617857637685
023I821050,20.77,112.9,0.8,0.38099237210706544
023I823036,22.06,75.6,0.5,0.3809585754707894
023I783213,21.6,92.5,0.4,0.3809499330519902
014D781431,16.08,43.4,0.6,0.3809490366748675
023I781208,11.95,87.3,2,0.38094831623769126
023I783316,14.95,63.8,0.4,0.38094430913532257
014D783434,35.35,87.1,1.9,0.38093437101314453
014D781411,15.16,46.4,1.4,0.38084015048825653
013M783228,13.54,102.6,2.2,0.3808235702437638
014D783017,32.5,77.6,1.4,0.38079628292201834
023I823010,18.15,104.7,2.9,0.38079510309499276
014D781380,24.23,53,0.9,0.3807402546048328
023I783167,15.58,65.1,3.3,0.38072598390949897
014D783153,24.22,86.8,4,0.38067364027996164
013M783080,9.32,70.9,1.6,0.3806732815128056
014D783265,25.25,51.5,3,0.3806442673549871
013L781058,21.96,123.6,2,0.3806393707334083
023I781096,31.6,106.2,1.3,0.3806162416796961
014D781424,13.41,40.9,1.2,0.3805863787145275
013M781506,11.87,79.3,0.9,0.38057814721657746
013M781511,14.99,62.5,0.5,0.3805645671577959
014D783089,12.64,44.6,0.7,0.3804826701028362
023I781174,12.15,42.7,0.8,0.38047315123703856
023J781302,30.79,130.8,2.7,0.38035357418415183
013M781384,14.74,49.4,0.9,0.3803310128589056
014D781022,30.87,98.4,3.9,0.38030762552604763
013L781010,21.2,49.2,0.9,0.3802802741482186
023J783063,18.77,96.4,3.6,0.38027391447922343
013M781495,16.6,41.7,1.6,0.3802688132417586
013M781140,27.98,69.1,2.5,0.3802593131313084
023J781169,36.79,94.2,2,0.3802477500786063
013M781249,12.21,98.1,1,0.38023832814814984
023J781178,18.84,66.4,3,0.3802372573062427
023I821018,13.18,83.9,0.4,0.38021606152716664
023I783267,27.75,132,2,0.38021405378206785
023J781154,21.72,83.5,3.6,0.3801898494000343
023I783115,33.22,121,1.3,0.38018814430424924
014D783642,30.28,111.7,0.9,0.38018157505700406
014D781417,27.78,64.4,1.5,0.3801790770506811
023I781013,33.28,115.4,2,0.38017244526601174
014D781168,13.23,47.8,1.9,0.38016125325147565
023I783259,12.1,51.6,0.5,0.38015133675100493
013M783299,15.45,58.3,3.1,0.3801477820476509
013M781545,11.71,75.4,2,0.3801351049006031
014D783311,28.7,73.7,2.4,0.3801227871343094
013L781156,11.81,92.1,0.7,0.38009490733496554
014D783040,25.99,120.3,1.2,0.38008489448128735
023I783347,13.97,71.2,0.4,0.3800655676518949
023I781152,10.37,76.6,1,0.38005487610720967
013M783373,14.58,74.3,2.6,0.38003730991712487
013L783129,17.66,114,0.7,0.3800092353169038
013L783343,8.69,53.6,0.7,0.3800059056782293
014D783237,21.5,87.1,3.4,0.38000553015799976
013M781610,8.43,50.9,1.1,0.3800049993733782
023I783384,23,110.6,0.8,0.3799785044691227
013L781080,10.47,62.1,0.7,0.3799763622696157
013L781110,16.41,67.8,0.4,0.3799641391481156
014D781465,15.47,48,0.6,0.37995926951085757
013L783188,14.32,66.1,2.6,0.37994716564430964
013M783463,23.77,74.2,3,0.3799398099244863
014D781387,27.53,75.7,0.9,0.3799396906105153
023I783276,14.69,72.2,0.7,0.37993413377397456
014D781112,24.31,69.2,2.8,0.379926041982407
013L783389,13.26,66.1,0.5,0.3798893195168799
023I783258,21.4,78.3,0.4,0.37988392295794227
013M781266,12.38,46.1,1.4,0.3798671744273395
013L783371,13.12,91.9,0.9,0.3798308712954653
013L783272,13.91,52.3,0.6,0.37980623062389424
023J781102,15.63,118.1,1.1,0.3797974297302159
023J781129,27.26,61.2,2,0.3797681292372409
013M783486,10.82,46.8,1.2,0.37975596445857407
023J783231,32.97,127.5,1.7,0.3797537777854156
013M781131,33.28,120.3,2,0.3797447664566027
013L781035,14.41,62.4,0.4,0.3797440861053677
013L783247,13.53,48.9,0.4,0.3797418896002813
023I781155,11.18,71.5,1.8,0.37972423936992294
023J783120,20.16,50,2.7,0.37970613162983985
013L783123,17.7,112.3,0.7,0.37970512830865866
013M783054,11.14,99.6,1.5,0.37969286920588285
013L781082,13.57,68.6,0.9,0.37969082736678555
013L783195,13.74,88.6,0.9,0.37969004929678923
014D783605,22.14,80.2,0.6,0.3796823121456573
013L783364,10.84,50,0.7,0.3796741249978049
023I781064,21.9,78,0.6,0.3796674853535354
023J781252,28.95,74.2,1.4,0.3796652322141448
014D781025,35.39,123.6,2.2,0.37963873979385127
023I783108,33.86,125,2.1,0.37961577524193063
013M783007,19.7,107.9,0.7,0.37961358421907027
013L781088,13.35,49.2,2,0.379575103022621
023I783298,15.09,65.1,0.4,0.37957452316943163
014D783322,34.67,95.1,2.6,0.37956948305720123
014D781426,10.12,41.2,1.2,0.37953673318692704
014D783526,25.43,49.7,1,0.37953417790838745
013M781534,14.53,64.3,2.7,0.3795171671235702
023I781227,12.18,81.9,2.4,0.3795078370450361
014D781075,9.66,48.9,1.6,0.37946408359960443
023J783212,25.28,85.2,0.5,0.37945481784352564
023J783189,13.9,74.1,2.5,0.3794391162676973
013M783310,18.07,75.7,3.7,0.3794330128454748
014D783218,18.14,75.3,3.7,0.3794330128454748
014D781118,25.88,100.4,3.8,0.3793752655771209
014D783096,19.58,118.4,2,0.3793313675156622
014D781429,17.07,47.6,0.6,0.37932762666227615
013M781158,9.38,59.7,1.8,0.37931154603782674
013M783194,17.55,95.6,3.2,0.37931106219802496
013L783139,19.05,96,0.4,0.37928951417536233
023I821051,16.15,91.5,0.4,0.379269894679144
013L783280,15.03,62.2,0.5,0.3792689415827859
013M781354,12.57,46.8,0.9,0.37926350811637066
014D783093,11.59,62,0.9,0.3792301440521832
013M781153,14.28,50.8,2.5,0.3791983217347792
014D783072,14.99,73.9,0.8,0.37919831420527733
013M783446,20.03,117.3,2.3,0.37918801901115085
013L781052,30.41,121,1.2,0.3791872949685762
023I781173,9.59,75.6,1.5,0.37917081649276113
023I783129,29.08,133,2.2,0.3791438910463051
013M781250,9.53,64.7,0.7,0.379134486238049
013M781270,13.59,45.4,1.5,0.37913439123483333
013L783362,22.03,78.1,0.6,0.37912665600484347
013M783376,28.73,112.6,2.7,0.3791169143742399
023I781168,11.05,48.3,1.1,0.37911360826140783
023J783066,21.88,125.4,1.8,0.3791021190904699
014D783510,13.12,46.5,0.7,0.3790718643139722
013L781116,20.18,87,0.4,0.3790598967792699
013L783054,29.13,76.3,1.2,0.37905348116341575
014D783484,29.33,122.6,1.2,0.3790522594020119
023I781268,28.83,119.4,1.4,0.37900358270130197
014D783271,13.75,45.6,1.5,0.3790033982898827
023I781163,9.46,52.6,1.4,0.3790019985245501
013M781464,15.01,49.1,1.9,0.37898870103432925
013M781496,14.53,66.2,0.9,0.37898223799056496
023I821003,25.14,108.5,0.7,0.37897525375590574
014D783613,19.05,74.4,0.4,0.378964766937687
013M781022,11.95,71.2,1.8,0.3789553517617628
023I783318,20.8,46.7,1.4,0.37894417562665594
013L783020,9.53,51.9,1.1,0.378931117863541
013L783075,11.58,53.1,0.4,0.37892723631356023
013L781069,13.79,82.6,0.4,0.3789035365553662
013M781150,12.58,69.4,1.4,0.3789002063002447
013M781152,22.04,122.4,1.7,0.3788978664121186
014D783456,25.73,75.7,4,0.37889050121545975
023I823022,23.69,84.8,0.5,0.3788843476293951
023J781128,19.93,112,0.8,0.3788657910563918
013M781400,14.44,85.6,0.7,0.37886475325937263
013M781407,22.1,120.7,1.8,0.3788645531016247
013M783131,16.45,66.5,2.8,0.37886239854693515
013L781017,19.25,66.9,0.6,0.3788529201492467
023I783377,27.15,79.9,0.5,0.3788464778609766
013L783299,20.65,92.3,0.6,0.3788457787116513
013L783294,10.12,45.2,1.1,0.37884511193789594
013M781170,17.54,118.8,2.1,0.3788057412789741
013M783079,12.56,101.6,1.4,0.37878719201736194
014D781217,25.75,71.4,4.1,0.37876816755316395
023I783320,12.05,61.4,0.9,0.3787660264199827
023I783275,12.15,56.2,0.6,0.37875474414366866
023J783068,31.43,110.9,2.7,0.37873864631449733
013L781063,12.74,49.9,0.9,0.37873568352804876
013M781519,14.1,64.9,0.4,0.37871593664572184
014D781326,27.35,68.2,1.2,0.37868679191522736
013M781403,13.73,83.8,0.5,0.3786546584036731
013M781392,14.54,51.3,0.5,0.37864683702941976
023I783122,30.67,116.3,1.3,0.37864530019304593
023J781115,14.91,83.9,2.4,0.37864200135023124
013L783203,14.54,71.3,2.6,0.3786189092278579
014D783385,25.67,55.2,2.1,0.3786138020791379
014D783147,31.78,79.9,2.1,0.37860775702074484
013M783273,12.59,83.3,0.5,0.3785981604313101
013M781454,20.21,118.7,1.5,0.37857286578079774
013L783029,12.07,92.3,1.1,0.37855966963885573
014D783095,23.17,106.1,2.1,0.3785365099301226
023I783332,27.88,112.7,1.1,0.37851585153230677
013L781109,20.64,62.2,0.6,0.3785018326321565
023I783148,17.75,69.2,0.4,0.3784959040446302
013M781386,14.49,50.8,0.4,0.37845812870448803
014D783008,27.74,64.1,1.7,0.37844867615947925
023I783202,16.45,72.8,0.5,0.37843742959116944
014D781317,14.6,53.2,2.4,0.3784320871159723
013M781383,15.31,62.9,0.5,0.37842890168189625
023I781264,27.02,107.2,0.8,0.37841792343297254
013M783472,16.97,72.7,2.9,0.37841251843283413
013L783220,15.04,60.5,0.6,0.3784091299265781
014D781149,20.58,52.5,3,0.3783963829503935
013L783223,19.15,57.8,0.3,0.37839609059667356
013M783360,12.47,66.5,1.4,0.37839192281495326
023I781271,20.22,119.5,1.8,0.3783854786014387
014D783046,26.86,60.4,1.4,0.37837242052148157
023I783373,15.76,82.5,0.3,0.3783699191643571
013M781046,26.94,101.2,3,0.3783615095662547
014D783523,26.09,55.7,1.3,0.37835415366527037
014D783307,20.93,56.5,3.1,0.37832855365763857
023J783123,17.2,103.6,2.3,0.3782951448674282
023J781263,24.59,109.4,0.9,0.37824932735537636
023J781130,33.97,95.4,1,0.3782409262018194
013L783367,11.32,60.9,0.9,0.37824027901296486
013L783044,15.99,115.5,2,0.37817417246545537
023J781293,18.86,125.3,1.8,0.3781702757864213
013M783426,34.79,98.7,2.6,0.37816056669028775
014D783126,30.89,81,2.4,0.3781351413643259
023I821045,16.64,82.9,0.3,0.37812207011660465
023I783280,16.72,64,0.3,0.37811941306209573
023I783263,24.45,95.6,0.7,0.37811934958226007
013M783267,9.72,63.8,0.7,0.3780749696284567
013L783303,12.84,82.6,0.5,0.37805663581961785
014D783497,25.45,57.7,0.9,0.37805461745241636
023I783160,32.67,111.8,2,0.3780431507896155
013M781512,14.03,51,0.5,0.3780405724163825
014D783136,22.27,78,2.7,0.3780287199032649
014D783094,12.58,59.5,0.6,0.37800996569902734
014D781279,14.71,64,2.1,0.37797187664604603
013M783078,14.4,76.5,2.1,0.3779650603061624
013M781567,9.12,77.3,1.3,0.37794454757111007
014D781349,27.17,75,0.7,0.37793605941547226
013M781535,15.11,69,1.8,0.3779308362662823
013M783314,19.87,46.5,1,0.37788210460116384
013M783191,10.96,59.5,1.4,0.3778775775039652
014D783250,25.33,64.8,3,0.3778736395917373
013M783055,11.14,71.1,1.6,0.3778367365339258
023I781139,9.64,52.2,1.1,0.3778337832312493
023I821047,23.23,72.9,0.9,0.377807176152772
014D783570,21.43,68.2,0.8,0.3778061617561389
013M781175,19.64,113.4,2.1,0.3777638243376584
023J783132,19.98,81.1,3.7,0.3777624739062123
013L781020,20.44,76.6,0.6,0.3777444743728529
013L783305,14.42,56.8,0.4,0.37773284660949724
023J781099,26.61,125.9,2,0.3777141920413005
023I781148,12.29,69.4,0.8,0.37771345090939096
013L783171,26.33,127,1.1,0.3777099025388816
023I781147,16.28,101.1,0.8,0.3776861787119301
013M783111,16.43,93.9,3,0.37767545461623525
023J783052,31.51,109.6,2.7,0.377601784156777
013L783118,20.99,100.1,0.7,0.3775485402535205
013M783233,18.47,112.6,2.6,0.3775229994092492
014D783398,27.42,65.5,2,0.3775147900475504
014D781029,30.38,80.1,1.8,0.37748242730498904
023I783150,24.82,118.5,1.9,0.3774789112812505
023I781066,28.83,112.5,1,0.3774770819877174
014D783320,31.23,77.9,1.8,0.37747697582099987
023I783128,23.97,80.2,3,0.3774744696468468
014D783313,35.23,98.1,2.4,0.37744627114226204
023I783104,20.41,116.4,2.3,0.3774454323651324
013M783283,13.33,82.4,0.5,0.3774337170846154
014D783274,12.71,64.5,2,0.37742188673998345
014D783012,18.94,45.3,1.2,0.37741791933200824
013M781431,28.55,115.9,1.5,0.37740822985604855
023J783072,22.82,105.2,1.7,0.37738977620050723
013L783155,22.59,64,0.7,0.37738517202242844
013M783411,12.53,61.7,0.9,0.3773687047202397
014D783005,13.49,53.8,0.9,0.3773635272741163
013M783127,18.82,75,2.9,0.3773448162088395
013M781437,16.32,42.8,0.8,0.3773367801757088
014D783039,27.25,88,3,0.37733337289356406
013L783318,10.85,53.4,0.8,0.37732433783444935
013L783357,19.74,75.5,0.5,0.3773128035264213
013M781565,15.88,94,2.9,0.37729997156209766
013M783136,11.48,50.8,2,0.3772958597141061
013M781562,8.92,78.2,1.6,0.37726982450301233
023J781104,28.85,104,1.5,0.37724163128978544
013M783006,18.47,107.1,0.8,0.37723953243759417
023I823004,13.27,73.1,1,0.3772328370350551
013L781043,15.78,43.1,0.9,0.37722888080452494
013M781163,15.64,86.7,2.8,0.37720260165157715
014D781076,11.75,73,1.7,0.3771889389796362
014D781004,21.74,106.1,1.7,0.3771721526431631
023I783229,20.33,94.8,3.2,0.37716709119526715
023I783208,18.22,72.2,0.4,0.37713856631952486
014D783515,28.5,75,1.5,0.37713097669593704
023I783193,20.45,49.1,2.6,0.3771292347267625
014D781392,14.99,54.9,0.7,0.37711784356867245
013L783351,15.05,68.5,1.1,0.3770732126165427
013M781536,11.65,46.7,1.6,0.3770372485578827
013L783057,19.22,81.6,3.4,0.3770161021791475
013M783134,14.35,54.2,0.9,0.37700261930163587
013L781018,18.11,114.3,0.8,0.37699680981556616
023I823015,22.39,97,0.8,0.37699259094703164
023I781113,20.38,86.8,3.4,0.3769898293370961
013M781373,13.48,54.6,0.5,0.37697957496439016
014D783429,27.17,61,1.5,0.3769656671051023
013M783431,16.21,77,2.7,0.37693697329462666
013L783209,19.28,71.8,0.6,0.37691472352794086
023I783107,27.88,129.1,2.1,0.37690188418673415
013M781453,19.37,67.1,0.9,0.37683944993361534
023I781228,14.86,68.6,1.8,0.37680418538335736
013M783432,13.86,64.6,2.3,0.3767810919143052
013L783088,26.79,75.8,0.8,0.37677027168330235
013L783345,14.27,80.4,0.7,0.3767352709407489
013L783050,15.65,73.6,0.6,0.37672968994368994
023J783183,18.39,50.6,3,0.3767161273960579
014D781056,28.33,122.6,2.4,0.3767108523458965
014D783097,14.75,94.2,1.2,0.376708950255516
013L781034,15.9,53.9,0.3,0.37669824815920383
013L783090,15.9,88.9,0.6,0.3766879832212722
014D783394,26.87,60.3,1.5,0.3766810427624574
023I781176,16.1,112.9,2.2,0.3766798401658172
013L783317,21.42,88.2,0.7,0.37667890352792843
014D781100,20.43,75,3,0.37666490962437243
023J781260,14.79,60.3,0.7,0.37665794023320986
013L781114,14.49,55.7,0.5,0.3766025872030078
023J781218,16.29,78.7,0.5,0.3765953931078135
013M783142,14.03,46,1.2,0.37659120284262626
023I783056,17.72,98.6,0.5,0.3765790031987397
013L783219,20.28,90,0.6,0.37657727352734627
013M781547,12.47,62.5,1.9,0.37655821785577703
023I783392,19.81,99.9,0.7,0.37655375581770184
014D783285,27.33,73.2,2.7,0.3765501744978388
013L781086,21.33,61.8,0.9,0.37654565734737233
013L783264,10.01,55.5,1,0.37653222919701274
023I783094,29.37,92,1.4,0.37653105939393594
023J781179,19.84,77.6,0.5,0.3764917338977475
014D783082,12.68,86,1.1,0.3764619862297812
013M783324,28.05,87.6,1.2,0.37644288415655425
013M783186,18.24,72.9,2.7,0.3764295636033656
023I781142,13.97,67.7,1.8,0.37642805835744925
023J781297,20.46,76.8,2.9,0.37642058821674385
023J781143,22.27,73.6,2.5,0.3763949817038762
014D783142,32.14,112.1,2.1,0.37638583582295015
023J783028,32.34,115.2,2.4,0.37638522714800804
014D781016,23.26,104.1,1.5,0.37638132008434866
013L781028,16.55,75.2,0.5,0.3763713563329568
013L783290,13.27,54.4,0.5,0.376363093940191
013L783329,13.02,53.9,0.5,0.376363093940191
014D783382,32.78,116.6,2.2,0.3763579180368311
023I783029,14.31,57.4,0.4,0.3763534352241593
014D783143,33.97,95.4,1.6,0.37630461770011403
013M781432,24.12,65.7,0.8,0.3763038286614046
014D783102,24.51,110.5,2.1,0.3762424517249173
023J783200,18.93,71.5,0.6,0.37622345457077017
013M781544,17.03,126.3,1.9,0.3762067400552746
023J783193,18.24,84.4,3.2,0.37619826884060653
014D781491,27.34,93.6,0.7,0.3761877030145356
014D783513,12.21,48.2,0.8,0.37615927790910575
013M781429,20.05,56.6,3.5,0.3761428142273336
023I783209,17.41,99.7,0.6,0.37613297651023225
014D781438,23.97,82.8,0.7,0.37613143729830795
014D783582,24.51,54,1.4,0.3761276125813367
014D783088,28.54,88.3,1.9,0.3761238542569991
013M783012,28.68,91.3,2.4,0.37612060542492476
023I781145,12.9,89,1.1,0.3761074711524636
023J781127,26.8,95.4,0.8,0.37610307513321967
023I783282,13.65,59.1,0.5,0.3760972095154051
023J781112,28.71,107.5,1.2,0.37609403126972124
023J781286,29.26,124.2,2.5,0.37608472663371056
013L783159,26.73,84.1,0.9,0.3760804421823279
014D781070,10.39,52,1.1,0.3760770543384345
013M783295,12.27,47.5,1.6,0.37605806047077284
014D783650,20.06,54.1,0.9,0.3760180842058947
023J781122,23.11,113.3,2.1,0.3760097315420182
013M783263,14.16,90.3,1,0.3760070253482908
013L781045,16.28,50.2,2.6,0.3759866393855263
014D783396,26.88,68.7,2.1,0.37598441351134687
013L781023,29.89,108.3,1.5,0.3759745907939461
013L781087,12.28,62.1,0.8,0.3759729027717316
014D783375,25.05,56.7,2,0.37596607655732445
014D783090,33.31,95.7,1,0.37595550299456765
013L783302,19.57,60.1,0.6,0.3759539970447156
013L783148,17.16,72.8,0.6,0.3759462972056525
013L783191,17.79,83.2,0.3,0.37593027242893917
023J781110,21.36,101.9,2.4,0.3759194584246204
013M781120,13.72,65.3,2.2,0.3758626955831375
014D781154,16.43,64,2.8,0.3758555465329839
014D783004,14.11,51.8,0.8,0.3758536197106377
023J781228,27.26,81.6,0.7,0.3758419205056416
023J783125,13.93,80.4,2.3,0.3758320175606977
013L783398,21.13,68.1,1.2,0.3758057331595124
013L781097,28.51,90.6,1.4,0.37580366224172296
014D783568,20.19,47.6,1.1,0.3757994751674277
013L783356,13.42,65.3,0.9,0.37579112284584504
013M783086,10.17,81.1,1.6,0.37579002857160754
023I781102,29,100.3,2,0.37576813311878515
013L783349,15.22,61.3,1.1,0.375767287181159
013M781205,25.39,85,3.9,0.375754099549245
023I783184,28.17,100.6,1,0.37573374106678015
013M781507,25.56,62.2,1.3,0.37571553148591186
013M783319,15.71,100.7,0.9,0.37571415041406203
023I823012,13.63,85.5,0.8,0.37571241391405813
023I781225,20.18,114.3,2,0.3756927455447996
014D781439,25.24,80.7,0.7,0.37568731922345544
023I781184,17.82,58,0.3,0.37568418175087187
013L783065,20.7,101,0.8,0.37568081547065585
013M781489,9.63,52.3,1.7,0.375680533279939
023J781266,28.85,92.8,1.1,0.37567420281541714
023I783095,24.52,112.2,2.2,0.37566472222905445
014D783543,25.68,77.9,0.8,0.37565707286508715
014D781458,24.37,74.4,0.8,0.3756480646324139
013M781408,9.54,57.7,0.8,0.37562854124708783
023J783118,23.11,109.8,1.1,0.37559558555737843
014D783598,20.06,60.7,0.5,0.3755869283613669
014D783585,18.63,51.5,0.4,0.37555912415969417
023I783236,15.1,65.7,1.8,0.37551679800459153
023I781242,24.35,53.7,2.2,0.37550642688835606
014D783075,23.11,117.4,1.6,0.375498828462484
013M783394,13.74,77.6,2.5,0.37546273510063394
013L783297,12.19,67.7,1.7,0.3754540909223598
013L783346,14.52,63.5,0.7,0.37544764335138636
013L781137,16.37,95.4,0.7,0.37541793394872897
013M781049,25.67,90.4,2.7,0.3754157797622182
013M781551,10.35,85.7,1.7,0.3753810194881641
023I783109,22.24,115.9,1.7,0.3753482603152796
014D781347,15.78,50.1,0.4,0.3753410696680773
014D781059,16.24,111.5,1.9,0.3753334561149194
023I783235,20.96,90.4,3.3,0.3752517428946244
023J781136,25.99,116.6,1.3,0.3752232563426739
014D783529,20.39,73.3,0.7,0.37521409755943974
023I783090,32.01,101.4,2.2,0.37520316872949827
013M783294,14.27,47,1.2,0.3751864844430511
023I783079,28.43,112.7,2.4,0.37518458947577443
023J781246,24.72,85.4,0.9,0.37518097989860344
023J781113,24.85,85.4,0.9,0.37518097989860344
014D783629,22.81,99.9,1,0.3751535729788077
013L783119,17.09,80.6,0.4,0.37512552442439745
013M781564,15.67,78.1,2.8,0.3750942030673575
014D783637,21.97,60.3,0.8,0.37508823621101123
013L783382,31.03,123.7,1.8,0.3750679616485842
013L783062,13.82,73.1,1.1,0.3750514003141872
013M781226,25.76,82.8,4.3,0.3750408866119596
013L783132,16.44,66.4,2.4,0.3750394658313752
013M781387,16.29,49.1,0.6,0.3750368240040547
014D781444,24.56,80.2,0.8,0.3750275322894364
014D783552,30.22,94.1,2.4,0.3750209887187536
023I781215,14.04,62.3,1.9,0.37498376604013894
013L783060,19.17,72.1,0.9,0.3749643150938264
013M783433,11.55,62.3,1.8,0.37495403508717334
023I783087,23.65,54.2,1.2,0.3749432123749036
013M781487,14.78,77.9,2.2,0.3749293286661792
013L783386,15.43,60.5,0.6,0.37491116111344347
014D783502,11.46,47.9,1.3,0.3748814709056041
013M783408,12.4,54.2,1.4,0.3748396936550404
013M781509,16.21,48.3,0.5,0.37483015701443784
014D783363,19.52,48.8,1.2,0.37482648815207475
013M783378,20.27,67.8,2.4,0.3748248480763197
013M783259,10.03,65,0.8,0.37481697056095953
013L783378,24.52,60.3,2.1,0.37481504708399677
013L783315,16.65,48.1,0.7,0.3748128562679265
023I783214,15.97,100,0.8,0.3748037285488875
013L783236,12.13,79.3,1.5,0.37480221101708466
013L783354,10.3,56.3,1,0.37479010236141014
013M781426,17.79,52,0.9,0.3747776962647894
013M783464,16.52,58.1,2.9,0.3747569702172183
014D781232,16.52,57.2,3,0.3747486468328207
023J781250,29.38,81.1,1.7,0.3747198999043188
023I781180,17.41,87,0.5,0.37471464405557287
023I783288,17.69,68.1,0.9,0.37470872667319577
014D783077,13.65,56.5,0.9,0.3746903449043092
023J783224,26.89,81.4,0.7,0.37468583780469783
023I783391,18.76,97.4,0.7,0.374680033109793
014D781071,19.93,103.2,1.9,0.3746572823051581
013M781372,15.4,57.5,0.4,0.3745906540722115
013M783147,9.85,53.9,1.2,0.3745719891368777
023I783149,29.76,101.2,1.5,0.37457076519554094
013M781149,18.03,105.4,1.9,0.3745425446597135
014D783618,13.64,49.8,0.8,0.37450843592386174
013M781355,16.1,46.2,0.7,0.37444703050031225
013L783359,18.81,62.6,0.6,0.374430539318463
014D781409,22.7,71,1.1,0.37442014368274495
013L783134,15.16,70.1,1.7,0.374413433429576
013M783424,13.06,51.3,1.1,0.37439923976618095
014D781442,18.69,65.5,0.5,0.3743799611253058
014D783299,26.92,60.9,2.3,0.37437151931282703
013L783138,19.56,91.4,0.7,0.3743684552375682
013M781282,15.65,66.1,2.5,0.37436098350873503
014D783304,14.04,51.5,1.4,0.3743522666910039
023I783359,20.65,72.9,2.5,0.37434459464610303
014D783139,27.49,76.9,2.2,0.3743166780422014
023I783228,25.58,100.5,2.6,0.3742949142374306
013L783047,23.66,114,1.6,0.37428325983548777
014D783063,30.24,110.6,1.9,0.3742736000988944
014D783129,16.71,45.9,1.6,0.37425004733050016
013M783126,26.02,66.1,2.5,0.37420633965592986
013M783040,22.08,55.6,1,0.3741849146176913
013L783111,25.68,71.5,1,0.37415794535705055
013M783062,18.16,101.6,2.6,0.37413518636710463
013M783332,15.74,53.1,0.4,0.3740871411505758
014D781026,21.31,71.4,2.4,0.374065895794903
014D781062,14.35,86.9,1.1,0.37405274794344684
023I781222,20.91,103.5,1.6,0.37405264273799066
014D783068,23.48,108.5,1.6,0.3740522418460157
014D783393,29.69,90.7,1.9,0.37396841994833135
013M783133,11.26,53.4,1.6,0.37393218007214946
014D783615,17.54,70,0.7,0.3739214966051207
013L783033,26.48,103.5,1.6,0.37391859409632855
013M783056,12.88,87.6,1.5,0.37391692601034404
014D783617,25.88,59.1,2.1,0.37390742518502407
014D783151,23.79,62.8,2,0.373902243327712
013M783262,14.16,84.9,1,0.37389260071627456
013L781089,16.07,58,2.9,0.37388329878091225
014D781469,18.88,55.6,0.5,0.3738663458369072
023I783222,19.6,107.8,1.3,0.37386464279400927
014D781074,17.57,67.7,2.3,0.3738634546102204
013M783138,22.13,63.9,2,0.3738242447026094
014D781391,15.09,64.9,1.1,0.3738210415184166
013L783056,31.97,99.3,1.7,0.3738189812256301
023J781116,26.64,92.8,1.2,0.37380223091411136
013M783059,13.63,71.2,1,0.3737940919452906
014D783388,25.94,59.1,2.3,0.37378917683457524
014D783577,12.91,54.9,0.7,0.3737676279669776
014D783110,19.47,85.2,3.5,0.3737620670418123
013M781533,13.97,78.3,2,0.3737310196594802
013M783318,13.93,72.8,1.2,0.3737188158227188
013L781030,17.88,89.3,0.4,0.3736761588231553
023I781015,26.45,120.8,2.2,0.37367354996769214
023I781233,13.01,78.9,1.9,0.37365637363737064
013M781445,21.2,58.5,0.8,0.37363311718228603
013M783300,12.7,60.8,1.2,0.37363179726596957
014D783519,17.24,54,0.9,0.3736165652262164
013L783380,21.71,55,1,0.3736103192491788
013L783363,13.46,81.6,1,0.3735780636959468
013M781377,17.77,71.8,0.6,0.3735495165479041
013M781446,22.77,64.8,1,0.3735416724170826
023I781112,26.88,109,2.2,0.37349096600321213
023I783156,25.97,122.5,1.9,0.3734716235993674
014D783560,29.39,82.6,1.8,0.37346842160834165
013M781370,17.53,101.7,0.8,0.3734490565842798
023J783190,31.49,94.5,2.4,0.3734489194084263
023I783319,13.87,64.7,0.8,0.37343511358075526
013L783239,27.5,91.6,2,0.3734256739701887
023J781217,24.1,81.8,0.8,0.3733854115346672
013L781037,16.25,63.2,0.4,0.373374591751429
014D783387,16.33,48.5,0.9,0.37333390548035683
013M783320,13.86,60.4,1,0.37320545433932006
014D783317,13.31,54.1,0.8,0.3731861831802574
014D783174,17.62,85.3,2.7,0.37316594106988055
013M783327,24.79,59.1,1.3,0.3731588898508419
014D781420,25.31,54.2,1.7,0.37311306759007135
013L783039,20.39,107.9,1.5,0.3731127325981401
014D783579,16.41,69,0.7,0.3731081520049154
013M783372,11.76,76.8,1.6,0.37310688308471907
013L783296,16.37,64.5,0.6,0.37306212931191984
014D781443,16.97,57.2,0.4,0.37301142720137315
014D783144,22.93,63.6,2.1,0.3729911265458035
014D783330,22.03,64.3,2.2,0.37291613513418187
023I783368,16.99,64.2,0.4,0.37288206905181137
013L783178,29.63,96.2,2.5,0.3728773945903883
013M783125,15.72,61.9,2,0.37287645937274205
013M783256,12.28,77.5,1.5,0.37285656686595636
014D781236,17.63,53,2.6,0.37281690368606074
013M783025,21.12,102.7,1.5,0.3728100610474134
014D783029,24.99,88,2.4,0.3728060349124034
013L783376,27.88,81.6,2.3,0.3727289433187508
014D783014,27.88,84.2,1.1,0.3727257958210217
023I783382,17.44,56.3,0.5,0.3726985901183766
023I781116,14.74,75.3,1.2,0.37267665074544687
013M781405,18.14,69.2,2,0.37265843552589495
013L783368,15.49,112.4,1.6,0.3726542365181515
014D783058,24.3,71.7,1.4,0.3726352688196234
023I783283,17.77,91.1,0.6,0.37258030375620116
013M781480,13.57,48.5,1.2,0.3725697966624654
013M783297,23.41,90.3,2.6,0.37255663251629967
023I783123,20.51,92.8,2.5,0.3725412507225072
014D781084,16.61,60,2.1,0.3725129976974182
013L783059,25.9,68.2,1.9,0.37250400898280767
013M783298,13.56,92.4,1.5,0.372494198947581
013M783139,10.36,56.1,1.3,0.37245766850750645
013M781374,17.23,51.1,0.7,0.37245426237437185
023I781166,12.97,76.3,1.5,0.3724347549859163
023I823006,14.74,98.4,1.7,0.37239544822661025
014D783071,24.15,56.2,1.3,0.3723871229292298
014D783517,25.22,53.1,1.6,0.3723778079822733
013L783131,13.04,63.3,1.2,0.37235902532378706
013M783449,18.81,85.9,2.5,0.37232362368088123
013M783434,16.36,55.7,2.6,0.3723159343510169
014D783391,24.43,73.8,1,0.37230150848611143
014D783508,29.03,84.3,1.9,0.3722874616674188
013L783370,15.86,79.1,0.9,0.372253855981138
014D783303,12.59,64.8,1.5,0.3722308388889844
014D781053,19.49,67.7,1.1,0.3722214032043251
023I783356,14.77,58.7,1,0.37219994639769016
013M783237,14.76,88.3,1.6,0.37219066352998226
013L783215,19.27,75.1,0.9,0.372169722200596
023I823013,22.92,92.5,1,0.37216965001470753
014D783614,23.77,81.2,1,0.37215721933403334
013L783136,16.93,95.4,2.1,0.3721407831795862
013M781474,27.49,85.5,2.1,0.3720719153016955
023J783110,15.12,81.6,1.3,0.37206725007417607
013L783133,16.94,96.3,0.9,0.3720351153865441
013L783325,13.5,57.6,1.9,0.3720317397583057
013L783328,16.07,52.7,0.5,0.37202084772255184
013L783268,15.93,91.1,0.9,0.3720205501865175
013M783395,19.12,101.5,2.2,0.37202005117180825
023I783345,17.9,58.4,0.4,0.3720183131468205
013L783218,18.55,56.6,0.6,0.372003267123335
014D783399,28.49,80.6,1.6,0.3719919065618177
013L783319,18.91,55.4,0.9,0.3719739993742254
014D781413,29.05,97.7,2.5,0.37192739853097
014D783567,22.7,84.7,1.2,0.37189982172958225
013M783407,13.13,76.2,1.2,0.37188952619095716
023J781295,24.54,55.8,1.7,0.3718462972008804
023I783219,20.69,82.8,0.7,0.3718268050369592
014D783453,17.36,58.4,2.6,0.37181155167151203
014D781066,21.06,88,1.2,0.37177474629230217
013M783222,13.6,50.4,1.2,0.3717668489057529
013M783106,17.09,68.3,2.3,0.37174852622124144
023I781220,19.09,108.6,1.5,0.371712881256471
023J781242,26.25,88.3,1.3,0.3717119292322457
013L783142,18.26,65.1,0.4,0.3717092253517575
013M781439,24.86,80.6,2.6,0.3717028488992065
023I781167,13.13,77.5,1.9,0.37166246517650336
013M781427,25.98,62.2,1.7,0.3716520677604389
023I823011,15.34,79.6,1.8,0.3716349705759528
013M783189,11.21,81.9,1.6,0.3715228926869559
023J783096,25.71,110,2.5,0.3715058451268615
014D783566,21.48,55.8,1.3,0.37150365826563225
013M783188,11.71,54.4,1.6,0.37148345075898836
013L781036,15.74,55.5,0.5,0.3714486990743723
013M783002,18.68,84.4,0.6,0.3714331699561484
013M781198,16.77,71.5,2.4,0.3714098520925585
013L783174,19.66,49.2,1.7,0.37138985823630427
013L783350,26.25,90,2.1,0.3713321461094
023I783315,13.99,57.5,1.1,0.3713017163095374
023I821014,26.95,100,2.5,0.3712488587443268
023J781072,27,88.9,2.4,0.3712376587834594
023I783153,27.15,109.1,1.8,0.37120380948340465
023I781159,13.96,89.3,1.5,0.3711193901343744
013M783274,17.22,84.7,0.6,0.3710907669090225
023I783068,20.78,72,1.5,0.3710766117203075
014D783009,20.41,61.8,2,0.37107532713335634
014D781423,25.37,73.8,1.5,0.3710701056057802
013L783186,21.37,73.7,1.1,0.37105491878693647
013M783346,20.42,94.2,2.6,0.371029558125874
013M781151,23.25,86.7,2.6,0.37100063304150144
023I783385,26.27,97.5,1.2,0.37099266788989055
023I781246,18.09,116.5,1.6,0.3709721438943181
014D781293,20.79,52,1.8,0.3709562446974992
023J783276,23.72,96.3,1,0.3709283082847564
014D781248,18.85,58.5,2.5,0.3708326510950891
013M783140,17.4,88.5,2,0.37079877613439766
023I781177,17.88,57.6,0.6,0.3707575071712726
013M781448,22.16,77.5,1,0.3707332628496519
013M781433,24.48,80.1,2.4,0.3707110788231874
013M783245,16.34,83.6,2.2,0.37070190666716807
013M781094,13.36,65.8,1.6,0.3706895641872845
023I783145,28.2,96.8,2.3,0.37068599368081134
013M783214,18.82,79.1,2.1,0.370639248500588
013M781171,18.82,57.7,2.5,0.37062908499244857
013M783357,19.25,57.1,2,0.3706241740740785
013M781438,22.84,59.6,1.6,0.3705787552842848
013L783067,17.24,91,0.9,0.3705535416191061
023J781098,17.2,73.5,2.2,0.3705476221012936
013L781012,18.6,63.2,0.5,0.37053739840671274
023I783317,18.62,80.3,2.6,0.37042486910098466
013M781012,20.05,64.1,2.1,0.37042154798267174
013L783347,17.69,79.6,0.7,0.37040807698458816
014D783086,22.49,96.8,1.8,0.37039135396365125
023I781216,13.61,73.3,1.7,0.3703420638631637
023I783116,23.98,96.9,1,0.3702812924219891
014D783430,14.26,54,1.2,0.3702797154119534
014D783308,21.13,66.6,1.7,0.37027448548155784
013M781527,17.99,58.9,2.1,0.3702626712408472
013L783269,17.93,88.1,0.7,0.37021690011571073
013L783392,24.57,79.9,2.2,0.3702117258296558
023I781278,21.96,101,1.7,0.3701630661459592
014D783019,25.19,85.4,1.2,0.3700753556671764
014D783469,21.31,61.6,1.5,0.37005679134137903
014D783571,25.75,79.2,1.4,0.3700038883434563
013M781035,16.13,87.9,1,0.3699930790309172
023J781316,13.86,57,1.2,0.36998245471393953
023I783289,16.31,67.4,1.3,0.3699043583444514
014D783635,16.54,52.8,1,0.36986890163118913
014D783059,13.99,57.1,1.5,0.36985759353235587
013L783176,21.08,64.9,1.4,0.3698050402860744
013M781444,17.41,58.1,0.7,0.36979958113616623
013M781188,17.6,78.2,2.6,0.36979756395782865
014D783395,18.32,77,2,0.3697847077650643
013L781099,18.26,57.2,0.5,0.36972414496425565
014D783437,15.68,64.9,0.9,0.36972095852247633
013L781016,20.33,93.6,1,0.3697166463294349
014D783433,19.19,52.4,1.5,0.3696940909848648
013M783482,11.77,56.3,1.6,0.36959308326526935
014D781184,18.49,55.1,2,0.3695770329772902
013M781440,23.17,87.4,1,0.369525959941652
013L783238,16.58,52.5,1.2,0.3694947515362917
023J783142,22.15,97.3,1.9,0.36949055116531065
013L783196,16.67,87,1.9,0.36942365013634176
014D783069,17.58,66,1.1,0.3693745149889806
013M781183,18.5,71.2,1.9,0.3693735038525165
013M783398,25,76.8,1.7,0.3692524399290765
014D783652,20.03,58.9,1.1,0.36923792593259114
014D781422,24,85.2,1.1,0.36920413239668365
013M783254,16.32,67.8,1.7,0.3691535224618314
013M781406,23.44,84.5,1.4,0.3690688834964147
014D781023,25.64,97.9,2.5,0.36903436032036663
014D781412,17.32,49.4,1.6,0.36902839147255967
013L783237,12.99,78,1.3,0.36902211130214724
023I783358,18.96,53,1.5,0.36897837711793297
014D783636,20.89,83.2,0.8,0.3689746028868
023I781105,26.94,107.7,1.6,0.36897421229004757
013M781178,16.87,108,1.6,0.36896272197905106
013M781243,13.31,55.7,1.6,0.36895479190272334
013L783052,18.11,81.6,0.7,0.36893083244515856
013M783129,16.14,56,2.2,0.36891388589656804
023I783292,14.82,58.3,1.6,0.3688921383224704
013M781129,27.03,87.7,1.9,0.36885116492777487
013L783383,19.69,71.8,1,0.36882575198901524
013L783366,17.4,93,0.8,0.368787678981854
013L781049,12.6,56.4,1.7,0.36874166837231376
013M781165,16.23,97.2,1.8,0.3686725972400146
014D783133,22.14,85.5,1.8,0.3686241590536727
013L781025,18.25,51.3,1,0.36859033438828726
014D781030,19.56,56,1.4,0.3685120784805735
014D783052,25.8,93.4,1.3,0.36850964927407226
013M783011,17.4,86.7,2.2,0.36849031452128556
013L783160,23.65,95.1,1.1,0.36844243197527726
013L783086,18.01,81.3,2,0.3683323285891188
023I783163,16.23,77.1,1.4,0.3682944136037429
013M781422,18.14,59.9,0.9,0.368203858963341
013M781132,19.76,80.9,2.3,0.36816017794919326
023I783211,18,53.3,1,0.36815310853285343
013M783060,19.33,88.6,1.4,0.368143762435881
013M783323,18.04,65.4,0.7,0.36813775827869727
023I781078,16.08,80.8,1,0.3681307725127416
014D783306,19.24,84.8,2.5,0.36809253902150174
013L783233,15.39,58.6,1,0.3680915656707814
023J781111,22.06,84.6,1.3,0.36806652490740094
014D783654,20.21,64,1,0.3680208655763252
013M783469,14.21,58.1,1.6,0.3680199042052
014D781419,16.85,49.2,1.3,0.3679902121012596
014D781314,18.48,55.9,2.3,0.3679456510550047
013M783366,14.46,86.1,1.7,0.36792423992259427
014D781005,19.29,89.1,1.4,0.36789876965383345
013M781543,17.8,74.4,1.5,0.36781139561943127
023I781245,17.91,49.4,1.7,0.36777645926052316
013L783348,15.6,84.3,1.1,0.3677541727125895
023J783122,19.97,66.4,1.7,0.3677530683189117
023J783100,14.19,83.8,1.6,0.3676370799105008
013L783102,17.6,97.4,1.2,0.36761534652700123
014D781414,23.44,87.2,1.6,0.36755923930007134
013M781473,19.92,88.3,1,0.367478380851831
014D783243,20.04,64.7,1.9,0.3674538746886463
013M783050,19.52,55.9,1.5,0.36745315089800373
013M781467,17.32,66,1.6,0.3674489283847907
013L783295,17.36,82.2,0.9,0.36743242419716166
013M781179,17.6,59.4,1.9,0.36739817368385985
013L781083,16.02,86.5,1.4,0.3673250419329166
013M783290,18,53.3,1.5,0.3672602740737544
023J783147,19.94,101.8,1.6,0.367257906618584
023J783171,21.84,83,1.3,0.3672311087051399
013M781130,20.77,99.5,1.9,0.3671805687761655
014D783134,18.93,71.4,1.7,0.3671369636008113
023J783137,20.73,84.2,2.4,0.36704773050764977
014D783007,19.22,88,1.1,0.3670037165275089
014D783657,24.47,82,1.5,0.36692291726124615
014D783309,16.03,74.4,1.6,0.36680914869601544
014D783002,17.73,57.5,1.2,0.36678713043280325
014D783633,17.65,52,1.6,0.36675529353110997
013M783447,15.6,78.9,1.7,0.3667215118732994
013L783089,17.1,72.9,1.6,0.36670110036594017
014D781031,24.19,78,1.6,0.36665425242682315
014D783065,19.94,84.6,1.2,0.36642734998962806
014D781065,19.62,85.6,1.1,0.36640402556289675
013L783051,18.55,71.9,1,0.3662984224815158
013M781494,15.81,69,1.7,0.36620985454161076
013M783396,16.67,61.3,1.7,0.366126900782966
013M783397,15.82,97.5,1.5,0.3661248428746263
014D783310,20.64,75.1,1.6,0.36603493396254067
013M781411,16.02,54.1,1.1,0.36598827695897207
023J781108,16.17,88.7,1.7,0.36588623638806556
023I821017,15.5,89.7,1.6,0.3656738039583951
013M781279,16.71,64.4,1.1,0.36565895163903395
013L781024,18.21,75.5,1.5,0.36563436456142084
013M781395,15.84,55.5,0.8,0.3653359451168322
013M781128,17.75,56.6,1.5,0.3652945696834875
013M781525,20.33,75.2,1.6,0.3650601250577443
013M781300,16.8,88.7,1.8,0.3648930705127495
013M783311,19.24,64.5,1.5,0.3647407433525839
014D783315,18.33,60.1,1.8,0.36457956639969696
023I781114,17.13,87.6,1.5,0.3645332325966215
013M783317,18.01,79.2,1.1,0.36436614597671424
013M783480,17.64,58.7,1.1,0.3641668560961748
013M781526,16.96,64.8,1.3,0.364136189383575
013M781523,16.58,53.9,1.7,0.36413083064011226
023J781240,18.21,56.7,1,0.3637285777754549
023J781107,18.97,98.4,1.7,0.3635319192478438
013L783087,18.29,84.5,1.4,0.3632472493684555
013L783373,16.61,80.6,1.7,0.3631148015922101
013M783196,16.95,56.2,1.7,0.3626973079624044
013M783479,16.89,80.1,1.3,0.3625186455914625
023I783274,15.79,84.1,1.7,0.3621379419293038
023I783270,15.95,63.9,1.6,0.3621131827024855
013M781436,18.46,78.7,1.3,0.3621033761146108
023J783182,19.46,85.6,1.7,0.36203719893442093
